{
"type": "FeatureCollection",
"name": "water",
"crs": { "type": "name", "properties": { "name": "urn:ogc:def:crs:OGC:1.3:CRS84" } },
"features": [
{"type":"Feature","properties":{"DN":1},"geometry":{"type":"Polygon","coordinates":[[[126.729333333333329,35.0745],[126.729333333333329,35.074333333333328],[126.729416666666665,35.074333333333328],[126.729416666666665,35.074166666666663],[126.7295,35.074166666666663],[126.7295,35.074083333333334],[126.729583333333338,35.074083333333334],[126.729583333333338,35.074166666666663],[126.72966666666666,35.074166666666663],[126.72966666666666,35.074333333333328],[126.7295,35.074333333333328],[126.7295,35.074416666666664],[126.729416666666665,35.074416666666664],[126.729416666666665,35.0745],[126.729333333333329,35.0745]]]}},
{"type":"Feature","properties":{"DN":1},"geometry":{"type":"Polygon","coordinates":[[[126.779833333333329,35.072833333333328],[126.779833333333329,35.07275],[126.779166666666669,35.07275],[126.779166666666669,35.072666666666663],[126.778833333333324,35.072666666666663],[126.778833333333324,35.072583333333334],[126.778666666666666,35.072583333333334],[126.778666666666666,35.0725],[126.7785,35.0725],[126.7785,35.072583333333334],[126.778416666666658,35.072583333333334],[126.778416666666658,35.0725],[126.77825,35.0725],[126.77825,35.072416666666662],[126.778083333333328,35.072416666666662],[126.778083333333328,35.072333333333333],[126.777666666666661,35.072333333333333],[126.777666666666661,35.07225],[126.7775,35.07225],[126.7775,35.072166666666668],[126.777166666666659,35.072166666666668],[126.777166666666659,35.072083333333332],[126.777083333333337,35.072083333333332],[126.777083333333337,35.072],[126.776833333333329,35.072],[126.776833333333329,35.071916666666667],[126.77675,35.071916666666667],[126.77675,35.071833333333331],[126.776666666666671,35.071833333333331],[126.776666666666671,35.07175],[126.776166666666668,35.07175],[126.776166666666668,35.07125],[126.776333333333326,35.07125],[126.776333333333326,35.070583333333332],[126.776416666666663,35.070583333333332],[126.776416666666663,35.07],[126.776583333333335,35.07],[126.776583333333335,35.069166666666668],[126.776666666666671,35.069166666666668],[126.776666666666671,35.069333333333333],[126.776916666666665,35.069333333333333],[126.776916666666665,35.069416666666662],[126.777083333333337,35.069416666666662],[126.777083333333337,35.0695],[126.77725,35.0695],[126.77725,35.069666666666663],[126.777583333333325,35.069666666666663],[126.777583333333325,35.06975],[126.777666666666661,35.06975],[126.777666666666661,35.069833333333328],[126.777833333333334,35.069833333333328],[126.777833333333334,35.069916666666664],[126.778,35.069916666666664],[126.778,35.07],[126.77825,35.07],[126.77825,35.070083333333329],[126.778333333333336,35.070083333333329],[126.778333333333336,35.070166666666665],[126.778666666666666,35.070166666666665],[126.778666666666666,35.07025],[126.77875,35.07025],[126.77875,35.070416666666667],[126.77891666666666,35.070416666666667],[126.77891666666666,35.0705],[126.779083333333332,35.0705],[126.779083333333332,35.070583333333332],[126.77925,35.070583333333332],[126.77925,35.070666666666668],[126.779416666666663,35.070666666666668],[126.779416666666663,35.07075],[126.779666666666671,35.07075],[126.779666666666671,35.070833333333333],[126.78,35.070833333333333],[126.78,35.072833333333328],[126.779833333333329,35.072833333333328]]]}},
{"type":"Feature","properties":{"DN":1},"geometry":{"type":"Polygon","coordinates":[[[126.762916666666669,35.068416666666664],[126.762916666666669,35.06825],[126.763083333333327,35.06825],[126.763083333333327,35.068333333333335],[126.763166666666663,35.068333333333335],[126.763166666666663,35.068416666666664],[126.762916666666669,35.068416666666664]]]}},
{"type":"Feature","properties":{"DN":1},"geometry":{"type":"Polygon","coordinates":[[[126.763333333333335,35.068416666666664],[126.763333333333335,35.06825],[126.76325,35.06825],[126.76325,35.068],[126.7635,35.068],[126.7635,35.067916666666662],[126.763666666666666,35.067916666666662],[126.763666666666666,35.067833333333333],[126.76391666666666,35.067833333333333],[126.76391666666666,35.06775],[126.764166666666668,35.06775],[126.764166666666668,35.067833333333333],[126.764333333333326,35.067833333333333],[126.764333333333326,35.068083333333334],[126.764166666666668,35.068083333333334],[126.764166666666668,35.068],[126.764,35.068],[126.764,35.068166666666663],[126.763833333333338,35.068166666666663],[126.763833333333338,35.068083333333334],[126.76375,35.068083333333334],[126.76375,35.06825],[126.76358333333333,35.06825],[126.76358333333333,35.068416666666664],[126.763333333333335,35.068416666666664]]]}},
{"type":"Feature","properties":{"DN":1},"geometry":{"type":"Polygon","coordinates":[[[126.764333333333326,35.067833333333333],[126.764333333333326,35.06775],[126.764416666666662,35.06775],[126.764416666666662,35.067833333333333],[126.764333333333326,35.067833333333333]]]}},
{"type":"Feature","properties":{"DN":1},"geometry":{"type":"Polygon","coordinates":[[[126.71041666666666,35.068916666666667],[126.71041666666666,35.06883333333333],[126.710333333333338,35.06883333333333],[126.710333333333338,35.06875],[126.710166666666666,35.06875],[126.710166666666666,35.068583333333329],[126.71008333333333,35.068583333333329],[126.71008333333333,35.068333333333335],[126.71,35.068333333333335],[126.71,35.06825],[126.709916666666658,35.06825],[126.709916666666658,35.068166666666663],[126.709833333333336,35.068166666666663],[126.709833333333336,35.068083333333334],[126.70975,35.068083333333334],[126.70975,35.067583333333332],[126.709833333333336,35.067583333333332],[126.709833333333336,35.0675],[126.71008333333333,35.0675],[126.71008333333333,35.067416666666666],[126.710333333333338,35.067416666666666],[126.710333333333338,35.06733333333333],[126.71041666666666,35.06733333333333],[126.71041666666666,35.06725],[126.7105,35.06725],[126.7105,35.067166666666665],[126.710583333333332,35.067166666666665],[126.710583333333332,35.06725],[126.710666666666668,35.06725],[126.710666666666668,35.067583333333332],[126.7105,35.067583333333332],[126.7105,35.06775],[126.71041666666666,35.06775],[126.71041666666666,35.067833333333333],[126.71025,35.067833333333333],[126.71025,35.067916666666662],[126.710333333333338,35.067916666666662],[126.710333333333338,35.068],[126.71041666666666,35.068],[126.71041666666666,35.068083333333334],[126.710583333333332,35.068083333333334],[126.710583333333332,35.068],[126.71075,35.068],[126.71075,35.067916666666662],[126.710833333333326,35.067916666666662],[126.710833333333326,35.067833333333333],[126.711083333333335,35.067833333333333],[126.711083333333335,35.067916666666662],[126.711166666666671,35.067916666666662],[126.711166666666671,35.068166666666663],[126.71125,35.068166666666663],[126.71125,35.06825],[126.711333333333329,35.06825],[126.711333333333329,35.068333333333335],[126.7115,35.068333333333335],[126.7115,35.068416666666664],[126.711666666666659,35.068416666666664],[126.711666666666659,35.068333333333335],[126.712083333333325,35.068333333333335],[126.712083333333325,35.06825],[126.712,35.06825],[126.712,35.068166666666663],[126.712166666666661,35.068166666666663],[126.712166666666661,35.067833333333333],[126.712083333333325,35.067833333333333],[126.712083333333325,35.06775],[126.71225,35.06775],[126.71225,35.0675],[126.7125,35.0675],[126.7125,35.067583333333332],[126.712583333333328,35.067583333333332],[126.712583333333328,35.067666666666668],[126.7125,35.067666666666668],[126.7125,35.067916666666662],[126.712583333333328,35.067916666666662],[126.712583333333328,35.068416666666664],[126.7125,35.068416666666664],[126.7125,35.0685],[126.712,35.0685],[126.712,35.068583333333329],[126.711916666666667,35.068583333333329],[126.711916666666667,35.068666666666665],[126.711833333333331,35.068666666666665],[126.711833333333331,35.068583333333329],[126.71175,35.068583333333329],[126.71175,35.0685],[126.711666666666659,35.0685],[126.711666666666659,35.068583333333329],[126.711166666666671,35.068583333333329],[126.711166666666671,35.068666666666665],[126.710916666666662,35.068666666666665],[126.710916666666662,35.06875],[126.710833333333326,35.06875],[126.710833333333326,35.06883333333333],[126.71075,35.06883333333333],[126.71075,35.06875],[126.710666666666668,35.06875],[126.710666666666668,35.06883333333333],[126.710583333333332,35.06883333333333],[126.710583333333332,35.068916666666667],[126.71041666666666,35.068916666666667]]]}},
{"type":"Feature","properties":{"DN":1},"geometry":{"type":"Polygon","coordinates":[[[126.711166666666671,35.067666666666668],[126.711166666666671,35.06725],[126.711333333333329,35.06725],[126.711333333333329,35.067166666666665],[126.71125,35.067166666666665],[126.71125,35.067083333333329],[126.711083333333335,35.067083333333329],[126.711083333333335,35.067166666666665],[126.710833333333326,35.067166666666665],[126.710833333333326,35.066916666666664],[126.711166666666671,35.066916666666664],[126.711166666666671,35.066833333333335],[126.711333333333329,35.066833333333335],[126.711333333333329,35.06675],[126.711416666666665,35.06675],[126.711416666666665,35.066666666666663],[126.7115,35.066666666666663],[126.7115,35.066583333333334],[126.711666666666659,35.066583333333334],[126.711666666666659,35.0665],[126.71175,35.0665],[126.71175,35.066416666666662],[126.712,35.066416666666662],[126.712,35.0665],[126.712083333333325,35.0665],[126.712083333333325,35.066583333333334],[126.71225,35.066583333333334],[126.71225,35.066666666666663],[126.712333333333333,35.066666666666663],[126.712333333333333,35.06675],[126.71241666666667,35.06675],[126.71241666666667,35.066833333333335],[126.7125,35.066833333333335],[126.7125,35.066916666666664],[126.712583333333328,35.066916666666664],[126.712583333333328,35.067],[126.7125,35.067],[126.7125,35.067083333333329],[126.712333333333333,35.067083333333329],[126.712333333333333,35.067],[126.712166666666661,35.067],[126.712166666666661,35.067083333333329],[126.712083333333325,35.067083333333329],[126.712083333333325,35.06733333333333],[126.711833333333331,35.06733333333333],[126.711833333333331,35.067416666666666],[126.712,35.067416666666666],[126.712,35.0675],[126.711916666666667,35.0675],[126.711916666666667,35.067583333333332],[126.711833333333331,35.067583333333332],[126.711833333333331,35.067666666666668],[126.711166666666671,35.067666666666668]],[[126.712,35.066833333333335],[126.712083333333325,35.066833333333335],[126.712083333333325,35.06675],[126.712,35.06675],[126.712,35.066833333333335]]]}},
{"type":"Feature","properties":{"DN":1},"geometry":{"type":"Polygon","coordinates":[[[126.69083333333333,35.067083333333329],[126.69083333333333,35.067],[126.6905,35.067],[126.6905,35.066833333333335],[126.690416666666664,35.066833333333335],[126.690416666666664,35.06675],[126.69025,35.06675],[126.69025,35.0665],[126.69016666666667,35.0665],[126.69016666666667,35.066166666666668],[126.69025,35.066166666666668],[126.69025,35.066083333333331],[126.690416666666664,35.066083333333331],[126.690416666666664,35.066166666666668],[126.6905,35.066166666666668],[126.6905,35.06625],[126.690583333333336,35.06625],[126.690583333333336,35.066333333333333],[126.69075,35.066333333333333],[126.69075,35.066416666666662],[126.69083333333333,35.066416666666662],[126.69083333333333,35.0665],[126.690916666666666,35.0665],[126.690916666666666,35.066666666666663],[126.691083333333324,35.066666666666663],[126.691083333333324,35.06675],[126.690916666666666,35.06675],[126.690916666666666,35.066916666666664],[126.691,35.066916666666664],[126.691,35.067],[126.690916666666666,35.067],[126.690916666666666,35.067083333333329],[126.69083333333333,35.067083333333329]]]}},
{"type":"Feature","properties":{"DN":1},"geometry":{"type":"Polygon","coordinates":[[[126.759166666666658,35.069],[126.759166666666658,35.068916666666667],[126.759,35.068916666666667],[126.759,35.06883333333333],[126.75875,35.06883333333333],[126.75875,35.068916666666667],[126.7585,35.068916666666667],[126.7585,35.06883333333333],[126.75775,35.06883333333333],[126.75775,35.06875],[126.75725,35.06875],[126.75725,35.068666666666665],[126.756833333333333,35.068666666666665],[126.756833333333333,35.068583333333329],[126.75675,35.068583333333329],[126.75675,35.068416666666664],[126.7565,35.068416666666664],[126.7565,35.068333333333335],[126.756416666666667,35.068333333333335],[126.756416666666667,35.06825],[126.75633333333333,35.06825],[126.75633333333333,35.068166666666663],[126.75625,35.068166666666663],[126.75625,35.06825],[126.756166666666658,35.06825],[126.756166666666658,35.068166666666663],[126.755916666666664,35.068166666666663],[126.755916666666664,35.068083333333334],[126.755833333333328,35.068083333333334],[126.755833333333328,35.068],[126.755583333333334,35.068],[126.755583333333334,35.067916666666662],[126.7555,35.067916666666662],[126.7555,35.06775],[126.755416666666662,35.06775],[126.755416666666662,35.067666666666668],[126.755083333333332,35.067666666666668],[126.755083333333332,35.067583333333332],[126.754916666666659,35.067583333333332],[126.754916666666659,35.0675],[126.754833333333337,35.0675],[126.754833333333337,35.067416666666666],[126.75475,35.067416666666666],[126.75475,35.06733333333333],[126.754666666666665,35.06733333333333],[126.754666666666665,35.06725],[126.754333333333335,35.06725],[126.754333333333335,35.067166666666665],[126.75425,35.067166666666665],[126.75425,35.067083333333329],[126.754083333333327,35.067083333333329],[126.754083333333327,35.067],[126.754,35.067],[126.754,35.066916666666664],[126.753916666666669,35.066916666666664],[126.753916666666669,35.066833333333335],[126.75375,35.066833333333335],[126.75375,35.066583333333334],[126.75366666666666,35.066583333333334],[126.75366666666666,35.0665],[126.753416666666666,35.0665],[126.753416666666666,35.06625],[126.75333333333333,35.06625],[126.75333333333333,35.066166666666668],[126.75325,35.066166666666668],[126.75325,35.06583333333333],[126.753166666666658,35.06583333333333],[126.753166666666658,35.06575],[126.753083333333336,35.06575],[126.753083333333336,35.065666666666665],[126.753,35.065666666666665],[126.753,35.065416666666664],[126.753083333333336,35.065416666666664],[126.753083333333336,35.065166666666663],[126.753166666666658,35.065166666666663],[126.753166666666658,35.0645],[126.753416666666666,35.0645],[126.753416666666666,35.064583333333331],[126.7535,35.064583333333331],[126.7535,35.064666666666668],[126.753583333333324,35.064666666666668],[126.753583333333324,35.06475],[126.7535,35.06475],[126.7535,35.065],[126.753416666666666,35.065],[126.753416666666666,35.0655],[126.7535,35.0655],[126.7535,35.065583333333329],[126.753583333333324,35.065583333333329],[126.753583333333324,35.06575],[126.75366666666666,35.06575],[126.75366666666666,35.066083333333331],[126.75375,35.066083333333331],[126.75375,35.06625],[126.754,35.06625],[126.754,35.066333333333333],[126.754083333333327,35.066333333333333],[126.754083333333327,35.066416666666662],[126.75425,35.066416666666662],[126.75425,35.0665],[126.754416666666671,35.0665],[126.754416666666671,35.066583333333334],[126.7545,35.066583333333334],[126.7545,35.066666666666663],[126.75475,35.066666666666663],[126.75475,35.06675],[126.754833333333337,35.06675],[126.754833333333337,35.066916666666664],[126.755083333333332,35.066916666666664],[126.755083333333332,35.067],[126.755166666666668,35.067],[126.755166666666668,35.067083333333329],[126.755333333333326,35.067083333333329],[126.755333333333326,35.067166666666665],[126.7555,35.067166666666665],[126.7555,35.06725],[126.755583333333334,35.06725],[126.755583333333334,35.06733333333333],[126.755833333333328,35.06733333333333],[126.755833333333328,35.067416666666666],[126.755916666666664,35.067416666666666],[126.755916666666664,35.0675],[126.756166666666658,35.0675],[126.756166666666658,35.067583333333332],[126.75625,35.067583333333332],[126.75625,35.067666666666668],[126.75633333333333,35.067666666666668],[126.75633333333333,35.06775],[126.756583333333325,35.06775],[126.756583333333325,35.067833333333333],[126.756833333333333,35.067833333333333],[126.756833333333333,35.067916666666662],[126.756916666666669,35.067916666666662],[126.756916666666669,35.068],[126.757166666666663,35.068],[126.757166666666663,35.068083333333334],[126.757333333333335,35.068083333333334],[126.757333333333335,35.068166666666663],[126.757666666666665,35.068166666666663],[126.757666666666665,35.06825],[126.758083333333332,35.06825],[126.758083333333332,35.068333333333335],[126.758333333333326,35.068333333333335],[126.758333333333326,35.068416666666664],[126.759083333333336,35.068416666666664],[126.759083333333336,35.0685],[126.760166666666663,35.0685],[126.760166666666663,35.068583333333329],[126.76091666666666,35.068583333333329],[126.76091666666666,35.0685],[126.76125,35.0685],[126.76125,35.068416666666664],[126.761583333333334,35.068416666666664],[126.761583333333334,35.068333333333335],[126.762333333333331,35.068333333333335],[126.762333333333331,35.06825],[126.76275,35.06825],[126.76275,35.068333333333335],[126.762833333333333,35.068333333333335],[126.762833333333333,35.068416666666664],[126.762916666666669,35.068416666666664],[126.762916666666669,35.0685],[126.762833333333333,35.0685],[126.762833333333333,35.068583333333329],[126.762666666666661,35.068583333333329],[126.762666666666661,35.068666666666665],[126.762583333333325,35.068666666666665],[126.762583333333325,35.06875],[126.762416666666667,35.06875],[126.762416666666667,35.068666666666665],[126.762333333333331,35.068666666666665],[126.762333333333331,35.06883333333333],[126.762166666666658,35.06883333333333],[126.762166666666658,35.068916666666667],[126.761166666666668,35.068916666666667],[126.761166666666668,35.06883333333333],[126.761,35.06883333333333],[126.761,35.068916666666667],[126.76091666666666,35.068916666666667],[126.76091666666666,35.06883333333333],[126.760833333333338,35.06883333333333],[126.760833333333338,35.069],[126.760083333333327,35.069],[126.760083333333327,35.068916666666667],[126.75925,35.068916666666667],[126.75925,35.069],[126.759166666666658,35.069]],[[126.760416666666671,35.068916666666667],[126.7605,35.068916666666667],[126.7605,35.06883333333333],[126.760416666666671,35.06883333333333],[126.760416666666671,35.068916666666667]],[[126.76025,35.06883333333333],[126.760416666666671,35.06883333333333],[126.760416666666671,35.06875],[126.76025,35.06875],[126.76025,35.06883333333333]],[[126.761333333333326,35.06883333333333],[126.761416666666662,35.06883333333333],[126.761416666666662,35.06875],[126.761333333333326,35.06875],[126.761333333333326,35.06883333333333]],[[126.762,35.06883333333333],[126.762083333333337,35.06883333333333],[126.762083333333337,35.06875],[126.762,35.06875],[126.762,35.06883333333333]],[[126.762166666666658,35.068583333333329],[126.76225,35.068583333333329],[126.76225,35.0685],[126.762166666666658,35.0685],[126.762166666666658,35.068583333333329]]]}},
{"type":"Feature","properties":{"DN":1},"geometry":{"type":"Polygon","coordinates":[[[126.754083333333327,35.064],[126.754083333333327,35.063916666666664],[126.753833333333333,35.063916666666664],[126.753833333333333,35.063833333333335],[126.753916666666669,35.063833333333335],[126.753916666666669,35.06375],[126.754,35.06375],[126.754,35.063833333333335],[126.754083333333327,35.063833333333335],[126.754083333333327,35.063583333333334],[126.75425,35.063583333333334],[126.75425,35.063333333333333],[126.754416666666671,35.063333333333333],[126.754416666666671,35.06325],[126.7545,35.06325],[126.7545,35.063166666666667],[126.754583333333329,35.063166666666667],[126.754583333333329,35.063083333333331],[126.75475,35.063083333333331],[126.75475,35.063],[126.754833333333337,35.063],[126.754833333333337,35.062916666666666],[126.754916666666659,35.062916666666666],[126.754916666666659,35.06275],[126.755083333333332,35.06275],[126.755083333333332,35.062583333333329],[126.755166666666668,35.062583333333329],[126.755166666666668,35.0625],[126.75525,35.0625],[126.75525,35.062166666666663],[126.755416666666662,35.062166666666663],[126.755416666666662,35.061833333333333],[126.7555,35.061833333333333],[126.7555,35.06175],[126.75566666666667,35.06175],[126.75566666666667,35.061666666666667],[126.75575,35.061666666666667],[126.75575,35.061583333333331],[126.75633333333333,35.061583333333331],[126.75633333333333,35.061666666666667],[126.756416666666667,35.061666666666667],[126.756416666666667,35.06175],[126.7565,35.06175],[126.7565,35.062166666666663],[126.756416666666667,35.062166666666663],[126.756416666666667,35.06225],[126.75625,35.06225],[126.75625,35.0625],[126.756166666666658,35.0625],[126.756166666666658,35.062666666666665],[126.756083333333336,35.062666666666665],[126.756083333333336,35.06275],[126.755916666666664,35.06275],[126.755916666666664,35.062916666666666],[126.755833333333328,35.062916666666666],[126.755833333333328,35.063],[126.75575,35.063],[126.75575,35.062916666666666],[126.75566666666667,35.062916666666666],[126.75566666666667,35.063],[126.755583333333334,35.063],[126.755583333333334,35.063083333333331],[126.7555,35.063083333333331],[126.7555,35.063166666666667],[126.755416666666662,35.063166666666667],[126.755416666666662,35.063083333333331],[126.755333333333326,35.063083333333331],[126.755333333333326,35.063166666666667],[126.75525,35.063166666666667],[126.75525,35.06325],[126.755166666666668,35.06325],[126.755166666666668,35.063333333333333],[126.754916666666659,35.063333333333333],[126.754916666666659,35.063416666666662],[126.754833333333337,35.063416666666662],[126.754833333333337,35.063583333333334],[126.754666666666665,35.063583333333334],[126.754666666666665,35.063666666666663],[126.754583333333329,35.063666666666663],[126.754583333333329,35.06375],[126.7545,35.06375],[126.7545,35.063833333333335],[126.75425,35.063833333333335],[126.75425,35.064],[126.754083333333327,35.064]],[[126.755416666666662,35.062333333333335],[126.7555,35.062333333333335],[126.7555,35.06225],[126.755416666666662,35.06225],[126.755416666666662,35.062333333333335]]]}},
{"type":"Feature","properties":{"DN":1},"geometry":{"type":"Polygon","coordinates":[[[126.71825,35.059416666666664],[126.71825,35.059333333333335],[126.718,35.059333333333335],[126.718,35.059166666666663],[126.718083333333325,35.059166666666663],[126.718083333333325,35.05925],[126.71841666666667,35.05925],[126.71841666666667,35.059166666666663],[126.718666666666664,35.059166666666663],[126.718666666666664,35.05925],[126.7185,35.05925],[126.7185,35.059416666666664],[126.71825,35.059416666666664]]]}},
{"type":"Feature","properties":{"DN":1},"geometry":{"type":"Polygon","coordinates":[[[126.717083333333335,35.059083333333334],[126.717083333333335,35.058916666666669],[126.717166666666671,35.058916666666669],[126.717166666666671,35.059083333333334],[126.717083333333335,35.059083333333334]]]}},
{"type":"Feature","properties":{"DN":1},"geometry":{"type":"Polygon","coordinates":[[[126.717916666666667,35.059],[126.717916666666667,35.058833333333332],[126.718,35.058833333333332],[126.718,35.059],[126.717916666666667,35.059]]]}},
{"type":"Feature","properties":{"DN":1},"geometry":{"type":"Polygon","coordinates":[[[126.717416666666665,35.058416666666666],[126.717416666666665,35.05833333333333],[126.71725,35.05833333333333],[126.71725,35.058166666666665],[126.717833333333331,35.058166666666665],[126.717833333333331,35.05825],[126.717666666666659,35.05825],[126.717666666666659,35.05833333333333],[126.7175,35.05833333333333],[126.7175,35.058416666666666],[126.717416666666665,35.058416666666666]]]}},
{"type":"Feature","properties":{"DN":1},"geometry":{"type":"Polygon","coordinates":[[[126.718583333333328,35.059083333333334],[126.718583333333328,35.059],[126.7185,35.059],[126.7185,35.058916666666669],[126.718583333333328,35.058916666666669],[126.718583333333328,35.05875],[126.718666666666664,35.05875],[126.718666666666664,35.058583333333331],[126.718583333333328,35.058583333333331],[126.718583333333328,35.05833333333333],[126.718333333333334,35.05833333333333],[126.718333333333334,35.058166666666665],[126.718583333333328,35.058166666666665],[126.718583333333328,35.05825],[126.718666666666664,35.05825],[126.718666666666664,35.05833333333333],[126.718916666666658,35.05833333333333],[126.718916666666658,35.058416666666666],[126.719,35.058416666666666],[126.719,35.05875],[126.718833333333336,35.05875],[126.718833333333336,35.058916666666669],[126.71875,35.058916666666669],[126.71875,35.059083333333334],[126.718583333333328,35.059083333333334]]]}},
{"type":"Feature","properties":{"DN":1},"geometry":{"type":"Polygon","coordinates":[[[126.754083333333327,35.056916666666666],[126.754083333333327,35.05683333333333],[126.754166666666663,35.05683333333333],[126.754166666666663,35.056916666666666],[126.754083333333327,35.056916666666666]]]}},
{"type":"Feature","properties":{"DN":1},"geometry":{"type":"Polygon","coordinates":[[[126.7675,35.056666666666665],[126.7675,35.056583333333329],[126.767416666666662,35.056583333333329],[126.767416666666662,35.0565],[126.7675,35.0565],[126.7675,35.056333333333335],[126.76766666666667,35.056333333333335],[126.76766666666667,35.056416666666664],[126.76775,35.056416666666664],[126.76775,35.056583333333329],[126.767583333333334,35.056583333333329],[126.767583333333334,35.056666666666665],[126.7675,35.056666666666665]]]}},
{"type":"Feature","properties":{"DN":1},"geometry":{"type":"Polygon","coordinates":[[[126.72241666666666,35.057416666666668],[126.72241666666666,35.057333333333332],[126.722333333333324,35.057333333333332],[126.722333333333324,35.05725],[126.722166666666666,35.05725],[126.722166666666666,35.057166666666667],[126.722,35.057166666666667],[126.722,35.056416666666664],[126.72208333333333,35.056416666666664],[126.72208333333333,35.056333333333335],[126.72225,35.056333333333335],[126.72225,35.056083333333333],[126.722166666666666,35.056083333333333],[126.722166666666666,35.05625],[126.722,35.05625],[126.722,35.056166666666662],[126.721916666666658,35.056166666666662],[126.721916666666658,35.056083333333333],[126.72175,35.056083333333333],[126.72175,35.056],[126.721666666666664,35.056],[126.721666666666664,35.055916666666668],[126.721583333333328,35.055916666666668],[126.721583333333328,35.055833333333332],[126.7215,35.055833333333332],[126.7215,35.05575],[126.72141666666667,35.05575],[126.72141666666667,35.055666666666667],[126.721166666666662,35.055666666666667],[126.721166666666662,35.0555],[126.7215,35.0555],[126.7215,35.055583333333331],[126.721583333333328,35.055583333333331],[126.721583333333328,35.055666666666667],[126.721666666666664,35.055666666666667],[126.721666666666664,35.05575],[126.72175,35.05575],[126.72175,35.055833333333332],[126.7225,35.055833333333332],[126.7225,35.05575],[126.722583333333333,35.05575],[126.722583333333333,35.055666666666667],[126.722666666666669,35.055666666666667],[126.722666666666669,35.055583333333331],[126.722833333333327,35.055583333333331],[126.722833333333327,35.055666666666667],[126.722916666666663,35.055666666666667],[126.722916666666663,35.05575],[126.723083333333335,35.05575],[126.723083333333335,35.057333333333332],[126.72275,35.057333333333332],[126.72275,35.057416666666668],[126.72241666666666,35.057416666666668]],[[126.722333333333324,35.056083333333333],[126.72241666666666,35.056083333333333],[126.72241666666666,35.056],[126.722333333333324,35.056],[126.722333333333324,35.056083333333333]]]}},
{"type":"Feature","properties":{"DN":1},"geometry":{"type":"Polygon","coordinates":[[[126.754833333333337,35.053916666666666],[126.754833333333337,35.05383333333333],[126.754916666666659,35.05383333333333],[126.754916666666659,35.053916666666666],[126.754833333333337,35.053916666666666]]]}},
{"type":"Feature","properties":{"DN":1},"geometry":{"type":"Polygon","coordinates":[[[126.754416666666671,35.05375],[126.754416666666671,35.053666666666665],[126.7545,35.053666666666665],[126.7545,35.05375],[126.754416666666671,35.05375]]]}},
{"type":"Feature","properties":{"DN":1},"geometry":{"type":"Polygon","coordinates":[[[126.755,35.05383333333333],[126.755,35.053583333333329],[126.755083333333332,35.053583333333329],[126.755083333333332,35.05383333333333],[126.755,35.05383333333333]]]}},
{"type":"Feature","properties":{"DN":1},"geometry":{"type":"Polygon","coordinates":[[[126.755416666666662,35.0535],[126.755416666666662,35.053416666666664],[126.755333333333326,35.053416666666664],[126.755333333333326,35.053333333333335],[126.755583333333334,35.053333333333335],[126.755583333333334,35.053416666666664],[126.75566666666667,35.053416666666664],[126.75566666666667,35.0535],[126.755416666666662,35.0535]]]}},
{"type":"Feature","properties":{"DN":1},"geometry":{"type":"Polygon","coordinates":[[[126.769,35.053333333333335],[126.769,35.053166666666662],[126.769083333333327,35.053166666666662],[126.769083333333327,35.05325],[126.769166666666663,35.05325],[126.769166666666663,35.053333333333335],[126.769,35.053333333333335]]]}},
{"type":"Feature","properties":{"DN":1},"geometry":{"type":"Polygon","coordinates":[[[126.759083333333336,35.054916666666664],[126.759083333333336,35.054833333333335],[126.759,35.054833333333335],[126.759,35.05475],[126.758916666666664,35.05475],[126.758916666666664,35.054833333333335],[126.758583333333334,35.054833333333335],[126.758583333333334,35.05475],[126.75825,35.05475],[126.75825,35.054833333333335],[126.758083333333332,35.054833333333335],[126.758083333333332,35.05475],[126.7575,35.05475],[126.7575,35.054666666666662],[126.757166666666663,35.054666666666662],[126.757166666666663,35.054583333333333],[126.757,35.054583333333333],[126.757,35.0545],[126.756916666666669,35.0545],[126.756916666666669,35.054416666666668],[126.756583333333325,35.054416666666668],[126.756583333333325,35.05425],[126.75633333333333,35.05425],[126.75633333333333,35.054166666666667],[126.756083333333336,35.054166666666667],[126.756083333333336,35.054083333333331],[126.756,35.054083333333331],[126.756,35.054],[126.755916666666664,35.054],[126.755916666666664,35.054083333333331],[126.75575,35.054083333333331],[126.75575,35.054],[126.755583333333334,35.054],[126.755583333333334,35.053916666666666],[126.7555,35.053916666666666],[126.7555,35.054],[126.755416666666662,35.054],[126.755416666666662,35.053916666666666],[126.75525,35.053916666666666],[126.75525,35.05383333333333],[126.755166666666668,35.05383333333333],[126.755166666666668,35.05375],[126.755333333333326,35.05375],[126.755333333333326,35.053666666666665],[126.75566666666667,35.053666666666665],[126.75566666666667,35.05375],[126.756083333333336,35.05375],[126.756083333333336,35.05383333333333],[126.75625,35.05383333333333],[126.75625,35.05375],[126.75633333333333,35.05375],[126.75633333333333,35.05383333333333],[126.756416666666667,35.05383333333333],[126.756416666666667,35.053916666666666],[126.7565,35.053916666666666],[126.7565,35.054],[126.756416666666667,35.054],[126.756416666666667,35.054083333333331],[126.756666666666661,35.054083333333331],[126.756666666666661,35.054],[126.75675,35.054],[126.75675,35.053916666666666],[126.756833333333333,35.053916666666666],[126.756833333333333,35.054],[126.757083333333327,35.054],[126.757083333333327,35.05383333333333],[126.757333333333335,35.05383333333333],[126.757333333333335,35.053916666666666],[126.7575,35.053916666666666],[126.7575,35.054],[126.75775,35.054],[126.75775,35.054083333333331],[126.75825,35.054083333333331],[126.75825,35.054],[126.758416666666662,35.054],[126.758416666666662,35.054083333333331],[126.761333333333326,35.054083333333331],[126.761333333333326,35.054],[126.762,35.054],[126.762,35.054083333333331],[126.762333333333331,35.054083333333331],[126.762333333333331,35.054166666666667],[126.763,35.054166666666667],[126.763,35.054083333333331],[126.763166666666663,35.054083333333331],[126.763166666666663,35.054],[126.763666666666666,35.054],[126.763666666666666,35.053916666666666],[126.76375,35.053916666666666],[126.76375,35.054],[126.76391666666666,35.054],[126.76391666666666,35.053916666666666],[126.764416666666662,35.053916666666666],[126.764416666666662,35.05383333333333],[126.764916666666664,35.05383333333333],[126.764916666666664,35.05375],[126.7655,35.05375],[126.7655,35.053666666666665],[126.765833333333333,35.053666666666665],[126.765833333333333,35.053583333333329],[126.76691666666666,35.053583333333329],[126.76691666666666,35.0535],[126.767,35.0535],[126.767,35.053416666666664],[126.767333333333326,35.053416666666664],[126.767333333333326,35.053333333333335],[126.767833333333328,35.053333333333335],[126.767833333333328,35.05325],[126.768166666666659,35.05325],[126.768166666666659,35.053166666666662],[126.768333333333331,35.053166666666662],[126.768333333333331,35.053083333333333],[126.768833333333333,35.053083333333333],[126.768833333333333,35.053583333333329],[126.768666666666661,35.053583333333329],[126.768666666666661,35.053666666666665],[126.768583333333325,35.053666666666665],[126.768583333333325,35.053583333333329],[126.768166666666659,35.053583333333329],[126.768166666666659,35.053666666666665],[126.767333333333326,35.053666666666665],[126.767333333333326,35.05383333333333],[126.76725,35.05383333333333],[126.76725,35.053916666666666],[126.767083333333332,35.053916666666666],[126.767083333333332,35.05383333333333],[126.767,35.05383333333333],[126.767,35.053916666666666],[126.76658333333333,35.053916666666666],[126.76658333333333,35.054],[126.76625,35.054],[126.76625,35.054083333333331],[126.766,35.054083333333331],[126.766,35.054166666666667],[126.765833333333333,35.054166666666667],[126.765833333333333,35.05425],[126.765666666666661,35.05425],[126.765666666666661,35.054333333333332],[126.765333333333331,35.054333333333332],[126.765333333333331,35.054416666666668],[126.76525,35.054416666666668],[126.76525,35.0545],[126.765166666666659,35.0545],[126.765166666666659,35.054416666666668],[126.765,35.054416666666668],[126.765,35.0545],[126.7645,35.0545],[126.7645,35.054583333333333],[126.764166666666668,35.054583333333333],[126.764166666666668,35.054666666666662],[126.764083333333332,35.054666666666662],[126.764083333333332,35.054583333333333],[126.76358333333333,35.054583333333333],[126.76358333333333,35.054666666666662],[126.762333333333331,35.054666666666662],[126.762333333333331,35.05475],[126.760833333333338,35.05475],[126.760833333333338,35.054833333333335],[126.759583333333325,35.054833333333335],[126.759583333333325,35.054916666666664],[126.759083333333336,35.054916666666664]]]}},
{"type":"Feature","properties":{"DN":1},"geometry":{"type":"Polygon","coordinates":[[[126.754,35.052833333333332],[126.754,35.05275],[126.754083333333327,35.05275],[126.754083333333327,35.052833333333332],[126.754,35.052833333333332]]]}},
{"type":"Feature","properties":{"DN":1},"geometry":{"type":"Polygon","coordinates":[[[126.741833333333332,35.05275],[126.741833333333332,35.052666666666667],[126.741916666666668,35.052666666666667],[126.741916666666668,35.05275],[126.741833333333332,35.05275]]]}},
{"type":"Feature","properties":{"DN":1},"geometry":{"type":"Polygon","coordinates":[[[126.77,35.05375],[126.77,35.053666666666665],[126.76991666666666,35.053666666666665],[126.76991666666666,35.0535],[126.769833333333338,35.0535],[126.769833333333338,35.053416666666664],[126.76975,35.053416666666664],[126.76975,35.053333333333335],[126.769666666666666,35.053333333333335],[126.769666666666666,35.053],[126.7695,35.053],[126.7695,35.052833333333332],[126.76958333333333,35.052833333333332],[126.76958333333333,35.052666666666667],[126.769666666666666,35.052666666666667],[126.769666666666666,35.052583333333331],[126.76991666666666,35.052583333333331],[126.76991666666666,35.0525],[126.7705,35.0525],[126.7705,35.052416666666666],[126.770833333333329,35.052416666666666],[126.770833333333329,35.05233333333333],[126.771583333333325,35.05233333333333],[126.771583333333325,35.05225],[126.773083333333332,35.05225],[126.773083333333332,35.052166666666665],[126.773166666666668,35.052166666666665],[126.773166666666668,35.05225],[126.7735,35.05225],[126.7735,35.05233333333333],[126.774166666666659,35.05233333333333],[126.774166666666659,35.05225],[126.77425,35.05225],[126.77425,35.05233333333333],[126.774833333333333,35.05233333333333],[126.774833333333333,35.05225],[126.775166666666664,35.05225],[126.775166666666664,35.052166666666665],[126.775416666666658,35.052166666666665],[126.775416666666658,35.052083333333329],[126.77575,35.052083333333329],[126.77575,35.052166666666665],[126.775833333333324,35.052166666666665],[126.775833333333324,35.053166666666662],[126.77575,35.053166666666662],[126.77575,35.05325],[126.775666666666666,35.05325],[126.775666666666666,35.053166666666662],[126.775333333333336,35.053166666666662],[126.775333333333336,35.053083333333333],[126.775166666666664,35.053083333333333],[126.775166666666664,35.053166666666662],[126.775083333333328,35.053166666666662],[126.775083333333328,35.05325],[126.775,35.05325],[126.775,35.053166666666662],[126.77475,35.053166666666662],[126.77475,35.05325],[126.774666666666661,35.05325],[126.774666666666661,35.053166666666662],[126.7745,35.053166666666662],[126.7745,35.05325],[126.774416666666667,35.05325],[126.774416666666667,35.053166666666662],[126.77425,35.053166666666662],[126.77425,35.05325],[126.774166666666659,35.05325],[126.774166666666659,35.053166666666662],[126.774083333333337,35.053166666666662],[126.774083333333337,35.053083333333333],[126.7735,35.053083333333333],[126.7735,35.053166666666662],[126.773416666666662,35.053166666666662],[126.773416666666662,35.05325],[126.773333333333326,35.05325],[126.773333333333326,35.053166666666662],[126.773,35.053166666666662],[126.773,35.053083333333333],[126.772833333333338,35.053083333333333],[126.772833333333338,35.053166666666662],[126.772416666666658,35.053166666666662],[126.772416666666658,35.05325],[126.772333333333336,35.05325],[126.772333333333336,35.053166666666662],[126.772166666666664,35.053166666666662],[126.772166666666664,35.05325],[126.772,35.05325],[126.772,35.053166666666662],[126.771833333333333,35.053166666666662],[126.771833333333333,35.05325],[126.771416666666667,35.05325],[126.771416666666667,35.053166666666662],[126.771333333333331,35.053166666666662],[126.771333333333331,35.053333333333335],[126.771083333333337,35.053333333333335],[126.771083333333337,35.05325],[126.770916666666665,35.05325],[126.770916666666665,35.053416666666664],[126.77075,35.053416666666664],[126.77075,35.0535],[126.770583333333335,35.0535],[126.770583333333335,35.053583333333329],[126.770416666666662,35.053583333333329],[126.770416666666662,35.053666666666665],[126.770333333333326,35.053666666666665],[126.770333333333326,35.05375],[126.77,35.05375]],[[126.76975,35.05325],[126.76991666666666,35.05325],[126.76991666666666,35.053083333333333],[126.76975,35.053083333333333],[126.76975,35.05325]]]}},
{"type":"Feature","properties":{"DN":1},"geometry":{"type":"Polygon","coordinates":[[[126.776,35.053166666666662],[126.776,35.053083333333333],[126.776083333333332,35.053083333333333],[126.776083333333332,35.052833333333332],[126.776166666666668,35.052833333333332],[126.776166666666668,35.052083333333329],[126.776333333333326,35.052083333333329],[126.776333333333326,35.052166666666665],[126.776416666666663,35.052166666666665],[126.776416666666663,35.052],[126.776583333333335,35.052],[126.776583333333335,35.051916666666664],[126.776833333333329,35.051916666666664],[126.776833333333329,35.052],[126.776916666666665,35.052],[126.776916666666665,35.05225],[126.776833333333329,35.05225],[126.776833333333329,35.05233333333333],[126.77675,35.05233333333333],[126.77675,35.052416666666666],[126.776583333333335,35.052416666666666],[126.776583333333335,35.0525],[126.7765,35.0525],[126.7765,35.052833333333332],[126.776416666666663,35.052833333333332],[126.776416666666663,35.052916666666668],[126.77625,35.052916666666668],[126.77625,35.053],[126.776166666666668,35.053],[126.776166666666668,35.053166666666662],[126.776,35.053166666666662]]]}},
{"type":"Feature","properties":{"DN":1},"geometry":{"type":"Polygon","coordinates":[[[126.77725,35.052],[126.77725,35.051833333333335],[126.777333333333331,35.051833333333335],[126.777333333333331,35.052],[126.77725,35.052]]]}},
{"type":"Feature","properties":{"DN":1},"geometry":{"type":"Polygon","coordinates":[[[126.779916666666665,35.05175],[126.779916666666665,35.0515],[126.78,35.0515],[126.78,35.05175],[126.779916666666665,35.05175]]]}},
{"type":"Feature","properties":{"DN":1},"geometry":{"type":"Polygon","coordinates":[[[126.779166666666669,35.051583333333333],[126.779166666666669,35.0515],[126.77925,35.0515],[126.77925,35.051583333333333],[126.779166666666669,35.051583333333333]]]}},
{"type":"Feature","properties":{"DN":1},"geometry":{"type":"Polygon","coordinates":[[[126.779333333333327,35.051583333333333],[126.779333333333327,35.0515],[126.7795,35.0515],[126.7795,35.051416666666668],[126.779583333333335,35.051416666666668],[126.779583333333335,35.051583333333333],[126.779333333333327,35.051583333333333]]]}},
{"type":"Feature","properties":{"DN":1},"geometry":{"type":"Polygon","coordinates":[[[126.74166666666666,35.051416666666668],[126.74166666666666,35.051083333333331],[126.74175,35.051083333333331],[126.74175,35.051166666666667],[126.741833333333332,35.051166666666667],[126.741833333333332,35.05125],[126.741916666666668,35.05125],[126.741916666666668,35.051416666666668],[126.74166666666666,35.051416666666668]]]}},
{"type":"Feature","properties":{"DN":1},"geometry":{"type":"Polygon","coordinates":[[[126.741916666666668,35.051083333333331],[126.741916666666668,35.051],[126.742,35.051],[126.742,35.051083333333331],[126.741916666666668,35.051083333333331]]]}},
{"type":"Feature","properties":{"DN":1},"geometry":{"type":"Polygon","coordinates":[[[126.741583333333338,35.051083333333331],[126.741583333333338,35.05075],[126.74166666666666,35.05075],[126.74166666666666,35.051083333333331],[126.741583333333338,35.051083333333331]]]}},
{"type":"Feature","properties":{"DN":1},"geometry":{"type":"Polygon","coordinates":[[[126.731083333333331,35.051],[126.731083333333331,35.05075],[126.731166666666667,35.05075],[126.731166666666667,35.05083333333333],[126.73125,35.05083333333333],[126.73125,35.050916666666666],[126.731166666666667,35.050916666666666],[126.731166666666667,35.051],[126.731083333333331,35.051]]]}},
{"type":"Feature","properties":{"DN":1},"geometry":{"type":"Polygon","coordinates":[[[126.741,35.050166666666662],[126.741,35.050083333333333],[126.741166666666658,35.050083333333333],[126.741166666666658,35.050166666666662],[126.741,35.050166666666662]]]}},
{"type":"Feature","properties":{"DN":1},"geometry":{"type":"Polygon","coordinates":[[[126.731583333333333,35.050666666666665],[126.731583333333333,35.050416666666663],[126.73175,35.050416666666663],[126.73175,35.050333333333334],[126.731833333333327,35.050333333333334],[126.731833333333327,35.05],[126.73175,35.05],[126.73175,35.049916666666668],[126.731666666666669,35.049916666666668],[126.731666666666669,35.049833333333332],[126.731583333333333,35.049833333333332],[126.731583333333333,35.04975],[126.73175,35.04975],[126.73175,35.0495],[126.731833333333327,35.0495],[126.731833333333327,35.04925],[126.732,35.04925],[126.732,35.049083333333328],[126.732083333333335,35.049083333333328],[126.732083333333335,35.049],[126.73233333333333,35.049],[126.73233333333333,35.049083333333328],[126.732583333333338,35.049083333333328],[126.732583333333338,35.049166666666665],[126.73266666666666,35.049166666666665],[126.73266666666666,35.04925],[126.73275,35.04925],[126.73275,35.04933333333333],[126.732833333333332,35.04933333333333],[126.732833333333332,35.049666666666667],[126.73275,35.049666666666667],[126.73275,35.05],[126.732583333333338,35.05],[126.732583333333338,35.050083333333333],[126.7325,35.050083333333333],[126.7325,35.050166666666662],[126.732416666666666,35.050166666666662],[126.732416666666666,35.05025],[126.73225,35.05025],[126.73225,35.050333333333334],[126.732166666666657,35.050333333333334],[126.732166666666657,35.0505],[126.732,35.0505],[126.732,35.050583333333329],[126.731916666666663,35.050583333333329],[126.731916666666663,35.050666666666665],[126.731583333333333,35.050666666666665]]]}},
{"type":"Feature","properties":{"DN":1},"geometry":{"type":"Polygon","coordinates":[[[126.740833333333327,35.048916666666663],[126.740833333333327,35.04875],[126.741,35.04875],[126.741,35.048916666666663],[126.740833333333327,35.048916666666663]]]}},
{"type":"Feature","properties":{"DN":1},"geometry":{"type":"Polygon","coordinates":[[[126.69383333333333,35.0415],[126.69383333333333,35.041083333333333],[126.693916666666667,35.041083333333333],[126.693916666666667,35.040916666666668],[126.694083333333325,35.040916666666668],[126.694083333333325,35.04075],[126.694166666666661,35.04075],[126.694166666666661,35.040583333333331],[126.69425,35.040583333333331],[126.69425,35.0405],[126.694333333333333,35.0405],[126.694333333333333,35.040583333333331],[126.694416666666669,35.040583333333331],[126.694416666666669,35.040666666666667],[126.6945,35.040666666666667],[126.6945,35.04075],[126.694583333333327,35.04075],[126.694583333333327,35.041],[126.6945,35.041],[126.6945,35.041166666666662],[126.694333333333333,35.041166666666662],[126.694333333333333,35.04125],[126.69425,35.04125],[126.69425,35.041333333333334],[126.694166666666661,35.041333333333334],[126.694166666666661,35.041416666666663],[126.693916666666667,35.041416666666663],[126.693916666666667,35.0415],[126.69383333333333,35.0415]]]}},
{"type":"Feature","properties":{"DN":1},"geometry":{"type":"Polygon","coordinates":[[[126.720833333333331,35.041083333333333],[126.720833333333331,35.041],[126.72075,35.041],[126.72075,35.040916666666668],[126.720583333333337,35.040916666666668],[126.720583333333337,35.040416666666665],[126.7205,35.040416666666665],[126.7205,35.040333333333329],[126.720416666666665,35.040333333333329],[126.720416666666665,35.04025],[126.72025,35.04025],[126.72025,35.040083333333328],[126.720416666666665,35.040083333333328],[126.720416666666665,35.039916666666663],[126.7205,35.039916666666663],[126.7205,35.04],[126.720666666666659,35.04],[126.720666666666659,35.040083333333328],[126.72075,35.040083333333328],[126.72075,35.040166666666664],[126.720833333333331,35.040166666666664],[126.720833333333331,35.04025],[126.720916666666668,35.04025],[126.720916666666668,35.040333333333329],[126.721166666666662,35.040333333333329],[126.721166666666662,35.0405],[126.72125,35.0405],[126.72125,35.041],[126.720916666666668,35.041],[126.720916666666668,35.041083333333333],[126.720833333333331,35.041083333333333]]]}},
{"type":"Feature","properties":{"DN":1},"geometry":{"type":"Polygon","coordinates":[[[126.730666666666664,35.038833333333329],[126.730666666666664,35.03875],[126.73075,35.03875],[126.73075,35.038583333333328],[126.730833333333337,35.038583333333328],[126.730833333333337,35.038666666666664],[126.731,35.038666666666664],[126.731,35.03875],[126.730916666666658,35.03875],[126.730916666666658,35.038833333333329],[126.730666666666664,35.038833333333329]]]}},
{"type":"Feature","properties":{"DN":1},"geometry":{"type":"Polygon","coordinates":[[[126.730666666666664,35.03825],[126.730666666666664,35.038166666666662],[126.73075,35.038166666666662],[126.73075,35.03825],[126.730666666666664,35.03825]]]}},
{"type":"Feature","properties":{"DN":1},"geometry":{"type":"Polygon","coordinates":[[[126.775666666666666,35.071583333333329],[126.775666666666666,35.0715],[126.7755,35.0715],[126.7755,35.071416666666664],[126.775166666666664,35.071416666666664],[126.775166666666664,35.071333333333328],[126.77491666666667,35.071333333333328],[126.77491666666667,35.07125],[126.77475,35.07125],[126.77475,35.071166666666663],[126.774583333333325,35.071166666666663],[126.774583333333325,35.071083333333334],[126.774166666666659,35.071083333333334],[126.774166666666659,35.071],[126.773916666666665,35.071],[126.773916666666665,35.070916666666662],[126.773833333333329,35.070916666666662],[126.773833333333329,35.071],[126.77375,35.071],[126.77375,35.070916666666662],[126.773583333333335,35.070916666666662],[126.773583333333335,35.070833333333333],[126.77325,35.070833333333333],[126.77325,35.07075],[126.773,35.07075],[126.773,35.070666666666668],[126.772833333333338,35.070666666666668],[126.772833333333338,35.070583333333332],[126.77275,35.070583333333332],[126.77275,35.070666666666668],[126.772666666666666,35.070666666666668],[126.772666666666666,35.0705],[126.77225,35.0705],[126.77225,35.070583333333332],[126.772083333333327,35.070583333333332],[126.772083333333327,35.07075],[126.772,35.07075],[126.772,35.070666666666668],[126.771583333333325,35.070666666666668],[126.771583333333325,35.07075],[126.7715,35.07075],[126.7715,35.070666666666668],[126.771416666666667,35.070666666666668],[126.771416666666667,35.070583333333332],[126.77125,35.070583333333332],[126.77125,35.0705],[126.771083333333337,35.0705],[126.771083333333337,35.070416666666667],[126.770916666666665,35.070416666666667],[126.770916666666665,35.07033333333333],[126.770833333333329,35.07033333333333],[126.770833333333329,35.07025],[126.770583333333335,35.07025],[126.770583333333335,35.070166666666665],[126.77025,35.070166666666665],[126.77025,35.070083333333329],[126.770166666666668,35.070083333333329],[126.770166666666668,35.069916666666664],[126.77,35.069916666666664],[126.77,35.06975],[126.76991666666666,35.06975],[126.76991666666666,35.069666666666663],[126.769833333333338,35.069666666666663],[126.769833333333338,35.069583333333334],[126.769666666666666,35.069583333333334],[126.769666666666666,35.0695],[126.76958333333333,35.0695],[126.76958333333333,35.069416666666662],[126.7695,35.069416666666662],[126.7695,35.069333333333333],[126.769416666666658,35.069333333333333],[126.769416666666658,35.06925],[126.76925,35.06925],[126.76925,35.069],[126.769166666666663,35.069],[126.769166666666663,35.068916666666667],[126.769083333333327,35.068916666666667],[126.769083333333327,35.06883333333333],[126.76875,35.06883333333333],[126.76875,35.06875],[126.768666666666661,35.06875],[126.768666666666661,35.068666666666665],[126.768416666666667,35.068666666666665],[126.768416666666667,35.068583333333329],[126.768333333333331,35.068583333333329],[126.768333333333331,35.0685],[126.768166666666659,35.0685],[126.768166666666659,35.068416666666664],[126.768083333333337,35.068416666666664],[126.768083333333337,35.068333333333335],[126.768,35.068333333333335],[126.768,35.06825],[126.767916666666665,35.06825],[126.767916666666665,35.068333333333335],[126.767833333333328,35.068333333333335],[126.767833333333328,35.06825],[126.76775,35.06825],[126.76775,35.068166666666663],[126.76766666666667,35.068166666666663],[126.76766666666667,35.068083333333334],[126.767416666666662,35.068083333333334],[126.767416666666662,35.068],[126.76725,35.068],[126.76725,35.067916666666662],[126.767,35.067916666666662],[126.767,35.067833333333333],[126.766666666666666,35.067833333333333],[126.766666666666666,35.06775],[126.7665,35.06775],[126.7665,35.067666666666668],[126.766333333333336,35.067666666666668],[126.766333333333336,35.067583333333332],[126.76625,35.067583333333332],[126.76625,35.0675],[126.765916666666669,35.0675],[126.765916666666669,35.067416666666666],[126.76575,35.067416666666666],[126.76575,35.0675],[126.765666666666661,35.0675],[126.765666666666661,35.067583333333332],[126.765583333333325,35.067583333333332],[126.765583333333325,35.0675],[126.765083333333337,35.0675],[126.765083333333337,35.067416666666666],[126.764916666666664,35.067416666666666],[126.764916666666664,35.06733333333333],[126.765,35.06733333333333],[126.765,35.06725],[126.764916666666664,35.06725],[126.764916666666664,35.067083333333329],[126.765,35.067083333333329],[126.765,35.067],[126.765166666666659,35.067],[126.765166666666659,35.066833333333335],[126.76525,35.066833333333335],[126.76525,35.0665],[126.765333333333331,35.0665],[126.765333333333331,35.066333333333333],[126.765666666666661,35.066333333333333],[126.765666666666661,35.066166666666668],[126.76575,35.066166666666668],[126.76575,35.066083333333331],[126.765833333333333,35.066083333333331],[126.765833333333333,35.066],[126.76575,35.066],[126.76575,35.065916666666666],[126.765583333333325,35.065916666666666],[126.765583333333325,35.066],[126.7655,35.066],[126.7655,35.066166666666668],[126.765416666666667,35.066166666666668],[126.765416666666667,35.06625],[126.76525,35.06625],[126.76525,35.066416666666662],[126.765166666666659,35.066416666666662],[126.765166666666659,35.0665],[126.765,35.0665],[126.765,35.066583333333334],[126.764916666666664,35.066583333333334],[126.764916666666664,35.066666666666663],[126.764833333333328,35.066666666666663],[126.764833333333328,35.06675],[126.76466666666667,35.06675],[126.76466666666667,35.066916666666664],[126.764583333333334,35.066916666666664],[126.764583333333334,35.066833333333335],[126.764416666666662,35.066833333333335],[126.764416666666662,35.06675],[126.764333333333326,35.06675],[126.764333333333326,35.066666666666663],[126.764166666666668,35.066666666666663],[126.764166666666668,35.0665],[126.764083333333332,35.0665],[126.764083333333332,35.066416666666662],[126.764,35.066416666666662],[126.764,35.066333333333333],[126.764083333333332,35.066333333333333],[126.764083333333332,35.066166666666668],[126.764,35.066166666666668],[126.764,35.066083333333331],[126.76391666666666,35.066083333333331],[126.76391666666666,35.066],[126.764,35.066],[126.764,35.06583333333333],[126.76391666666666,35.06583333333333],[126.76391666666666,35.06575],[126.76375,35.06575],[126.76375,35.065666666666665],[126.763666666666666,35.065666666666665],[126.763666666666666,35.065583333333329],[126.76358333333333,35.065583333333329],[126.76358333333333,35.0655],[126.763416666666657,35.0655],[126.763416666666657,35.065416666666664],[126.763333333333335,35.065416666666664],[126.763333333333335,35.065333333333335],[126.76325,35.065333333333335],[126.76325,35.06525],[126.763166666666663,35.06525],[126.763166666666663,35.065166666666663],[126.763083333333327,35.065166666666663],[126.763083333333327,35.065],[126.763,35.065],[126.763,35.064916666666662],[126.762916666666669,35.064916666666662],[126.762916666666669,35.064833333333333],[126.762833333333333,35.064833333333333],[126.762833333333333,35.06475],[126.762583333333325,35.06475],[126.762583333333325,35.064666666666668],[126.7625,35.064666666666668],[126.7625,35.064583333333331],[126.762416666666667,35.064583333333331],[126.762416666666667,35.0645],[126.76225,35.0645],[126.76225,35.064416666666666],[126.762166666666658,35.064416666666666],[126.762166666666658,35.06433333333333],[126.762083333333337,35.06433333333333],[126.762083333333337,35.06425],[126.761916666666664,35.06425],[126.761916666666664,35.064166666666665],[126.761833333333328,35.064166666666665],[126.761833333333328,35.064083333333329],[126.76175,35.064083333333329],[126.76175,35.064],[126.76166666666667,35.064],[126.76166666666667,35.063916666666664],[126.7615,35.063916666666664],[126.7615,35.063833333333335],[126.761416666666662,35.063833333333335],[126.761416666666662,35.06375],[126.761333333333326,35.06375],[126.761333333333326,35.063666666666663],[126.761166666666668,35.063666666666663],[126.761166666666668,35.063583333333334],[126.761083333333332,35.063583333333334],[126.761083333333332,35.0635],[126.761,35.0635],[126.761,35.063416666666662],[126.76091666666666,35.063416666666662],[126.76091666666666,35.063333333333333],[126.760833333333338,35.063333333333333],[126.760833333333338,35.06325],[126.76075,35.06325],[126.76075,35.063166666666667],[126.760666666666665,35.063166666666667],[126.760666666666665,35.063083333333331],[126.760583333333329,35.063083333333331],[126.760583333333329,35.063],[126.760416666666671,35.063],[126.760416666666671,35.062916666666666],[126.760333333333335,35.062916666666666],[126.760333333333335,35.06283333333333],[126.760166666666663,35.06283333333333],[126.760166666666663,35.06275],[126.76,35.06275],[126.76,35.062666666666665],[126.759916666666669,35.062666666666665],[126.759916666666669,35.062583333333329],[126.759833333333333,35.062583333333329],[126.759833333333333,35.0625],[126.759666666666661,35.0625],[126.759666666666661,35.062416666666664],[126.759583333333325,35.062416666666664],[126.759583333333325,35.062333333333335],[126.759333333333331,35.062333333333335],[126.759333333333331,35.06225],[126.759083333333336,35.06225],[126.759083333333336,35.062166666666663],[126.758916666666664,35.062166666666663],[126.758916666666664,35.062083333333334],[126.758833333333328,35.062083333333334],[126.758833333333328,35.062],[126.75875,35.062],[126.75875,35.061916666666662],[126.75866666666667,35.061916666666662],[126.75866666666667,35.061833333333333],[126.758583333333334,35.061833333333333],[126.758583333333334,35.061583333333331],[126.7585,35.061583333333331],[126.7585,35.0615],[126.758416666666662,35.0615],[126.758416666666662,35.061416666666666],[126.758333333333326,35.061416666666666],[126.758333333333326,35.06133333333333],[126.758166666666668,35.06133333333333],[126.758166666666668,35.06125],[126.758083333333332,35.06125],[126.758083333333332,35.061166666666665],[126.758,35.061166666666665],[126.758,35.061083333333329],[126.75775,35.061083333333329],[126.75775,35.061],[126.757666666666665,35.061],[126.757666666666665,35.060916666666664],[126.757583333333329,35.060916666666664],[126.757583333333329,35.060833333333335],[126.757166666666663,35.060833333333335],[126.757166666666663,35.06075],[126.757083333333327,35.06075],[126.757083333333327,35.060833333333335],[126.757,35.060833333333335],[126.757,35.06075],[126.756916666666669,35.06075],[126.756916666666669,35.060666666666663],[126.75675,35.060666666666663],[126.75675,35.060583333333334],[126.756583333333325,35.060583333333334],[126.756583333333325,35.060333333333332],[126.7565,35.060333333333332],[126.7565,35.060166666666667],[126.756416666666667,35.060166666666667],[126.756416666666667,35.060083333333331],[126.75633333333333,35.060083333333331],[126.75633333333333,35.05975],[126.75625,35.05975],[126.75625,35.0595],[126.756166666666658,35.0595],[126.756166666666658,35.059416666666664],[126.756083333333336,35.059416666666664],[126.756083333333336,35.059333333333335],[126.756166666666658,35.059333333333335],[126.756166666666658,35.059083333333334],[126.756083333333336,35.059083333333334],[126.756083333333336,35.059],[126.756,35.059],[126.756,35.05875],[126.755833333333328,35.05875],[126.755833333333328,35.058666666666667],[126.75575,35.058666666666667],[126.75575,35.0585],[126.755583333333334,35.0585],[126.755583333333334,35.058416666666666],[126.7555,35.058416666666666],[126.7555,35.058166666666665],[126.755333333333326,35.058166666666665],[126.755333333333326,35.058083333333329],[126.75525,35.058083333333329],[126.75525,35.058],[126.755166666666668,35.058],[126.755166666666668,35.057916666666664],[126.755083333333332,35.057916666666664],[126.755083333333332,35.057833333333335],[126.755,35.057833333333335],[126.755,35.05775],[126.754916666666659,35.05775],[126.754916666666659,35.057666666666663],[126.754833333333337,35.057666666666663],[126.754833333333337,35.057583333333334],[126.75475,35.057583333333334],[126.75475,35.0575],[126.754666666666665,35.0575],[126.754666666666665,35.057416666666668],[126.754583333333329,35.057416666666668],[126.754583333333329,35.057333333333332],[126.7545,35.057333333333332],[126.7545,35.05725],[126.754333333333335,35.05725],[126.754333333333335,35.057166666666667],[126.7545,35.057166666666667],[126.7545,35.057083333333331],[126.754416666666671,35.057083333333331],[126.754416666666671,35.057],[126.754333333333335,35.057],[126.754333333333335,35.056916666666666],[126.75425,35.056916666666666],[126.75425,35.05683333333333],[126.754166666666663,35.05683333333333],[126.754166666666663,35.05675],[126.753916666666669,35.05675],[126.753916666666669,35.056666666666665],[126.75375,35.056666666666665],[126.75375,35.056583333333329],[126.753583333333324,35.056583333333329],[126.753583333333324,35.0565],[126.7535,35.0565],[126.7535,35.056416666666664],[126.753416666666666,35.056416666666664],[126.753416666666666,35.056333333333335],[126.7535,35.056333333333335],[126.7535,35.05625],[126.753416666666666,35.05625],[126.753416666666666,35.056166666666662],[126.75333333333333,35.056166666666662],[126.75333333333333,35.056083333333333],[126.75325,35.056083333333333],[126.75325,35.056166666666662],[126.753166666666658,35.056166666666662],[126.753166666666658,35.056083333333333],[126.753083333333336,35.056083333333333],[126.753083333333336,35.056],[126.753,35.056],[126.753,35.055916666666668],[126.752833333333328,35.055916666666668],[126.752833333333328,35.05575],[126.75275,35.05575],[126.75275,35.055666666666667],[126.752583333333334,35.055666666666667],[126.752583333333334,35.055583333333331],[126.7525,35.055583333333331],[126.7525,35.055416666666666],[126.752416666666662,35.055416666666666],[126.752416666666662,35.05525],[126.752333333333326,35.05525],[126.752333333333326,35.055166666666665],[126.75225,35.055166666666665],[126.75225,35.055083333333329],[126.752166666666668,35.055083333333329],[126.752166666666668,35.054916666666664],[126.752083333333331,35.054916666666664],[126.752083333333331,35.054833333333335],[126.752,35.054833333333335],[126.752,35.05475],[126.751916666666659,35.05475],[126.751916666666659,35.054583333333333],[126.751833333333337,35.054583333333333],[126.751833333333337,35.0545],[126.751666666666665,35.0545],[126.751666666666665,35.054416666666668],[126.751583333333329,35.054416666666668],[126.751583333333329,35.05425],[126.7515,35.05425],[126.7515,35.054166666666667],[126.751333333333335,35.054166666666667],[126.751333333333335,35.054083333333331],[126.75125,35.054083333333331],[126.75125,35.054],[126.751166666666663,35.054],[126.751166666666663,35.053916666666666],[126.751083333333327,35.053916666666666],[126.751083333333327,35.05383333333333],[126.750916666666669,35.05383333333333],[126.750916666666669,35.053666666666665],[126.750833333333333,35.053666666666665],[126.750833333333333,35.053583333333329],[126.75075,35.053583333333329],[126.75075,35.0535],[126.75066666666666,35.0535],[126.75066666666666,35.05325],[126.7505,35.05325],[126.7505,35.053166666666662],[126.750416666666666,35.053166666666662],[126.750416666666666,35.053083333333333],[126.75033333333333,35.053083333333333],[126.75033333333333,35.053],[126.750166666666658,35.053],[126.750166666666658,35.052916666666668],[126.750083333333336,35.052916666666668],[126.750083333333336,35.052833333333332],[126.75,35.052833333333332],[126.75,35.05275],[126.749916666666664,35.05275],[126.749916666666664,35.052666666666667],[126.74975,35.052666666666667],[126.74975,35.0525],[126.74966666666667,35.0525],[126.74966666666667,35.052416666666666],[126.749583333333334,35.052416666666666],[126.749583333333334,35.05233333333333],[126.749416666666662,35.05233333333333],[126.749416666666662,35.05225],[126.749333333333325,35.05225],[126.749333333333325,35.052166666666665],[126.74925,35.052166666666665],[126.74925,35.052083333333329],[126.749,35.052083333333329],[126.749,35.052],[126.748916666666659,35.052],[126.748916666666659,35.051916666666664],[126.748833333333337,35.051916666666664],[126.748833333333337,35.051833333333335],[126.748583333333329,35.051833333333335],[126.748583333333329,35.051666666666662],[126.7485,35.051666666666662],[126.7485,35.051583333333333],[126.748416666666671,35.051583333333333],[126.748416666666671,35.0515],[126.74825,35.0515],[126.74825,35.051416666666668],[126.748166666666663,35.051416666666668],[126.748166666666663,35.051333333333332],[126.747833333333332,35.051333333333332],[126.747833333333332,35.05125],[126.74775,35.05125],[126.74775,35.051083333333331],[126.747583333333324,35.051083333333331],[126.747583333333324,35.051],[126.7475,35.051],[126.7475,35.05083333333333],[126.747416666666666,35.05083333333333],[126.747416666666666,35.05075],[126.74725,35.05075],[126.74725,35.05083333333333],[126.747166666666658,35.05083333333333],[126.747166666666658,35.05075],[126.747083333333336,35.05075],[126.747083333333336,35.050666666666665],[126.747,35.050666666666665],[126.747,35.050583333333329],[126.74675,35.050583333333329],[126.74675,35.0505],[126.74666666666667,35.0505],[126.74666666666667,35.050416666666663],[126.746583333333334,35.050416666666663],[126.746583333333334,35.050333333333334],[126.746416666666661,35.050333333333334],[126.746416666666661,35.050166666666662],[126.74625,35.050166666666662],[126.74625,35.050083333333333],[126.746166666666667,35.050083333333333],[126.746166666666667,35.05],[126.746083333333331,35.05],[126.746083333333331,35.049916666666668],[126.746,35.049916666666668],[126.746,35.049833333333332],[126.745916666666659,35.049833333333332],[126.745916666666659,35.04975],[126.745833333333337,35.04975],[126.745833333333337,35.049666666666667],[126.745583333333329,35.049666666666667],[126.745583333333329,35.049583333333331],[126.7455,35.049583333333331],[126.7455,35.0495],[126.745333333333335,35.0495],[126.745333333333335,35.049416666666666],[126.745166666666663,35.049416666666666],[126.745166666666663,35.04933333333333],[126.745,35.04933333333333],[126.745,35.049166666666665],[126.744916666666668,35.049166666666665],[126.744916666666668,35.049083333333328],[126.744833333333332,35.049083333333328],[126.744833333333332,35.049],[126.7445,35.049],[126.7445,35.048916666666663],[126.74425,35.048916666666663],[126.74425,35.048833333333334],[126.744166666666658,35.048833333333334],[126.744166666666658,35.048916666666663],[126.744083333333336,35.048916666666663],[126.744083333333336,35.048833333333334],[126.743833333333328,35.048833333333334],[126.743833333333328,35.04875],[126.74366666666667,35.04875],[126.74366666666667,35.048666666666662],[126.743416666666661,35.048666666666662],[126.743416666666661,35.048583333333333],[126.74325,35.048583333333333],[126.74325,35.0485],[126.743166666666667,35.0485],[126.743166666666667,35.048416666666668],[126.743,35.048416666666668],[126.743,35.048333333333332],[126.742666666666665,35.048333333333332],[126.742666666666665,35.04825],[126.742333333333335,35.04825],[126.742333333333335,35.048166666666667],[126.74225,35.048166666666667],[126.74225,35.048083333333331],[126.742166666666662,35.048083333333331],[126.742166666666662,35.048166666666667],[126.742083333333326,35.048166666666667],[126.742083333333326,35.048083333333331],[126.742,35.048083333333331],[126.742,35.048],[126.741083333333336,35.048],[126.741083333333336,35.047916666666666],[126.741,35.047916666666666],[126.741,35.04783333333333],[126.740916666666664,35.04783333333333],[126.740916666666664,35.04775],[126.740833333333327,35.04775],[126.740833333333327,35.047666666666665],[126.74075,35.047666666666665],[126.74075,35.04775],[126.740666666666669,35.04775],[126.740666666666669,35.047666666666665],[126.740583333333333,35.047666666666665],[126.740583333333333,35.047583333333328],[126.7405,35.047583333333328],[126.7405,35.0475],[126.740416666666661,35.0475],[126.740416666666661,35.047416666666663],[126.74025,35.047416666666663],[126.74025,35.047333333333334],[126.740166666666667,35.047333333333334],[126.740166666666667,35.047416666666663],[126.740083333333331,35.047416666666663],[126.740083333333331,35.047333333333334],[126.739916666666659,35.047333333333334],[126.739916666666659,35.04725],[126.739833333333337,35.04725],[126.739833333333337,35.047166666666662],[126.739666666666665,35.047166666666662],[126.739666666666665,35.047083333333333],[126.739583333333329,35.047083333333333],[126.739583333333329,35.047],[126.739416666666671,35.047],[126.739416666666671,35.046916666666668],[126.739083333333326,35.046916666666668],[126.739083333333326,35.046833333333332],[126.739,35.046833333333332],[126.739,35.046666666666667],[126.738916666666668,35.046666666666667],[126.738916666666668,35.04675],[126.73875,35.04675],[126.73875,35.046666666666667],[126.738833333333332,35.046666666666667],[126.738833333333332,35.046583333333331],[126.73875,35.046583333333331],[126.73875,35.0465],[126.73866666666666,35.0465],[126.73866666666666,35.046416666666666],[126.7385,35.046416666666666],[126.7385,35.0465],[126.738416666666666,35.0465],[126.738416666666666,35.04633333333333],[126.73833333333333,35.04633333333333],[126.73833333333333,35.04625],[126.73825,35.04625],[126.73825,35.046083333333328],[126.738166666666658,35.046083333333328],[126.738166666666658,35.046166666666664],[126.738,35.046166666666664],[126.738,35.046083333333328],[126.737916666666663,35.046083333333328],[126.737916666666663,35.046],[126.73775,35.046],[126.73775,35.045916666666663],[126.737666666666669,35.045916666666663],[126.737666666666669,35.04575],[126.737583333333333,35.04575],[126.737583333333333,35.045666666666662],[126.7375,35.045666666666662],[126.7375,35.045583333333333],[126.737333333333325,35.045583333333333],[126.737333333333325,35.045416666666668],[126.73725,35.045416666666668],[126.73725,35.045333333333332],[126.737166666666667,35.045333333333332],[126.737166666666667,35.04525],[126.737,35.04525],[126.737,35.045166666666667],[126.736916666666659,35.045166666666667],[126.736916666666659,35.045],[126.736833333333337,35.045],[126.736833333333337,35.044916666666666],[126.736583333333328,35.044916666666666],[126.736583333333328,35.04483333333333],[126.7365,35.04483333333333],[126.7365,35.04475],[126.73641666666667,35.04475],[126.73641666666667,35.044666666666664],[126.736333333333334,35.044666666666664],[126.736333333333334,35.044583333333328],[126.73625,35.044583333333328],[126.73625,35.0445],[126.736166666666662,35.0445],[126.736166666666662,35.044333333333334],[126.736083333333326,35.044333333333334],[126.736083333333326,35.04425],[126.736,35.04425],[126.736,35.044166666666662],[126.735833333333332,35.044166666666662],[126.735833333333332,35.044083333333333],[126.73575,35.044083333333333],[126.73575,35.044],[126.73566666666666,35.044],[126.73566666666666,35.043916666666668],[126.7355,35.043916666666668],[126.7355,35.043833333333332],[126.735416666666666,35.043833333333332],[126.735416666666666,35.043666666666667],[126.73533333333333,35.043666666666667],[126.73533333333333,35.043583333333331],[126.73525,35.043583333333331],[126.73525,35.0435],[126.735083333333336,35.0435],[126.735083333333336,35.043333333333329],[126.735,35.043333333333329],[126.735,35.04325],[126.734916666666663,35.04325],[126.734916666666663,35.043166666666664],[126.734833333333327,35.043166666666664],[126.734833333333327,35.043083333333328],[126.734666666666669,35.043083333333328],[126.734666666666669,35.04275],[126.734583333333333,35.04275],[126.734583333333333,35.042583333333333],[126.7345,35.042583333333333],[126.7345,35.0425],[126.734333333333325,35.0425],[126.734333333333325,35.042416666666668],[126.73425,35.042416666666668],[126.73425,35.04225],[126.734166666666667,35.04225],[126.734166666666667,35.042083333333331],[126.734083333333331,35.042083333333331],[126.734083333333331,35.042],[126.733916666666659,35.042],[126.733916666666659,35.041916666666665],[126.734,35.041916666666665],[126.734,35.041833333333329],[126.733916666666659,35.041833333333329],[126.733916666666659,35.041666666666664],[126.733833333333337,35.041666666666664],[126.733833333333337,35.041416666666663],[126.73375,35.041416666666663],[126.73375,35.04125],[126.733666666666664,35.04125],[126.733666666666664,35.041166666666662],[126.733583333333328,35.041166666666662],[126.733583333333328,35.041083333333333],[126.7335,35.041083333333333],[126.7335,35.040833333333332],[126.73341666666667,35.040833333333332],[126.73341666666667,35.040583333333331],[126.733333333333334,35.040583333333331],[126.733333333333334,35.040416666666665],[126.73325,35.040416666666665],[126.73325,35.04025],[126.733083333333326,35.04025],[126.733083333333326,35.040083333333328],[126.733,35.040083333333328],[126.733,35.039666666666662],[126.732916666666668,35.039666666666662],[126.732916666666668,35.0395],[126.732833333333332,35.0395],[126.732833333333332,35.039416666666668],[126.73266666666666,35.039416666666668],[126.73266666666666,35.039333333333332],[126.73275,35.039333333333332],[126.73275,35.039166666666667],[126.73266666666666,35.039166666666667],[126.73266666666666,35.039],[126.732583333333338,35.039],[126.732583333333338,35.038833333333329],[126.7325,35.038833333333329],[126.7325,35.038666666666664],[126.732583333333338,35.038666666666664],[126.732583333333338,35.038333333333334],[126.7325,35.038333333333334],[126.7325,35.037916666666668],[126.732416666666666,35.037916666666668],[126.732416666666666,35.037833333333332],[126.7325,35.037833333333332],[126.7325,35.03758333333333],[126.732416666666666,35.03758333333333],[126.732416666666666,35.0375],[126.7325,35.0375],[126.7325,35.037416666666665],[126.732583333333338,35.037416666666665],[126.732583333333338,35.037333333333329],[126.732416666666666,35.037333333333329],[126.732416666666666,35.037166666666664],[126.73233333333333,35.037166666666664],[126.73233333333333,35.037083333333335],[126.732416666666666,35.037083333333335],[126.732416666666666,35.036916666666663],[126.73233333333333,35.036916666666663],[126.73233333333333,35.036833333333334],[126.73225,35.036833333333334],[126.73225,35.036583333333333],[126.73233333333333,35.036583333333333],[126.73233333333333,35.0365],[126.73225,35.0365],[126.73225,35.036416666666668],[126.73233333333333,35.036416666666668],[126.73233333333333,35.035916666666665],[126.733,35.035916666666665],[126.733,35.035833333333329],[126.73325,35.035833333333329],[126.73325,35.035916666666665],[126.733583333333328,35.035916666666665],[126.733583333333328,35.035833333333329],[126.733666666666664,35.035833333333329],[126.733666666666664,35.035916666666665],[126.733916666666659,35.035916666666665],[126.733916666666659,35.036],[126.734,35.036],[126.734,35.03608333333333],[126.734083333333331,35.03608333333333],[126.734083333333331,35.03725],[126.734166666666667,35.03725],[126.734166666666667,35.038333333333334],[126.73425,35.038333333333334],[126.73425,35.038666666666664],[126.734333333333325,35.038666666666664],[126.734333333333325,35.038833333333329],[126.734416666666661,35.038833333333329],[126.734416666666661,35.039],[126.7345,35.039],[126.7345,35.03908333333333],[126.734583333333333,35.03908333333333],[126.734583333333333,35.039333333333332],[126.734666666666669,35.039333333333332],[126.734666666666669,35.039583333333333],[126.73475,35.039583333333333],[126.73475,35.03975],[126.734833333333327,35.03975],[126.734833333333327,35.039833333333334],[126.734916666666663,35.039833333333334],[126.734916666666663,35.039916666666663],[126.735,35.039916666666663],[126.735,35.040166666666664],[126.735083333333336,35.040166666666664],[126.735083333333336,35.040416666666665],[126.735166666666657,35.040416666666665],[126.735166666666657,35.040666666666667],[126.73525,35.040666666666667],[126.73525,35.04075],[126.73533333333333,35.04075],[126.73533333333333,35.040833333333332],[126.735416666666666,35.040833333333332],[126.735416666666666,35.041],[126.7355,35.041],[126.7355,35.04125],[126.735583333333338,35.04125],[126.735583333333338,35.041416666666663],[126.73566666666666,35.041416666666663],[126.73566666666666,35.041583333333328],[126.73575,35.041583333333328],[126.73575,35.041666666666664],[126.735833333333332,35.041666666666664],[126.735833333333332,35.04175],[126.735916666666668,35.04175],[126.735916666666668,35.041916666666665],[126.736,35.041916666666665],[126.736,35.042],[126.736083333333326,35.042],[126.736083333333326,35.042083333333331],[126.736166666666662,35.042083333333331],[126.736166666666662,35.042166666666667],[126.73625,35.042166666666667],[126.73625,35.04225],[126.736333333333334,35.04225],[126.736333333333334,35.042333333333332],[126.73641666666667,35.042333333333332],[126.73641666666667,35.042583333333333],[126.736583333333328,35.042583333333333],[126.736583333333328,35.042666666666662],[126.736666666666665,35.042666666666662],[126.736666666666665,35.04275],[126.73675,35.04275],[126.73675,35.042833333333334],[126.736916666666659,35.042833333333334],[126.736916666666659,35.042916666666663],[126.737,35.042916666666663],[126.737,35.043083333333328],[126.737083333333331,35.043083333333328],[126.737083333333331,35.043166666666664],[126.737166666666667,35.043166666666664],[126.737166666666667,35.04325],[126.73725,35.04325],[126.73725,35.043416666666666],[126.737333333333325,35.043416666666666],[126.737333333333325,35.0435],[126.737416666666661,35.0435],[126.737416666666661,35.043583333333331],[126.7375,35.043583333333331],[126.7375,35.043666666666667],[126.737666666666669,35.043666666666667],[126.737666666666669,35.043833333333332],[126.73775,35.043833333333332],[126.73775,35.043916666666668],[126.737833333333327,35.043916666666668],[126.737833333333327,35.044],[126.737916666666663,35.044],[126.737916666666663,35.044083333333333],[126.738083333333336,35.044083333333333],[126.738083333333336,35.044166666666662],[126.738166666666658,35.044166666666662],[126.738166666666658,35.044333333333334],[126.73825,35.044333333333334],[126.73825,35.0445],[126.73833333333333,35.0445],[126.73833333333333,35.044583333333328],[126.7385,35.044583333333328],[126.7385,35.044666666666664],[126.738583333333338,35.044666666666664],[126.738583333333338,35.04475],[126.73866666666666,35.04475],[126.73866666666666,35.045],[126.738833333333332,35.045],[126.738833333333332,35.045083333333331],[126.738916666666668,35.045083333333331],[126.738916666666668,35.045166666666667],[126.738833333333332,35.045166666666667],[126.738833333333332,35.04525],[126.739083333333326,35.04525],[126.739083333333326,35.045333333333332],[126.73925,35.045333333333332],[126.73925,35.045416666666668],[126.739416666666671,35.045416666666668],[126.739416666666671,35.0455],[126.739583333333329,35.0455],[126.739583333333329,35.045583333333333],[126.73975,35.045583333333333],[126.73975,35.045666666666662],[126.739916666666659,35.045666666666662],[126.739916666666659,35.04575],[126.740083333333331,35.04575],[126.740083333333331,35.045833333333334],[126.740166666666667,35.045833333333334],[126.740166666666667,35.045916666666663],[126.74025,35.045916666666663],[126.74025,35.046],[126.740333333333325,35.046],[126.740333333333325,35.046083333333328],[126.740416666666661,35.046083333333328],[126.740416666666661,35.046166666666664],[126.7405,35.046166666666664],[126.7405,35.04633333333333],[126.740583333333333,35.04633333333333],[126.740583333333333,35.046416666666666],[126.74075,35.046416666666666],[126.74075,35.0465],[126.741083333333336,35.0465],[126.741083333333336,35.046416666666666],[126.741,35.046416666666666],[126.741,35.04633333333333],[126.741166666666658,35.04633333333333],[126.741166666666658,35.046416666666666],[126.74125,35.046416666666666],[126.74125,35.0465],[126.741416666666666,35.0465],[126.741416666666666,35.046583333333331],[126.741583333333338,35.046583333333331],[126.741583333333338,35.0465],[126.74166666666666,35.0465],[126.74166666666666,35.046416666666666],[126.741833333333332,35.046416666666666],[126.741833333333332,35.0465],[126.74225,35.0465],[126.74225,35.046583333333331],[126.7425,35.046583333333331],[126.7425,35.046666666666667],[126.742916666666659,35.046666666666667],[126.742916666666659,35.04675],[126.743,35.04675],[126.743,35.046833333333332],[126.743583333333333,35.046833333333332],[126.743583333333333,35.046916666666668],[126.74366666666667,35.046916666666668],[126.74366666666667,35.047],[126.74375,35.047],[126.74375,35.047083333333333],[126.744,35.047083333333333],[126.744,35.047166666666662],[126.744083333333336,35.047166666666662],[126.744083333333336,35.04725],[126.74433333333333,35.04725],[126.74433333333333,35.047333333333334],[126.74466666666666,35.047333333333334],[126.74466666666666,35.047416666666663],[126.744833333333332,35.047416666666663],[126.744833333333332,35.0475],[126.745083333333326,35.0475],[126.745083333333326,35.047583333333328],[126.74525,35.047583333333328],[126.74525,35.0475],[126.745333333333335,35.0475],[126.745333333333335,35.047583333333328],[126.7455,35.047583333333328],[126.7455,35.047666666666665],[126.74575,35.047666666666665],[126.74575,35.04775],[126.745916666666659,35.04775],[126.745916666666659,35.04783333333333],[126.746,35.04783333333333],[126.746,35.047916666666666],[126.746083333333331,35.047916666666666],[126.746083333333331,35.048],[126.746416666666661,35.048],[126.746416666666661,35.048083333333331],[126.7465,35.048083333333331],[126.7465,35.048166666666667],[126.74675,35.048166666666667],[126.74675,35.04825],[126.746833333333328,35.04825],[126.746833333333328,35.048333333333332],[126.746916666666664,35.048333333333332],[126.746916666666664,35.048416666666668],[126.747,35.048416666666668],[126.747,35.0485],[126.747166666666658,35.0485],[126.747166666666658,35.048583333333333],[126.74733333333333,35.048583333333333],[126.74733333333333,35.048666666666662],[126.747416666666666,35.048666666666662],[126.747416666666666,35.04875],[126.7475,35.04875],[126.7475,35.048833333333334],[126.747583333333324,35.048833333333334],[126.747583333333324,35.048916666666663],[126.74766666666666,35.048916666666663],[126.74766666666666,35.049],[126.747916666666669,35.049],[126.747916666666669,35.049083333333328],[126.748,35.049083333333328],[126.748,35.049166666666665],[126.748083333333327,35.049166666666665],[126.748083333333327,35.04925],[126.74825,35.04925],[126.74825,35.04933333333333],[126.748333333333335,35.04933333333333],[126.748333333333335,35.049416666666666],[126.748416666666671,35.049416666666666],[126.748416666666671,35.0495],[126.7485,35.0495],[126.7485,35.04975],[126.748833333333337,35.04975],[126.748833333333337,35.049833333333332],[126.748916666666659,35.049833333333332],[126.748916666666659,35.049916666666668],[126.749166666666667,35.049916666666668],[126.749166666666667,35.050083333333333],[126.749416666666662,35.050083333333333],[126.749416666666662,35.050166666666662],[126.749583333333334,35.050166666666662],[126.749583333333334,35.05025],[126.749833333333328,35.05025],[126.749833333333328,35.050416666666663],[126.749916666666664,35.050416666666663],[126.749916666666664,35.0505],[126.750083333333336,35.0505],[126.750083333333336,35.050583333333329],[126.750166666666658,35.050583333333329],[126.750166666666658,35.050666666666665],[126.75025,35.050666666666665],[126.75025,35.05075],[126.75033333333333,35.05075],[126.75033333333333,35.05083333333333],[126.7505,35.05083333333333],[126.7505,35.050916666666666],[126.750583333333324,35.050916666666666],[126.750583333333324,35.051],[126.75066666666666,35.051],[126.75066666666666,35.051083333333331],[126.750833333333333,35.051083333333331],[126.750833333333333,35.051166666666667],[126.750916666666669,35.051166666666667],[126.750916666666669,35.051333333333332],[126.751,35.051333333333332],[126.751,35.0515],[126.75125,35.0515],[126.75125,35.051583333333333],[126.751333333333335,35.051583333333333],[126.751333333333335,35.051666666666662],[126.751416666666671,35.051666666666662],[126.751416666666671,35.05175],[126.751583333333329,35.05175],[126.751583333333329,35.051833333333335],[126.75175,35.051833333333335],[126.75175,35.051916666666664],[126.751833333333337,35.051916666666664],[126.751833333333337,35.052],[126.751916666666659,35.052],[126.751916666666659,35.052083333333329],[126.752,35.052083333333329],[126.752,35.052166666666665],[126.752333333333326,35.052166666666665],[126.752333333333326,35.05225],[126.752416666666662,35.05225],[126.752416666666662,35.05233333333333],[126.752583333333334,35.05233333333333],[126.752583333333334,35.05225],[126.75266666666667,35.05225],[126.75266666666667,35.05233333333333],[126.752916666666664,35.05233333333333],[126.752916666666664,35.052416666666666],[126.75325,35.052416666666666],[126.75325,35.0525],[126.753583333333324,35.0525],[126.753583333333324,35.052583333333331],[126.753833333333333,35.052583333333331],[126.753833333333333,35.052666666666667],[126.753916666666669,35.052666666666667],[126.753916666666669,35.052916666666668],[126.753833333333333,35.052916666666668],[126.753833333333333,35.053],[126.753916666666669,35.053],[126.753916666666669,35.053083333333333],[126.754,35.053083333333333],[126.754,35.053166666666662],[126.75425,35.053166666666662],[126.75425,35.053083333333333],[126.754333333333335,35.053083333333333],[126.754333333333335,35.053166666666662],[126.7545,35.053166666666662],[126.7545,35.05325],[126.754583333333329,35.05325],[126.754583333333329,35.053333333333335],[126.754833333333337,35.053333333333335],[126.754833333333337,35.0535],[126.75475,35.0535],[126.75475,35.053666666666665],[126.754666666666665,35.053666666666665],[126.754666666666665,35.053583333333329],[126.7545,35.053583333333329],[126.7545,35.0535],[126.75425,35.0535],[126.75425,35.053416666666664],[126.754,35.053416666666664],[126.754,35.053583333333329],[126.753916666666669,35.053583333333329],[126.753916666666669,35.0535],[126.753833333333333,35.0535],[126.753833333333333,35.053416666666664],[126.75366666666666,35.053416666666664],[126.75366666666666,35.0535],[126.75333333333333,35.0535],[126.75333333333333,35.053583333333329],[126.753083333333336,35.053583333333329],[126.753083333333336,35.053666666666665],[126.753,35.053666666666665],[126.753,35.05375],[126.753166666666658,35.05375],[126.753166666666658,35.05383333333333],[126.75325,35.05383333333333],[126.75325,35.054166666666667],[126.75333333333333,35.054166666666667],[126.75333333333333,35.054333333333332],[126.753416666666666,35.054333333333332],[126.753416666666666,35.054416666666668],[126.7535,35.054416666666668],[126.7535,35.054666666666662],[126.753583333333324,35.054666666666662],[126.753583333333324,35.05475],[126.75366666666666,35.05475],[126.75366666666666,35.054833333333335],[126.75375,35.054833333333335],[126.75375,35.054916666666664],[126.753833333333333,35.054916666666664],[126.753833333333333,35.055083333333329],[126.753916666666669,35.055083333333329],[126.753916666666669,35.055166666666665],[126.754,35.055166666666665],[126.754,35.05525],[126.754083333333327,35.05525],[126.754083333333327,35.05533333333333],[126.754166666666663,35.05533333333333],[126.754166666666663,35.055416666666666],[126.754333333333335,35.055416666666666],[126.754333333333335,35.0555],[126.7545,35.0555],[126.7545,35.055583333333331],[126.754583333333329,35.055583333333331],[126.754583333333329,35.055666666666667],[126.75475,35.055666666666667],[126.75475,35.05575],[126.754833333333337,35.05575],[126.754833333333337,35.055916666666668],[126.754916666666659,35.055916666666668],[126.754916666666659,35.056083333333333],[126.755083333333332,35.056083333333333],[126.755083333333332,35.056166666666662],[126.755166666666668,35.056166666666662],[126.755166666666668,35.05625],[126.75525,35.05625],[126.75525,35.056333333333335],[126.755333333333326,35.056333333333335],[126.755333333333326,35.056416666666664],[126.7555,35.056416666666664],[126.7555,35.0565],[126.755583333333334,35.0565],[126.755583333333334,35.056583333333329],[126.75566666666667,35.056583333333329],[126.75566666666667,35.05683333333333],[126.755833333333328,35.05683333333333],[126.755833333333328,35.057],[126.755916666666664,35.057],[126.755916666666664,35.057083333333331],[126.756,35.057083333333331],[126.756,35.057166666666667],[126.756083333333336,35.057166666666667],[126.756083333333336,35.05725],[126.75625,35.05725],[126.75625,35.057333333333332],[126.75633333333333,35.057333333333332],[126.75633333333333,35.0575],[126.756416666666667,35.0575],[126.756416666666667,35.057583333333334],[126.7565,35.057583333333334],[126.7565,35.05775],[126.756666666666661,35.05775],[126.756666666666661,35.057833333333335],[126.75675,35.057833333333335],[126.75675,35.058],[126.756833333333333,35.058],[126.756833333333333,35.058083333333329],[126.756916666666669,35.058083333333329],[126.756916666666669,35.058166666666665],[126.757,35.058166666666665],[126.757,35.05825],[126.757083333333327,35.05825],[126.757083333333327,35.05833333333333],[126.757166666666663,35.05833333333333],[126.757166666666663,35.058416666666666],[126.75725,35.058416666666666],[126.75725,35.0585],[126.757333333333335,35.0585],[126.757333333333335,35.058583333333331],[126.7575,35.058583333333331],[126.7575,35.058666666666667],[126.757583333333329,35.058666666666667],[126.757583333333329,35.05875],[126.75775,35.05875],[126.75775,35.058833333333332],[126.757916666666659,35.058833333333332],[126.757916666666659,35.058916666666669],[126.758,35.058916666666669],[126.758,35.059],[126.758166666666668,35.059],[126.758166666666668,35.059083333333334],[126.75825,35.059083333333334],[126.75825,35.059166666666663],[126.7585,35.059166666666663],[126.7585,35.05925],[126.758583333333334,35.05925],[126.758583333333334,35.059333333333335],[126.75866666666667,35.059333333333335],[126.75866666666667,35.059416666666664],[126.758833333333328,35.059416666666664],[126.758833333333328,35.0595],[126.759,35.0595],[126.759,35.059583333333329],[126.759083333333336,35.059583333333329],[126.759083333333336,35.059666666666665],[126.759333333333331,35.059666666666665],[126.759333333333331,35.05975],[126.759416666666667,35.05975],[126.759416666666667,35.059916666666666],[126.75975,35.059916666666666],[126.75975,35.060083333333331],[126.760083333333327,35.060083333333331],[126.760083333333327,35.06025],[126.760416666666671,35.06025],[126.760416666666671,35.060333333333332],[126.7605,35.060333333333332],[126.7605,35.060416666666661],[126.760666666666665,35.060416666666661],[126.760666666666665,35.0605],[126.76075,35.0605],[126.76075,35.060583333333334],[126.76091666666666,35.060583333333334],[126.76091666666666,35.060666666666663],[126.761,35.060666666666663],[126.761,35.06075],[126.761166666666668,35.06075],[126.761166666666668,35.060833333333335],[126.76125,35.060833333333335],[126.76125,35.060916666666664],[126.761333333333326,35.060916666666664],[126.761333333333326,35.061],[126.761416666666662,35.061],[126.761416666666662,35.061083333333329],[126.7615,35.061083333333329],[126.7615,35.061166666666665],[126.761583333333334,35.061166666666665],[126.761583333333334,35.06125],[126.76166666666667,35.06125],[126.76166666666667,35.06133333333333],[126.76175,35.06133333333333],[126.76175,35.061416666666666],[126.761916666666664,35.061416666666666],[126.761916666666664,35.0615],[126.762,35.0615],[126.762,35.061583333333331],[126.762166666666658,35.061583333333331],[126.762166666666658,35.061666666666667],[126.76225,35.061666666666667],[126.76225,35.06175],[126.762333333333331,35.06175],[126.762333333333331,35.061833333333333],[126.762416666666667,35.061833333333333],[126.762416666666667,35.062],[126.762666666666661,35.062],[126.762666666666661,35.062083333333334],[126.76275,35.062083333333334],[126.76275,35.062166666666663],[126.762916666666669,35.062166666666663],[126.762916666666669,35.06225],[126.763,35.06225],[126.763,35.062333333333335],[126.76325,35.062333333333335],[126.76325,35.062416666666664],[126.763333333333335,35.062416666666664],[126.763333333333335,35.0625],[126.763416666666657,35.0625],[126.763416666666657,35.062583333333329],[126.763666666666666,35.062583333333329],[126.763666666666666,35.06275],[126.764,35.06275],[126.764,35.06283333333333],[126.76425,35.06283333333333],[126.76425,35.062916666666666],[126.7645,35.062916666666666],[126.7645,35.06283333333333],[126.7655,35.06283333333333],[126.7655,35.062916666666666],[126.765916666666669,35.062916666666666],[126.765916666666669,35.063],[126.7665,35.063],[126.7665,35.063083333333331],[126.76658333333333,35.063083333333331],[126.76658333333333,35.063166666666667],[126.766666666666666,35.063166666666667],[126.766666666666666,35.063083333333331],[126.76675,35.063083333333331],[126.76675,35.063166666666667],[126.76766666666667,35.063166666666667],[126.76766666666667,35.06325],[126.76775,35.06325],[126.76775,35.063333333333333],[126.76766666666667,35.063333333333333],[126.76766666666667,35.0635],[126.76775,35.0635],[126.76775,35.063666666666663],[126.76766666666667,35.063666666666663],[126.76766666666667,35.06375],[126.7675,35.06375],[126.7675,35.063916666666664],[126.767416666666662,35.063916666666664],[126.767416666666662,35.064166666666665],[126.7675,35.064166666666665],[126.7675,35.064083333333329],[126.76766666666667,35.064083333333329],[126.76766666666667,35.063833333333335],[126.76775,35.063833333333335],[126.76775,35.06375],[126.767916666666665,35.06375],[126.767916666666665,35.063833333333335],[126.768,35.063833333333335],[126.768,35.063666666666663],[126.768333333333331,35.063666666666663],[126.768333333333331,35.06375],[126.768416666666667,35.06375],[126.768416666666667,35.063916666666664],[126.7685,35.063916666666664],[126.7685,35.064],[126.76875,35.064],[126.76875,35.064083333333329],[126.768833333333333,35.064083333333329],[126.768833333333333,35.064166666666665],[126.769,35.064166666666665],[126.769,35.06425],[126.769083333333327,35.06425],[126.769083333333327,35.06433333333333],[126.769333333333336,35.06433333333333],[126.769333333333336,35.064416666666666],[126.76975,35.064416666666666],[126.76975,35.0645],[126.769833333333338,35.0645],[126.769833333333338,35.064583333333331],[126.76991666666666,35.064583333333331],[126.76991666666666,35.06475],[126.770166666666668,35.06475],[126.770166666666668,35.064833333333333],[126.77025,35.064833333333333],[126.77025,35.064916666666662],[126.770333333333326,35.064916666666662],[126.770333333333326,35.065],[126.770583333333335,35.065],[126.770583333333335,35.065083333333334],[126.770666666666671,35.065083333333334],[126.770666666666671,35.065166666666663],[126.77075,35.065166666666663],[126.77075,35.06525],[126.771083333333337,35.06525],[126.771083333333337,35.065333333333335],[126.771166666666659,35.065333333333335],[126.771166666666659,35.0655],[126.771333333333331,35.0655],[126.771333333333331,35.065583333333329],[126.771416666666667,35.065583333333329],[126.771416666666667,35.065666666666665],[126.771666666666661,35.065666666666665],[126.771666666666661,35.06575],[126.772,35.06575],[126.772,35.06583333333333],[126.77225,35.06583333333333],[126.77225,35.065916666666666],[126.772333333333336,35.065916666666666],[126.772333333333336,35.066],[126.772416666666658,35.066],[126.772416666666658,35.066083333333331],[126.7725,35.066083333333331],[126.7725,35.066166666666668],[126.77258333333333,35.066166666666668],[126.77258333333333,35.06625],[126.77275,35.06625],[126.77275,35.066333333333333],[126.772833333333338,35.066333333333333],[126.772833333333338,35.066416666666662],[126.773,35.066416666666662],[126.773,35.0665],[126.773166666666668,35.0665],[126.773166666666668,35.066583333333334],[126.77325,35.066583333333334],[126.77325,35.066666666666663],[126.773333333333326,35.066666666666663],[126.773333333333326,35.06675],[126.7735,35.06675],[126.7735,35.066833333333335],[126.773583333333335,35.066833333333335],[126.773583333333335,35.066916666666664],[126.773666666666671,35.066916666666664],[126.773666666666671,35.067166666666665],[126.773833333333329,35.067166666666665],[126.773833333333329,35.067083333333329],[126.774083333333337,35.067083333333329],[126.774083333333337,35.067166666666665],[126.774166666666659,35.067166666666665],[126.774166666666659,35.06725],[126.77425,35.06725],[126.77425,35.06733333333333],[126.774333333333331,35.06733333333333],[126.774333333333331,35.0675],[126.7745,35.0675],[126.7745,35.067583333333332],[126.774583333333325,35.067583333333332],[126.774583333333325,35.06775],[126.774666666666661,35.06775],[126.774666666666661,35.067833333333333],[126.77475,35.067833333333333],[126.77475,35.068],[126.77491666666667,35.068],[126.77491666666667,35.068083333333334],[126.775,35.068083333333334],[126.775,35.068166666666663],[126.775083333333328,35.068166666666663],[126.775083333333328,35.06825],[126.77525,35.06825],[126.77525,35.068333333333335],[126.775333333333336,35.068333333333335],[126.775333333333336,35.068416666666664],[126.775416666666658,35.068416666666664],[126.775416666666658,35.0685],[126.7755,35.0685],[126.7755,35.068666666666665],[126.77575,35.068666666666665],[126.77575,35.06875],[126.775833333333324,35.06875],[126.775833333333324,35.069],[126.776166666666668,35.069],[126.776166666666668,35.069083333333332],[126.776333333333326,35.069083333333332],[126.776333333333326,35.069416666666662],[126.77625,35.069416666666662],[126.77625,35.070083333333329],[126.776166666666668,35.070083333333329],[126.776166666666668,35.070166666666665],[126.776083333333332,35.070166666666665],[126.776083333333332,35.07075],[126.776,35.07075],[126.776,35.071166666666663],[126.77591666666666,35.071166666666663],[126.77591666666666,35.071333333333328],[126.775833333333324,35.071333333333328],[126.775833333333324,35.071583333333329],[126.775666666666666,35.071583333333329]],[[126.765916666666669,35.065666666666665],[126.766333333333336,35.065666666666665],[126.766333333333336,35.065583333333329],[126.76625,35.065583333333329],[126.76625,35.065333333333335],[126.766083333333327,35.065333333333335],[126.766083333333327,35.065583333333329],[126.765916666666669,35.065583333333329],[126.765916666666669,35.065666666666665]],[[126.7665,35.065083333333334],[126.76658333333333,35.065083333333334],[126.76658333333333,35.065],[126.76675,35.065],[126.76675,35.064916666666662],[126.766833333333338,35.064916666666662],[126.766833333333338,35.064833333333333],[126.76691666666666,35.064833333333333],[126.76691666666666,35.064583333333331],[126.767083333333332,35.064583333333331],[126.767083333333332,35.0645],[126.76725,35.0645],[126.76725,35.064416666666666],[126.767333333333326,35.064416666666666],[126.767333333333326,35.064166666666665],[126.767166666666668,35.064166666666665],[126.767166666666668,35.06425],[126.767083333333332,35.06425],[126.767083333333332,35.064416666666666],[126.767,35.064416666666666],[126.767,35.0645],[126.766833333333338,35.0645],[126.766833333333338,35.064666666666668],[126.76675,35.064666666666668],[126.76675,35.064833333333333],[126.76658333333333,35.064833333333333],[126.76658333333333,35.064916666666662],[126.7665,35.064916666666662],[126.7665,35.065083333333334]],[[126.75866666666667,35.061833333333333],[126.75875,35.061833333333333],[126.75875,35.06175],[126.75866666666667,35.06175],[126.75866666666667,35.061833333333333]],[[126.754833333333337,35.057583333333334],[126.754916666666659,35.057583333333334],[126.754916666666659,35.0575],[126.754833333333337,35.0575],[126.754833333333337,35.057583333333334]],[[126.753916666666669,35.056666666666665],[126.754083333333327,35.056666666666665],[126.754083333333327,35.056583333333329],[126.753916666666669,35.056583333333329],[126.753916666666669,35.056666666666665]],[[126.75366666666666,35.052916666666668],[126.753833333333333,35.052916666666668],[126.753833333333333,35.052833333333332],[126.75366666666666,35.052833333333332],[126.75366666666666,35.052916666666668]],[[126.751833333333337,35.052583333333331],[126.75225,35.052583333333331],[126.75225,35.0525],[126.752333333333326,35.0525],[126.752333333333326,35.05233333333333],[126.752083333333331,35.05233333333333],[126.752083333333331,35.05225],[126.751666666666665,35.05225],[126.751666666666665,35.052166666666665],[126.751583333333329,35.052166666666665],[126.751583333333329,35.05233333333333],[126.751666666666665,35.05233333333333],[126.751666666666665,35.052416666666666],[126.75175,35.052416666666666],[126.75175,35.0525],[126.751833333333337,35.0525],[126.751833333333337,35.052583333333331]],[[126.752333333333326,35.052583333333331],[126.752416666666662,35.052583333333331],[126.752416666666662,35.0525],[126.752333333333326,35.0525],[126.752333333333326,35.052583333333331]],[[126.737,35.045083333333331],[126.737083333333331,35.045083333333331],[126.737083333333331,35.045],[126.737,35.045],[126.737,35.045083333333331]],[[126.732583333333338,35.03825],[126.73266666666666,35.03825],[126.73266666666666,35.038166666666662],[126.732583333333338,35.038166666666662],[126.732583333333338,35.03825]]]}},
{"type":"Feature","properties":{"DN":1},"geometry":{"type":"Polygon","coordinates":[[[126.73233333333333,35.035666666666664],[126.73233333333333,35.035583333333335],[126.732416666666666,35.035583333333335],[126.732416666666666,35.035666666666664],[126.73233333333333,35.035666666666664]]]}},
{"type":"Feature","properties":{"DN":1},"geometry":{"type":"Polygon","coordinates":[[[126.702833333333331,35.036666666666662],[126.702833333333331,35.036416666666668],[126.702666666666659,35.036416666666668],[126.702666666666659,35.036333333333332],[126.702583333333337,35.036333333333332],[126.702583333333337,35.036166666666666],[126.702833333333331,35.036166666666666],[126.702833333333331,35.03608333333333],[126.702916666666667,35.03608333333333],[126.702916666666667,35.036],[126.703083333333325,35.036],[126.703083333333325,35.035916666666665],[126.70325,35.035916666666665],[126.70325,35.035833333333329],[126.703333333333333,35.035833333333329],[126.703333333333333,35.035916666666665],[126.7035,35.035916666666665],[126.7035,35.035833333333329],[126.703916666666657,35.035833333333329],[126.703916666666657,35.03575],[126.704166666666666,35.03575],[126.704166666666666,35.035666666666664],[126.70441666666666,35.035666666666664],[126.70441666666666,35.035583333333335],[126.70475,35.035583333333335],[126.70475,35.0355],[126.704833333333326,35.0355],[126.704833333333326,35.035416666666663],[126.70516666666667,35.035416666666663],[126.70516666666667,35.035333333333334],[126.70525,35.035333333333334],[126.70525,35.035166666666662],[126.705416666666665,35.035166666666662],[126.705416666666665,35.035083333333333],[126.7055,35.035083333333333],[126.7055,35.035],[126.705583333333337,35.035],[126.705583333333337,35.034833333333331],[126.70575,35.034833333333331],[126.70575,35.03475],[126.705833333333331,35.03475],[126.705833333333331,35.034666666666666],[126.705916666666667,35.034666666666666],[126.705916666666667,35.03458333333333],[126.706,35.03458333333333],[126.706,35.0345],[126.70625,35.0345],[126.70625,35.034416666666665],[126.706333333333333,35.034416666666665],[126.706333333333333,35.034333333333329],[126.706416666666669,35.034333333333329],[126.706416666666669,35.034166666666664],[126.7065,35.034166666666664],[126.7065,35.034083333333335],[126.706666666666663,35.034083333333335],[126.706666666666663,35.033916666666663],[126.70675,35.033916666666663],[126.70675,35.03375],[126.706833333333336,35.03375],[126.706833333333336,35.033833333333334],[126.707,35.033833333333334],[126.707,35.03375],[126.706916666666658,35.03375],[126.706916666666658,35.033666666666662],[126.707,35.033666666666662],[126.707,35.033583333333333],[126.70708333333333,35.033583333333333],[126.70708333333333,35.0335],[126.707333333333338,35.0335],[126.707333333333338,35.033416666666668],[126.70741666666666,35.033416666666668],[126.70741666666666,35.033333333333331],[126.707666666666668,35.033333333333331],[126.707666666666668,35.03325],[126.70775,35.03325],[126.70775,35.033166666666666],[126.708083333333335,35.033166666666666],[126.708083333333335,35.03325],[126.70825,35.03325],[126.70825,35.033333333333331],[126.708333333333329,35.033333333333331],[126.708333333333329,35.033416666666668],[126.708416666666665,35.033416666666668],[126.708416666666665,35.033583333333333],[126.708666666666659,35.033583333333333],[126.708666666666659,35.033666666666662],[126.70875,35.033666666666662],[126.70875,35.03375],[126.708833333333331,35.03375],[126.708833333333331,35.033833333333334],[126.708916666666667,35.033833333333334],[126.708916666666667,35.034166666666664],[126.708833333333331,35.034166666666664],[126.708833333333331,35.034333333333329],[126.708583333333337,35.034333333333329],[126.708583333333337,35.034416666666665],[126.70825,35.034416666666665],[126.70825,35.0345],[126.708,35.0345],[126.708,35.03458333333333],[126.707833333333326,35.03458333333333],[126.707833333333326,35.03475],[126.707666666666668,35.03475],[126.707666666666668,35.034833333333331],[126.7075,35.034833333333331],[126.7075,35.034916666666668],[126.707333333333338,35.034916666666668],[126.707333333333338,35.035],[126.70725,35.035],[126.70725,35.035083333333333],[126.707166666666666,35.035083333333333],[126.707166666666666,35.035166666666662],[126.707,35.035166666666662],[126.707,35.03525],[126.706833333333336,35.03525],[126.706833333333336,35.035333333333334],[126.706666666666663,35.035333333333334],[126.706666666666663,35.035416666666663],[126.706583333333327,35.035416666666663],[126.706583333333327,35.0355],[126.7065,35.0355],[126.7065,35.035666666666664],[126.706333333333333,35.035666666666664],[126.706333333333333,35.03575],[126.706166666666661,35.03575],[126.706166666666661,35.035916666666665],[126.705666666666659,35.035916666666665],[126.705666666666659,35.036],[126.705583333333337,35.036],[126.705583333333337,35.03608333333333],[126.70516666666667,35.03608333333333],[126.70516666666667,35.036166666666666],[126.705083333333334,35.036166666666666],[126.705083333333334,35.03608333333333],[126.705,35.03608333333333],[126.705,35.036166666666666],[126.704666666666668,35.036166666666666],[126.704666666666668,35.03625],[126.7045,35.03625],[126.7045,35.036333333333332],[126.704333333333338,35.036333333333332],[126.704333333333338,35.03625],[126.70425,35.03625],[126.70425,35.036416666666668],[126.703916666666657,35.036416666666668],[126.703916666666657,35.0365],[126.70408333333333,35.0365],[126.70408333333333,35.036583333333333],[126.702916666666667,35.036583333333333],[126.702916666666667,35.036666666666662],[126.702833333333331,35.036666666666662]]]}},
{"type":"Feature","properties":{"DN":1},"geometry":{"type":"Polygon","coordinates":[[[126.772166666666664,35.02475],[126.772166666666664,35.024583333333332],[126.772083333333327,35.024583333333332],[126.772083333333327,35.024333333333331],[126.772333333333336,35.024333333333331],[126.772333333333336,35.024583333333332],[126.772416666666658,35.024583333333332],[126.772416666666658,35.024666666666668],[126.772333333333336,35.024666666666668],[126.772333333333336,35.02475],[126.772166666666664,35.02475]]]}},
{"type":"Feature","properties":{"DN":1},"geometry":{"type":"Polygon","coordinates":[[[126.732416666666666,35.021],[126.732416666666666,35.020833333333329],[126.73233333333333,35.020833333333329],[126.73233333333333,35.020666666666664],[126.73225,35.020666666666664],[126.73225,35.0205],[126.732166666666657,35.0205],[126.732166666666657,35.020416666666662],[126.732083333333335,35.020416666666662],[126.732083333333335,35.02025],[126.732,35.02025],[126.732,35.020166666666668],[126.731916666666663,35.020166666666668],[126.731916666666663,35.020083333333332],[126.732,35.020083333333332],[126.732,35.019916666666667],[126.732166666666657,35.019916666666667],[126.732166666666657,35.02],[126.73225,35.02],[126.73225,35.020166666666668],[126.73233333333333,35.020166666666668],[126.73233333333333,35.02025],[126.732416666666666,35.02025],[126.732416666666666,35.020416666666662],[126.7325,35.020416666666662],[126.7325,35.020583333333335],[126.73275,35.020583333333335],[126.73275,35.020833333333329],[126.732833333333332,35.020833333333329],[126.732833333333332,35.020916666666665],[126.73275,35.020916666666665],[126.73275,35.021],[126.73266666666666,35.021],[126.73266666666666,35.020916666666665],[126.7325,35.020916666666665],[126.7325,35.021],[126.732416666666666,35.021]]]}},
{"type":"Feature","properties":{"DN":1},"geometry":{"type":"Polygon","coordinates":[[[126.731916666666663,35.019916666666667],[126.731916666666663,35.019833333333331],[126.731583333333333,35.019833333333331],[126.731583333333333,35.01975],[126.7315,35.01975],[126.7315,35.019666666666666],[126.731416666666661,35.019666666666666],[126.731416666666661,35.01958333333333],[126.73175,35.01958333333333],[126.73175,35.019666666666666],[126.731916666666663,35.019666666666666],[126.731916666666663,35.01975],[126.732,35.01975],[126.732,35.019916666666667],[126.731916666666663,35.019916666666667]]]}},
{"type":"Feature","properties":{"DN":1},"geometry":{"type":"Polygon","coordinates":[[[126.731333333333325,35.01958333333333],[126.731333333333325,35.0195],[126.731416666666661,35.0195],[126.731416666666661,35.01958333333333],[126.731333333333325,35.01958333333333]]]}},
{"type":"Feature","properties":{"DN":1},"geometry":{"type":"Polygon","coordinates":[[[126.698333333333338,35.01775],[126.698333333333338,35.017666666666663],[126.69825,35.017666666666663],[126.69825,35.017583333333334],[126.698166666666665,35.017583333333334],[126.698166666666665,35.0175],[126.698,35.0175],[126.698,35.017416666666662],[126.697666666666663,35.017416666666662],[126.697666666666663,35.017333333333333],[126.697166666666661,35.017333333333333],[126.697166666666661,35.01725],[126.696416666666664,35.01725],[126.696416666666664,35.017166666666668],[126.696083333333334,35.017166666666668],[126.696083333333334,35.017083333333332],[126.696,35.017083333333332],[126.696,35.017],[126.696083333333334,35.017],[126.696083333333334,35.016916666666667],[126.696,35.016916666666667],[126.696,35.016833333333331],[126.696083333333334,35.016833333333331],[126.696083333333334,35.01658333333333],[126.69616666666667,35.01658333333333],[126.69616666666667,35.01625],[126.69625,35.01625],[126.69625,35.016083333333334],[126.696416666666664,35.016083333333334],[126.696416666666664,35.016],[126.696833333333331,35.016],[126.696833333333331,35.015916666666662],[126.697083333333325,35.015916666666662],[126.697083333333325,35.015833333333333],[126.697166666666661,35.015833333333333],[126.697166666666661,35.01575],[126.697333333333333,35.01575],[126.697333333333333,35.015833333333333],[126.697416666666669,35.015833333333333],[126.697416666666669,35.015916666666662],[126.6975,35.015916666666662],[126.6975,35.016],[126.697583333333327,35.016],[126.697583333333327,35.016333333333328],[126.697666666666663,35.016333333333328],[126.697666666666663,35.016416666666665],[126.69775,35.016416666666665],[126.69775,35.0165],[126.697916666666671,35.0165],[126.697916666666671,35.01658333333333],[126.698083333333329,35.01658333333333],[126.698083333333329,35.016666666666666],[126.69825,35.016666666666666],[126.69825,35.01675],[126.698333333333338,35.01675],[126.698333333333338,35.016833333333331],[126.6985,35.016833333333331],[126.6985,35.016916666666667],[126.698583333333332,35.016916666666667],[126.698583333333332,35.017083333333332],[126.698666666666668,35.017083333333332],[126.698666666666668,35.0175],[126.698833333333326,35.0175],[126.698833333333326,35.01775],[126.698333333333338,35.01775]]]}},
{"type":"Feature","properties":{"DN":1},"geometry":{"type":"Polygon","coordinates":[[[126.73675,35.015916666666662],[126.73675,35.01575],[126.736833333333337,35.01575],[126.736833333333337,35.015916666666662],[126.73675,35.015916666666662]]]}},
{"type":"Feature","properties":{"DN":1},"geometry":{"type":"Polygon","coordinates":[[[126.725416666666661,35.013],[126.725416666666661,35.012916666666662],[126.72525,35.012916666666662],[126.72525,35.012833333333333],[126.72508333333333,35.012833333333333],[126.72508333333333,35.01275],[126.724916666666658,35.01275],[126.724916666666658,35.012666666666668],[126.72475,35.012666666666668],[126.72475,35.012583333333332],[126.724583333333328,35.012583333333332],[126.724583333333328,35.012416666666667],[126.7245,35.012416666666667],[126.7245,35.012333333333331],[126.724333333333334,35.012333333333331],[126.724333333333334,35.01225],[126.72425,35.01225],[126.72425,35.012083333333329],[126.724,35.012083333333329],[126.724,35.01175],[126.72441666666667,35.01175],[126.72441666666667,35.011666666666663],[126.72525,35.011666666666663],[126.72525,35.011583333333334],[126.725333333333325,35.011583333333334],[126.725333333333325,35.0115],[126.725416666666661,35.0115],[126.725416666666661,35.011416666666662],[126.726,35.011416666666662],[126.726,35.0115],[126.726166666666671,35.0115],[126.726166666666671,35.011583333333334],[126.72625,35.011583333333334],[126.72625,35.011666666666663],[126.726333333333329,35.011666666666663],[126.726333333333329,35.011833333333328],[126.726416666666665,35.011833333333328],[126.726416666666665,35.01225],[126.726333333333329,35.01225],[126.726333333333329,35.0125],[126.726166666666671,35.0125],[126.726166666666671,35.012666666666668],[126.726083333333335,35.012666666666668],[126.726083333333335,35.01275],[126.726,35.01275],[126.726,35.012916666666662],[126.725833333333327,35.012916666666662],[126.725833333333327,35.013],[126.725416666666661,35.013]]]}},
{"type":"Feature","properties":{"DN":1},"geometry":{"type":"Polygon","coordinates":[[[126.737,35.0055],[126.737,35.005333333333333],[126.737083333333331,35.005333333333333],[126.737083333333331,35.005416666666662],[126.737166666666667,35.005416666666662],[126.737166666666667,35.0055],[126.737,35.0055]]]}},
{"type":"Feature","properties":{"DN":1},"geometry":{"type":"Polygon","coordinates":[[[126.733083333333326,35.00375],[126.733083333333326,35.003666666666668],[126.733333333333334,35.003666666666668],[126.733333333333334,35.00375],[126.733083333333326,35.00375]]]}},
{"type":"Feature","properties":{"DN":1},"geometry":{"type":"Polygon","coordinates":[[[126.732583333333338,35.003666666666668],[126.732583333333338,35.003583333333331],[126.73266666666666,35.003583333333331],[126.73266666666666,35.003666666666668],[126.732583333333338,35.003666666666668]]]}},
{"type":"Feature","properties":{"DN":1},"geometry":{"type":"Polygon","coordinates":[[[126.731666666666669,35.003833333333333],[126.731666666666669,35.003666666666668],[126.732083333333335,35.003666666666668],[126.732083333333335,35.00375],[126.732166666666657,35.00375],[126.732166666666657,35.003583333333331],[126.73225,35.003583333333331],[126.73225,35.0035],[126.732416666666666,35.0035],[126.732416666666666,35.003583333333331],[126.7325,35.003583333333331],[126.7325,35.00375],[126.73233333333333,35.00375],[126.73233333333333,35.003833333333333],[126.731666666666669,35.003833333333333]]]}},
{"type":"Feature","properties":{"DN":1},"geometry":{"type":"Polygon","coordinates":[[[126.717333333333329,35.00425],[126.717333333333329,35.004083333333334],[126.71725,35.004083333333334],[126.71725,35.004],[126.717166666666671,35.004],[126.717166666666671,35.003916666666662],[126.717083333333335,35.003916666666662],[126.717083333333335,35.003833333333333],[126.717,35.003833333333333],[126.717,35.003666666666668],[126.716916666666663,35.003666666666668],[126.716916666666663,35.0035],[126.717083333333335,35.0035],[126.717083333333335,35.003583333333331],[126.717166666666671,35.003583333333331],[126.717166666666671,35.003666666666668],[126.71725,35.003666666666668],[126.71725,35.00375],[126.717333333333329,35.00375],[126.717333333333329,35.003916666666662],[126.717583333333337,35.003916666666662],[126.717583333333337,35.004],[126.717666666666659,35.004],[126.717666666666659,35.004083333333334],[126.71775,35.004083333333334],[126.71775,35.004166666666663],[126.717416666666665,35.004166666666663],[126.717416666666665,35.00425],[126.717333333333329,35.00425]]]}},
{"type":"Feature","properties":{"DN":1},"geometry":{"type":"Polygon","coordinates":[[[126.733583333333328,35.003666666666668],[126.733583333333328,35.0035],[126.733666666666664,35.0035],[126.733666666666664,35.003583333333331],[126.73375,35.003583333333331],[126.73375,35.0035],[126.734,35.0035],[126.734,35.00325],[126.733916666666659,35.00325],[126.733916666666659,35.003083333333329],[126.734166666666667,35.003083333333329],[126.734166666666667,35.003166666666665],[126.73425,35.003166666666665],[126.73425,35.003666666666668],[126.733583333333328,35.003666666666668]]]}},
{"type":"Feature","properties":{"DN":1},"geometry":{"type":"Polygon","coordinates":[[[126.73275,35.003166666666665],[126.73275,35.003083333333329],[126.732583333333338,35.003083333333329],[126.732583333333338,35.003],[126.73325,35.003],[126.73325,35.003083333333329],[126.732916666666668,35.003083333333329],[126.732916666666668,35.003166666666665],[126.73275,35.003166666666665]]]}},
{"type":"Feature","properties":{"DN":1},"geometry":{"type":"Polygon","coordinates":[[[126.731333333333325,35.003083333333329],[126.731333333333325,35.003],[126.73125,35.003],[126.73125,35.002916666666664],[126.732,35.002916666666664],[126.732,35.003],[126.73225,35.003],[126.73225,35.003083333333329],[126.731333333333325,35.003083333333329]]]}},
{"type":"Feature","properties":{"DN":1},"geometry":{"type":"Polygon","coordinates":[[[126.725166666666667,35.002916666666664],[126.725166666666667,35.00275],[126.725583333333333,35.00275],[126.725583333333333,35.002833333333335],[126.7255,35.002833333333335],[126.7255,35.002916666666664],[126.725166666666667,35.002916666666664]]]}},
{"type":"Feature","properties":{"DN":1},"geometry":{"type":"Polygon","coordinates":[[[126.726,35.00275],[126.726,35.002666666666663],[126.726166666666671,35.002666666666663],[126.726166666666671,35.00275],[126.726,35.00275]]]}},
{"type":"Feature","properties":{"DN":1},"geometry":{"type":"Polygon","coordinates":[[[126.726166666666671,35.002666666666663],[126.726166666666671,35.002583333333334],[126.72625,35.002583333333334],[126.72625,35.002666666666663],[126.726166666666671,35.002666666666663]]]}},
{"type":"Feature","properties":{"DN":1},"geometry":{"type":"Polygon","coordinates":[[[126.726666666666659,35.002583333333334],[126.726666666666659,35.0025],[126.726916666666668,35.0025],[126.726916666666668,35.002583333333334],[126.726666666666659,35.002583333333334]]]}},
{"type":"Feature","properties":{"DN":1},"geometry":{"type":"Polygon","coordinates":[[[126.730333333333334,35.002833333333335],[126.730333333333334,35.00275],[126.730083333333326,35.00275],[126.730083333333326,35.002666666666663],[126.730166666666662,35.002666666666663],[126.730166666666662,35.0025],[126.730083333333326,35.0025],[126.730083333333326,35.002416666666662],[126.730333333333334,35.002416666666662],[126.730333333333334,35.0025],[126.73041666666667,35.0025],[126.73041666666667,35.002583333333334],[126.73075,35.002583333333334],[126.73075,35.002666666666663],[126.730833333333337,35.002666666666663],[126.730833333333337,35.00275],[126.730916666666658,35.00275],[126.730916666666658,35.002833333333335],[126.73075,35.002833333333335],[126.73075,35.00275],[126.7305,35.00275],[126.7305,35.002833333333335],[126.730333333333334,35.002833333333335]]]}},
{"type":"Feature","properties":{"DN":1},"geometry":{"type":"Polygon","coordinates":[[[126.733666666666664,35.03575],[126.733666666666664,35.035666666666664],[126.733583333333328,35.035666666666664],[126.733583333333328,35.035583333333335],[126.73325,35.035583333333335],[126.73325,35.035666666666664],[126.733,35.035666666666664],[126.733,35.035583333333335],[126.732916666666668,35.035583333333335],[126.732916666666668,35.035666666666664],[126.73266666666666,35.035666666666664],[126.73266666666666,35.035583333333335],[126.73275,35.035583333333335],[126.73275,35.035416666666663],[126.73266666666666,35.035416666666663],[126.73266666666666,35.035083333333333],[126.732833333333332,35.035083333333333],[126.732833333333332,35.034916666666668],[126.732916666666668,35.034916666666668],[126.732916666666668,35.03475],[126.733,35.03475],[126.733,35.034666666666666],[126.732916666666668,35.034666666666666],[126.732916666666668,35.03458333333333],[126.733,35.03458333333333],[126.733,35.0345],[126.733166666666662,35.0345],[126.733166666666662,35.034166666666664],[126.73325,35.034166666666664],[126.73325,35.034],[126.73341666666667,35.034],[126.73341666666667,35.033833333333334],[126.7335,35.033833333333334],[126.7335,35.03375],[126.733583333333328,35.03375],[126.733583333333328,35.033583333333333],[126.73375,35.033583333333333],[126.73375,35.033333333333331],[126.733916666666659,35.033333333333331],[126.733916666666659,35.033166666666666],[126.734083333333331,35.033166666666666],[126.734083333333331,35.032666666666664],[126.734166666666667,35.032666666666664],[126.734166666666667,35.032583333333335],[126.73425,35.032583333333335],[126.73425,35.0325],[126.734333333333325,35.0325],[126.734333333333325,35.032416666666663],[126.734416666666661,35.032416666666663],[126.734416666666661,35.032333333333334],[126.7345,35.032333333333334],[126.7345,35.03225],[126.734666666666669,35.03225],[126.734666666666669,35.032083333333333],[126.73475,35.032083333333333],[126.73475,35.031833333333331],[126.734833333333327,35.031833333333331],[126.734833333333327,35.03158333333333],[126.735,35.03158333333333],[126.735,35.0315],[126.734916666666663,35.0315],[126.734916666666663,35.031416666666665],[126.735,35.031416666666665],[126.735,35.03125],[126.735083333333336,35.03125],[126.735083333333336,35.030916666666663],[126.73525,35.030916666666663],[126.73525,35.03075],[126.735166666666657,35.03075],[126.735166666666657,35.030666666666662],[126.73525,35.030666666666662],[126.73525,35.030416666666667],[126.735166666666657,35.030416666666667],[126.735166666666657,35.030333333333331],[126.73525,35.030333333333331],[126.73525,35.03025],[126.73533333333333,35.03025],[126.73533333333333,35.03008333333333],[126.735416666666666,35.03008333333333],[126.735416666666666,35.03],[126.7355,35.03],[126.7355,35.029666666666664],[126.735583333333338,35.029666666666664],[126.735583333333338,35.029583333333335],[126.73566666666666,35.029583333333335],[126.73566666666666,35.029416666666663],[126.735833333333332,35.029416666666663],[126.735833333333332,35.029333333333334],[126.735916666666668,35.029333333333334],[126.735916666666668,35.02925],[126.735833333333332,35.02925],[126.735833333333332,35.029166666666661],[126.735916666666668,35.029166666666661],[126.735916666666668,35.029],[126.736166666666662,35.029],[126.736166666666662,35.028916666666667],[126.736083333333326,35.028916666666667],[126.736083333333326,35.028833333333331],[126.736,35.028833333333331],[126.736,35.028666666666666],[126.736166666666662,35.028666666666666],[126.736166666666662,35.0285],[126.73625,35.0285],[126.73625,35.028333333333329],[126.73641666666667,35.028333333333329],[126.73641666666667,35.028083333333335],[126.7365,35.028083333333335],[126.7365,35.027833333333334],[126.736583333333328,35.027833333333334],[126.736583333333328,35.02775],[126.73675,35.02775],[126.73675,35.027583333333332],[126.736833333333337,35.027583333333332],[126.736833333333337,35.0275],[126.737083333333331,35.0275],[126.737083333333331,35.027416666666667],[126.737166666666667,35.027416666666667],[126.737166666666667,35.027333333333331],[126.73725,35.027333333333331],[126.73725,35.027166666666666],[126.737416666666661,35.027166666666666],[126.737416666666661,35.02708333333333],[126.737333333333325,35.02708333333333],[126.737333333333325,35.027],[126.737416666666661,35.027],[126.737416666666661,35.026833333333329],[126.7375,35.026833333333329],[126.7375,35.026583333333335],[126.737666666666669,35.026583333333335],[126.737666666666669,35.02625],[126.73775,35.02625],[126.73775,35.026166666666668],[126.737666666666669,35.026166666666668],[126.737666666666669,35.026],[126.73775,35.026],[126.73775,35.025666666666666],[126.737666666666669,35.025666666666666],[126.737666666666669,35.0255],[126.73775,35.0255],[126.73775,35.025333333333329],[126.737666666666669,35.025333333333329],[126.737666666666669,35.02525],[126.73775,35.02525],[126.73775,35.024833333333333],[126.737833333333327,35.024833333333333],[126.737833333333327,35.024416666666667],[126.73775,35.024416666666667],[126.73775,35.024333333333331],[126.737583333333333,35.024333333333331],[126.737583333333333,35.02425],[126.737666666666669,35.02425],[126.737666666666669,35.023916666666665],[126.737833333333327,35.023916666666665],[126.737833333333327,35.023583333333335],[126.73775,35.023583333333335],[126.73775,35.02325],[126.737666666666669,35.02325],[126.737666666666669,35.023166666666668],[126.7375,35.023166666666668],[126.7375,35.023083333333332],[126.737583333333333,35.023083333333332],[126.737583333333333,35.023],[126.737666666666669,35.023],[126.737666666666669,35.022916666666667],[126.73775,35.022916666666667],[126.73775,35.022416666666665],[126.737833333333327,35.022416666666665],[126.737833333333327,35.022333333333329],[126.738,35.022333333333329],[126.738,35.022],[126.738083333333336,35.022],[126.738083333333336,35.021916666666662],[126.738,35.021916666666662],[126.738,35.02175],[126.737916666666663,35.02175],[126.737916666666663,35.021666666666668],[126.737833333333327,35.021666666666668],[126.737833333333327,35.021583333333332],[126.737916666666663,35.021583333333332],[126.737916666666663,35.021416666666667],[126.737833333333327,35.021416666666667],[126.737833333333327,35.021333333333331],[126.737916666666663,35.021333333333331],[126.737916666666663,35.020583333333335],[126.737833333333327,35.020583333333335],[126.737833333333327,35.019666666666666],[126.73775,35.019666666666666],[126.73775,35.01958333333333],[126.737833333333327,35.01958333333333],[126.737833333333327,35.019333333333329],[126.73775,35.019333333333329],[126.73775,35.018916666666662],[126.737666666666669,35.018916666666662],[126.737666666666669,35.018666666666668],[126.737583333333333,35.018666666666668],[126.737583333333333,35.0185],[126.737416666666661,35.0185],[126.737416666666661,35.018416666666667],[126.7375,35.018416666666667],[126.7375,35.018333333333331],[126.737416666666661,35.018333333333331],[126.737416666666661,35.01825],[126.737333333333325,35.01825],[126.737333333333325,35.01808333333333],[126.737416666666661,35.01808333333333],[126.737416666666661,35.017916666666665],[126.737333333333325,35.017916666666665],[126.737333333333325,35.017583333333334],[126.73725,35.017583333333334],[126.73725,35.017],[126.737166666666667,35.017],[126.737166666666667,35.016666666666666],[126.737083333333331,35.016666666666666],[126.737083333333331,35.01658333333333],[126.737,35.01658333333333],[126.737,35.0165],[126.736916666666659,35.0165],[126.736916666666659,35.01625],[126.736833333333337,35.01625],[126.736833333333337,35.016],[126.73725,35.016],[126.73725,35.015916666666662],[126.737833333333327,35.015916666666662],[126.737833333333327,35.015833333333333],[126.737,35.015833333333333],[126.737,35.01575],[126.736833333333337,35.01575],[126.736833333333337,35.015666666666668],[126.73675,35.015666666666668],[126.73675,35.0155],[126.736666666666665,35.0155],[126.736666666666665,35.015416666666667],[126.73675,35.015416666666667],[126.73675,35.015166666666666],[126.736833333333337,35.015166666666666],[126.736833333333337,35.015],[126.736666666666665,35.015],[126.736666666666665,35.014583333333334],[126.736583333333328,35.014583333333334],[126.736583333333328,35.0145],[126.7365,35.0145],[126.7365,35.014416666666662],[126.736583333333328,35.014416666666662],[126.736583333333328,35.01425],[126.7365,35.01425],[126.7365,35.014166666666668],[126.73641666666667,35.014166666666668],[126.73641666666667,35.013916666666667],[126.736333333333334,35.013916666666667],[126.736333333333334,35.013416666666664],[126.73625,35.013416666666664],[126.73625,35.013166666666663],[126.736333333333334,35.013166666666663],[126.736333333333334,35.013],[126.73625,35.013],[126.73625,35.012833333333333],[126.736166666666662,35.012833333333333],[126.736166666666662,35.012583333333332],[126.736083333333326,35.012583333333332],[126.736083333333326,35.011833333333328],[126.736,35.011833333333328],[126.736,35.011666666666663],[126.736083333333326,35.011666666666663],[126.736083333333326,35.011583333333334],[126.736,35.011583333333334],[126.736,35.011333333333333],[126.735916666666668,35.011333333333333],[126.735916666666668,35.01125],[126.735833333333332,35.01125],[126.735833333333332,35.011083333333332],[126.73575,35.011083333333332],[126.73575,35.010916666666667],[126.73566666666666,35.010916666666667],[126.73566666666666,35.010583333333329],[126.735583333333338,35.010583333333329],[126.735583333333338,35.010416666666664],[126.7355,35.010416666666664],[126.7355,35.010333333333328],[126.735416666666666,35.010333333333328],[126.735416666666666,35.01025],[126.73533333333333,35.01025],[126.73533333333333,35.010166666666663],[126.73525,35.010166666666663],[126.73525,35.010083333333334],[126.735166666666657,35.010083333333334],[126.735166666666657,35.009916666666662],[126.735083333333336,35.009916666666662],[126.735083333333336,35.009833333333333],[126.735,35.009833333333333],[126.735,35.009666666666668],[126.734916666666663,35.009666666666668],[126.734916666666663,35.0095],[126.734833333333327,35.0095],[126.734833333333327,35.009416666666667],[126.73475,35.009416666666667],[126.73475,35.009166666666665],[126.734666666666669,35.009166666666665],[126.734666666666669,35.009083333333329],[126.734583333333333,35.009083333333329],[126.734583333333333,35.009],[126.7345,35.009],[126.7345,35.008916666666664],[126.734416666666661,35.008916666666664],[126.734416666666661,35.008833333333328],[126.734333333333325,35.008833333333328],[126.734333333333325,35.008583333333334],[126.73425,35.008583333333334],[126.73425,35.0085],[126.734083333333331,35.0085],[126.734083333333331,35.008416666666662],[126.734,35.008416666666662],[126.734,35.00825],[126.733916666666659,35.00825],[126.733916666666659,35.008166666666668],[126.73375,35.008166666666668],[126.73375,35.008],[126.733666666666664,35.008],[126.733666666666664,35.007916666666667],[126.733583333333328,35.007916666666667],[126.733583333333328,35.00775],[126.7335,35.00775],[126.7335,35.007666666666665],[126.73325,35.007666666666665],[126.73325,35.007583333333329],[126.733,35.007583333333329],[126.733,35.0075],[126.73275,35.0075],[126.73275,35.007416666666664],[126.7325,35.007416666666664],[126.7325,35.007333333333328],[126.732416666666666,35.007333333333328],[126.732416666666666,35.00725],[126.73225,35.00725],[126.73225,35.007166666666663],[126.732083333333335,35.007166666666663],[126.732083333333335,35.007083333333334],[126.731916666666663,35.007083333333334],[126.731916666666663,35.007],[126.731416666666661,35.007],[126.731416666666661,35.007083333333334],[126.731333333333325,35.007083333333334],[126.731333333333325,35.007],[126.731083333333331,35.007],[126.731083333333331,35.007083333333334],[126.731,35.007083333333334],[126.731,35.007],[126.730833333333337,35.007],[126.730833333333337,35.007083333333334],[126.730083333333326,35.007083333333334],[126.730083333333326,35.007166666666663],[126.73,35.007166666666663],[126.73,35.007083333333334],[126.729916666666668,35.007083333333334],[126.729916666666668,35.007166666666663],[126.729416666666665,35.007166666666663],[126.729416666666665,35.00725],[126.729166666666671,35.00725],[126.729166666666671,35.007333333333328],[126.72875,35.007333333333328],[126.72875,35.007416666666664],[126.728416666666661,35.007416666666664],[126.728416666666661,35.0075],[126.728166666666667,35.0075],[126.728166666666667,35.007583333333329],[126.728083333333331,35.007583333333329],[126.728083333333331,35.007666666666665],[126.727833333333336,35.007666666666665],[126.727833333333336,35.00775],[126.727666666666664,35.00775],[126.727666666666664,35.00783333333333],[126.72741666666667,35.00783333333333],[126.72741666666667,35.007916666666667],[126.727083333333326,35.007916666666667],[126.727083333333326,35.008],[126.72675,35.008],[126.72675,35.008083333333332],[126.726666666666659,35.008083333333332],[126.726666666666659,35.008166666666668],[126.726166666666671,35.008166666666668],[126.726166666666671,35.00825],[126.726083333333335,35.00825],[126.726083333333335,35.008333333333333],[126.725833333333327,35.008333333333333],[126.725833333333327,35.008416666666662],[126.725666666666669,35.008416666666662],[126.725666666666669,35.008583333333334],[126.7255,35.008583333333334],[126.7255,35.0085],[126.725166666666667,35.0085],[126.725166666666667,35.008666666666663],[126.72508333333333,35.008666666666663],[126.72508333333333,35.008583333333334],[126.725,35.008583333333334],[126.725,35.00875],[126.72475,35.00875],[126.72475,35.008666666666663],[126.7245,35.008666666666663],[126.7245,35.008833333333328],[126.72441666666667,35.008833333333328],[126.72441666666667,35.008916666666664],[126.724333333333334,35.008916666666664],[126.724333333333334,35.00875],[126.72425,35.00875],[126.72425,35.008666666666663],[126.723916666666668,35.008666666666663],[126.723916666666668,35.008583333333334],[126.723583333333337,35.008583333333334],[126.723583333333337,35.008666666666663],[126.72325,35.008666666666663],[126.72325,35.00875],[126.723,35.00875],[126.723,35.008833333333328],[126.722833333333327,35.008833333333328],[126.722833333333327,35.00875],[126.72275,35.00875],[126.72275,35.008833333333328],[126.722666666666669,35.008833333333328],[126.722666666666669,35.00875],[126.722166666666666,35.00875],[126.722166666666666,35.008833333333328],[126.722,35.008833333333328],[126.722,35.008916666666664],[126.721916666666658,35.008916666666664],[126.721916666666658,35.008833333333328],[126.721833333333336,35.008833333333328],[126.721833333333336,35.00875],[126.721666666666664,35.00875],[126.721666666666664,35.008833333333328],[126.72141666666667,35.008833333333328],[126.72141666666667,35.00875],[126.72125,35.00875],[126.72125,35.008666666666663],[126.721166666666662,35.008666666666663],[126.721166666666662,35.00875],[126.721,35.00875],[126.721,35.008833333333328],[126.720833333333331,35.008833333333328],[126.720833333333331,35.008916666666664],[126.720666666666659,35.008916666666664],[126.720666666666659,35.009],[126.72075,35.009],[126.72075,35.009083333333329],[126.720833333333331,35.009083333333329],[126.720833333333331,35.009166666666665],[126.720916666666668,35.009166666666665],[126.720916666666668,35.00925],[126.721083333333326,35.00925],[126.721083333333326,35.009333333333331],[126.72141666666667,35.009333333333331],[126.72141666666667,35.00925],[126.721666666666664,35.00925],[126.721666666666664,35.009166666666665],[126.721833333333336,35.009166666666665],[126.721833333333336,35.00925],[126.72208333333333,35.00925],[126.72208333333333,35.009583333333332],[126.72225,35.009583333333332],[126.72225,35.009666666666668],[126.722333333333324,35.009666666666668],[126.722333333333324,35.00975],[126.722583333333333,35.00975],[126.722583333333333,35.009833333333333],[126.723,35.009833333333333],[126.723,35.009666666666668],[126.7235,35.009666666666668],[126.7235,35.0095],[126.723666666666659,35.0095],[126.723666666666659,35.009583333333332],[126.72375,35.009583333333332],[126.72375,35.01],[126.723666666666659,35.01],[126.723666666666659,35.010083333333334],[126.723583333333337,35.010083333333334],[126.723583333333337,35.010166666666663],[126.723416666666665,35.010166666666663],[126.723416666666665,35.01025],[126.723166666666671,35.01025],[126.723166666666671,35.010333333333328],[126.72275,35.010333333333328],[126.72275,35.01025],[126.722666666666669,35.01025],[126.722666666666669,35.010166666666663],[126.72241666666666,35.010166666666663],[126.72241666666666,35.010083333333334],[126.72208333333333,35.010083333333334],[126.72208333333333,35.010166666666663],[126.721666666666664,35.010166666666663],[126.721666666666664,35.010083333333334],[126.721583333333328,35.010083333333334],[126.721583333333328,35.010166666666663],[126.7215,35.010166666666663],[126.7215,35.010083333333334],[126.72141666666667,35.010083333333334],[126.72141666666667,35.010166666666663],[126.721333333333334,35.010166666666663],[126.721333333333334,35.010083333333334],[126.721166666666662,35.010083333333334],[126.721166666666662,35.01],[126.721083333333326,35.01],[126.721083333333326,35.010083333333334],[126.721,35.010083333333334],[126.721,35.01],[126.720916666666668,35.01],[126.720916666666668,35.010083333333334],[126.720833333333331,35.010083333333334],[126.720833333333331,35.01],[126.720666666666659,35.01],[126.720666666666659,35.009916666666662],[126.720583333333337,35.009916666666662],[126.720583333333337,35.01],[126.7205,35.01],[126.7205,35.009916666666662],[126.720333333333329,35.009916666666662],[126.720333333333329,35.009833333333333],[126.72025,35.009833333333333],[126.72025,35.009916666666662],[126.720166666666671,35.009916666666662],[126.720166666666671,35.00975],[126.720083333333335,35.00975],[126.720083333333335,35.009666666666668],[126.71975,35.009666666666668],[126.71975,35.009583333333332],[126.719666666666669,35.009583333333332],[126.719666666666669,35.009666666666668],[126.719583333333333,35.009666666666668],[126.719583333333333,35.009583333333332],[126.7195,35.009583333333332],[126.7195,35.0095],[126.71925,35.0095],[126.71925,35.009416666666667],[126.71908333333333,35.009416666666667],[126.71908333333333,35.009333333333331],[126.719,35.009333333333331],[126.719,35.00925],[126.718833333333336,35.00925],[126.718833333333336,35.009333333333331],[126.7185,35.009333333333331],[126.7185,35.00925],[126.718333333333334,35.00925],[126.718333333333334,35.009166666666665],[126.718166666666662,35.009166666666665],[126.718166666666662,35.009083333333329],[126.718,35.009083333333329],[126.718,35.009],[126.71775,35.009],[126.71775,35.008916666666664],[126.717583333333337,35.008916666666664],[126.717583333333337,35.008833333333328],[126.71725,35.008833333333328],[126.71725,35.00875],[126.717083333333335,35.00875],[126.717083333333335,35.008666666666663],[126.717,35.008666666666663],[126.717,35.008583333333334],[126.716916666666663,35.008583333333334],[126.716916666666663,35.0085],[126.716666666666669,35.0085],[126.716666666666669,35.008333333333333],[126.716583333333332,35.008333333333333],[126.716583333333332,35.00825],[126.7165,35.00825],[126.7165,35.008166666666668],[126.716333333333324,35.008166666666668],[126.716333333333324,35.008083333333332],[126.71625,35.008083333333332],[126.71625,35.007916666666667],[126.716166666666666,35.007916666666667],[126.716166666666666,35.00783333333333],[126.71608333333333,35.00783333333333],[126.71608333333333,35.00775],[126.715916666666658,35.00775],[126.715916666666658,35.007666666666665],[126.715833333333336,35.007666666666665],[126.715833333333336,35.007583333333329],[126.71575,35.007583333333329],[126.71575,35.007416666666664],[126.715583333333328,35.007416666666664],[126.715583333333328,35.007333333333328],[126.7155,35.007333333333328],[126.7155,35.00725],[126.71541666666667,35.00725],[126.71541666666667,35.007083333333334],[126.715333333333334,35.007083333333334],[126.715333333333334,35.007],[126.715083333333325,35.007],[126.715083333333325,35.006916666666662],[126.715,35.006916666666662],[126.715,35.006833333333333],[126.714916666666667,35.006833333333333],[126.714916666666667,35.00675],[126.714833333333331,35.00675],[126.714833333333331,35.006583333333332],[126.71475,35.006583333333332],[126.71475,35.006416666666667],[126.714666666666659,35.006416666666667],[126.714666666666659,35.00633333333333],[126.714583333333337,35.00633333333333],[126.714583333333337,35.00625],[126.714416666666665,35.00625],[126.714416666666665,35.006166666666665],[126.714333333333329,35.006166666666665],[126.714333333333329,35.006],[126.71425,35.006],[126.71425,35.005916666666664],[126.714166666666671,35.005916666666664],[126.714166666666671,35.005833333333335],[126.714,35.005833333333335],[126.714,35.00575],[126.714083333333335,35.00575],[126.714083333333335,35.005666666666663],[126.714,35.005666666666663],[126.714,35.005583333333334],[126.713916666666663,35.005583333333334],[126.713916666666663,35.0055],[126.713833333333326,35.0055],[126.713833333333326,35.005416666666662],[126.71375,35.005416666666662],[126.71375,35.005333333333333],[126.713666666666668,35.005333333333333],[126.713666666666668,35.00525],[126.713583333333332,35.00525],[126.713583333333332,35.005083333333332],[126.7135,35.005083333333332],[126.7135,35.005],[126.71341666666666,35.005],[126.71341666666666,35.004916666666666],[126.71325,35.004916666666666],[126.71325,35.00475],[126.713166666666666,35.00475],[126.713166666666666,35.004666666666665],[126.71308333333333,35.004666666666665],[126.71308333333333,35.0045],[126.713,35.0045],[126.713,35.004416666666664],[126.712833333333336,35.004416666666664],[126.712833333333336,35.004333333333335],[126.71275,35.004333333333335],[126.71275,35.00425],[126.7125,35.00425],[126.7125,35.004166666666663],[126.71241666666667,35.004166666666663],[126.71241666666667,35.004083333333334],[126.712333333333333,35.004083333333334],[126.712333333333333,35.004],[126.71225,35.004],[126.71225,35.003833333333333],[126.712083333333325,35.003833333333333],[126.712083333333325,35.003666666666668],[126.712166666666661,35.003666666666668],[126.712166666666661,35.003583333333331],[126.712083333333325,35.003583333333331],[126.712083333333325,35.00333333333333],[126.712166666666661,35.00333333333333],[126.712166666666661,35.003166666666665],[126.712333333333333,35.003166666666665],[126.712333333333333,35.002916666666664],[126.71241666666667,35.002916666666664],[126.71241666666667,35.002583333333334],[126.712583333333328,35.002583333333334],[126.712583333333328,35.002416666666662],[126.712666666666664,35.002416666666662],[126.712666666666664,35.002333333333333],[126.713166666666666,35.002333333333333],[126.713166666666666,35.002416666666662],[126.71325,35.002416666666662],[126.71325,35.0025],[126.713166666666666,35.0025],[126.713166666666666,35.002916666666664],[126.713333333333324,35.002916666666664],[126.713333333333324,35.003],[126.71341666666666,35.003],[126.71341666666666,35.003083333333329],[126.713583333333332,35.003083333333329],[126.713583333333332,35.003166666666665],[126.713666666666668,35.003166666666665],[126.713666666666668,35.00325],[126.71375,35.00325],[126.71375,35.00333333333333],[126.713833333333326,35.00333333333333],[126.713833333333326,35.003416666666666],[126.714,35.003416666666666],[126.714,35.003583333333331],[126.714083333333335,35.003583333333331],[126.714083333333335,35.003666666666668],[126.714166666666671,35.003666666666668],[126.714166666666671,35.00375],[126.714333333333329,35.00375],[126.714333333333329,35.003833333333333],[126.714416666666665,35.003833333333333],[126.714416666666665,35.003916666666662],[126.7145,35.003916666666662],[126.7145,35.004],[126.714583333333337,35.004],[126.714583333333337,35.004083333333334],[126.71475,35.004083333333334],[126.71475,35.004166666666663],[126.714833333333331,35.004166666666663],[126.714833333333331,35.00425],[126.714916666666667,35.00425],[126.714916666666667,35.004333333333335],[126.715,35.004333333333335],[126.715,35.004416666666664],[126.715083333333325,35.004416666666664],[126.715083333333325,35.0045],[126.715166666666661,35.0045],[126.715166666666661,35.004583333333329],[126.71525,35.004583333333329],[126.71525,35.004666666666665],[126.715333333333334,35.004666666666665],[126.715333333333334,35.00475],[126.7155,35.00475],[126.7155,35.00483333333333],[126.715583333333328,35.00483333333333],[126.715583333333328,35.004916666666666],[126.715666666666664,35.004916666666666],[126.715666666666664,35.005],[126.715833333333336,35.005],[126.715833333333336,35.005083333333332],[126.715916666666658,35.005083333333332],[126.715916666666658,35.005166666666668],[126.716,35.005166666666668],[126.716,35.005333333333333],[126.71625,35.005333333333333],[126.71625,35.005416666666662],[126.71641666666666,35.005416666666662],[126.71641666666666,35.0055],[126.716666666666669,35.0055],[126.716666666666669,35.005583333333334],[126.71675,35.005583333333334],[126.71675,35.005666666666663],[126.716833333333327,35.005666666666663],[126.716833333333327,35.00575],[126.717083333333335,35.00575],[126.717083333333335,35.005833333333335],[126.717333333333329,35.005833333333335],[126.717333333333329,35.005916666666664],[126.7175,35.005916666666664],[126.7175,35.006083333333329],[126.71775,35.006083333333329],[126.71775,35.006166666666665],[126.718083333333325,35.006166666666665],[126.718083333333325,35.00625],[126.7185,35.00625],[126.7185,35.00633333333333],[126.718833333333336,35.00633333333333],[126.718833333333336,35.006416666666667],[126.719166666666666,35.006416666666667],[126.719166666666666,35.0065],[126.719666666666669,35.0065],[126.719666666666669,35.006583333333332],[126.71975,35.006583333333332],[126.71975,35.006666666666668],[126.7225,35.006666666666668],[126.7225,35.006583333333332],[126.723416666666665,35.006583333333332],[126.723416666666665,35.006666666666668],[126.723833333333332,35.006666666666668],[126.723833333333332,35.0065],[126.724166666666662,35.0065],[126.724166666666662,35.006416666666667],[126.724583333333328,35.006416666666667],[126.724583333333328,35.00633333333333],[126.72508333333333,35.00633333333333],[126.72508333333333,35.00625],[126.725416666666661,35.00625],[126.725416666666661,35.006166666666665],[126.725666666666669,35.006166666666665],[126.725666666666669,35.006083333333329],[126.726166666666671,35.006083333333329],[126.726166666666671,35.006],[126.7265,35.006],[126.7265,35.005916666666664],[126.726666666666659,35.005916666666664],[126.726666666666659,35.005833333333335],[126.72675,35.005833333333335],[126.72675,35.005916666666664],[126.726833333333332,35.005916666666664],[126.726833333333332,35.005833333333335],[126.726916666666668,35.005833333333335],[126.726916666666668,35.00575],[126.727166666666662,35.00575],[126.727166666666662,35.005666666666663],[126.72775,35.005666666666663],[126.72775,35.00575],[126.727833333333336,35.00575],[126.727833333333336,35.005833333333335],[126.727916666666658,35.005833333333335],[126.727916666666658,35.005666666666663],[126.728,35.005666666666663],[126.728,35.005583333333334],[126.728583333333333,35.005583333333334],[126.728583333333333,35.005666666666663],[126.72875,35.005666666666663],[126.72875,35.0055],[126.728916666666663,35.0055],[126.728916666666663,35.005583333333334],[126.729083333333335,35.005583333333334],[126.729083333333335,35.005416666666662],[126.72925,35.005416666666662],[126.72925,35.0055],[126.729416666666665,35.0055],[126.729416666666665,35.005333333333333],[126.729583333333338,35.005333333333333],[126.729583333333338,35.005416666666662],[126.729916666666668,35.005416666666662],[126.729916666666668,35.00525],[126.73,35.00525],[126.73,35.005333333333333],[126.730333333333334,35.005333333333333],[126.730333333333334,35.00525],[126.730666666666664,35.00525],[126.730666666666664,35.005166666666668],[126.730916666666658,35.005166666666668],[126.730916666666658,35.005],[126.731083333333331,35.005],[126.731083333333331,35.005083333333332],[126.731583333333333,35.005083333333332],[126.731583333333333,35.005],[126.732,35.005],[126.732,35.004916666666666],[126.733,35.004916666666666],[126.733,35.00483333333333],[126.73341666666667,35.00483333333333],[126.73341666666667,35.00475],[126.733666666666664,35.00475],[126.733666666666664,35.00483333333333],[126.733833333333337,35.00483333333333],[126.733833333333337,35.00475],[126.734666666666669,35.00475],[126.734666666666669,35.00483333333333],[126.735,35.00483333333333],[126.735,35.004916666666666],[126.735083333333336,35.004916666666666],[126.735083333333336,35.005],[126.735166666666657,35.005],[126.735166666666657,35.005083333333332],[126.735416666666666,35.005083333333332],[126.735416666666666,35.005],[126.7355,35.005],[126.7355,35.005083333333332],[126.735583333333338,35.005083333333332],[126.735583333333338,35.005333333333333],[126.73575,35.005333333333333],[126.73575,35.005416666666662],[126.735916666666668,35.005416666666662],[126.735916666666668,35.005333333333333],[126.736083333333326,35.005333333333333],[126.736083333333326,35.005416666666662],[126.736166666666662,35.005416666666662],[126.736166666666662,35.005666666666663],[126.73641666666667,35.005666666666663],[126.73641666666667,35.00575],[126.7365,35.00575],[126.7365,35.005833333333335],[126.736833333333337,35.005833333333335],[126.736833333333337,35.005916666666664],[126.736916666666659,35.005916666666664],[126.736916666666659,35.006083333333329],[126.737,35.006083333333329],[126.737,35.00625],[126.737166666666667,35.00625],[126.737166666666667,35.006416666666667],[126.73725,35.006416666666667],[126.73725,35.0065],[126.737333333333325,35.0065],[126.737333333333325,35.006583333333332],[126.737416666666661,35.006583333333332],[126.737416666666661,35.006666666666668],[126.7375,35.006666666666668],[126.7375,35.00675],[126.737583333333333,35.00675],[126.737583333333333,35.006833333333333],[126.737666666666669,35.006833333333333],[126.737666666666669,35.007],[126.737583333333333,35.007],[126.737583333333333,35.007166666666663],[126.737666666666669,35.007166666666663],[126.737666666666669,35.00725],[126.73775,35.00725],[126.73775,35.007416666666664],[126.737833333333327,35.007416666666664],[126.737833333333327,35.0075],[126.737916666666663,35.0075],[126.737916666666663,35.007666666666665],[126.738,35.007666666666665],[126.738,35.00775],[126.738083333333336,35.00775],[126.738083333333336,35.00783333333333],[126.738,35.00783333333333],[126.738,35.008083333333332],[126.738083333333336,35.008083333333332],[126.738083333333336,35.008166666666668],[126.738166666666658,35.008166666666668],[126.738166666666658,35.008333333333333],[126.73825,35.008333333333333],[126.73825,35.00925],[126.73833333333333,35.00925],[126.73833333333333,35.010333333333328],[126.738416666666666,35.010333333333328],[126.738416666666666,35.01075],[126.73825,35.01075],[126.73825,35.010833333333331],[126.73833333333333,35.010833333333331],[126.73833333333333,35.010916666666667],[126.738416666666666,35.010916666666667],[126.738416666666666,35.011166666666668],[126.73825,35.011166666666668],[126.73825,35.011416666666662],[126.738166666666658,35.011416666666662],[126.738166666666658,35.01275],[126.738083333333336,35.01275],[126.738083333333336,35.013083333333334],[126.738166666666658,35.013083333333334],[126.738166666666658,35.013166666666663],[126.73825,35.013166666666663],[126.73825,35.01375],[126.73833333333333,35.01375],[126.73833333333333,35.01425],[126.738416666666666,35.01425],[126.738416666666666,35.01475],[126.7385,35.01475],[126.7385,35.01525],[126.738583333333338,35.01525],[126.738583333333338,35.0155],[126.7385,35.0155],[126.7385,35.01575],[126.738166666666658,35.01575],[126.738166666666658,35.015916666666662],[126.7385,35.015916666666662],[126.7385,35.016],[126.73875,35.016],[126.73875,35.016083333333334],[126.738833333333332,35.016083333333334],[126.738833333333332,35.016416666666665],[126.73875,35.016416666666665],[126.73875,35.016833333333331],[126.738833333333332,35.016833333333331],[126.738833333333332,35.016916666666667],[126.738916666666668,35.016916666666667],[126.738916666666668,35.017],[126.739,35.017],[126.739,35.017166666666668],[126.739083333333326,35.017166666666668],[126.739083333333326,35.0175],[126.739166666666662,35.0175],[126.739166666666662,35.01775],[126.73925,35.01775],[126.73925,35.017833333333328],[126.739333333333335,35.017833333333328],[126.739333333333335,35.01808333333333],[126.739416666666671,35.01808333333333],[126.739416666666671,35.018166666666666],[126.7395,35.018166666666666],[126.7395,35.018333333333331],[126.739583333333329,35.018333333333331],[126.739583333333329,35.018916666666662],[126.7395,35.018916666666662],[126.7395,35.02],[126.739333333333335,35.02],[126.739333333333335,35.020166666666668],[126.739416666666671,35.020166666666668],[126.739416666666671,35.021333333333331],[126.739333333333335,35.021333333333331],[126.739333333333335,35.022083333333335],[126.73925,35.022083333333335],[126.73925,35.022333333333329],[126.739333333333335,35.022333333333329],[126.739333333333335,35.022416666666665],[126.73925,35.022416666666665],[126.73925,35.022916666666667],[126.739166666666662,35.022916666666667],[126.739166666666662,35.023166666666668],[126.73925,35.023166666666668],[126.73925,35.02475],[126.739333333333335,35.02475],[126.739333333333335,35.025916666666667],[126.739416666666671,35.025916666666667],[126.739416666666671,35.026083333333332],[126.7395,35.026083333333332],[126.7395,35.026333333333334],[126.739416666666671,35.026333333333334],[126.739416666666671,35.026833333333329],[126.7395,35.026833333333329],[126.7395,35.027],[126.739333333333335,35.027],[126.739333333333335,35.02725],[126.739416666666671,35.02725],[126.739416666666671,35.027333333333331],[126.7395,35.027333333333331],[126.7395,35.028],[126.739416666666671,35.028],[126.739416666666671,35.02825],[126.739333333333335,35.02825],[126.739333333333335,35.028333333333329],[126.73925,35.028333333333329],[126.73925,35.028416666666665],[126.739083333333326,35.028416666666665],[126.739083333333326,35.028666666666666],[126.739,35.028666666666666],[126.739,35.029083333333332],[126.738916666666668,35.029083333333332],[126.738916666666668,35.02925],[126.738833333333332,35.02925],[126.738833333333332,35.029416666666663],[126.73875,35.029416666666663],[126.73875,35.0295],[126.73866666666666,35.0295],[126.73866666666666,35.029583333333335],[126.7385,35.029583333333335],[126.7385,35.029833333333329],[126.738416666666666,35.029833333333329],[126.738416666666666,35.03008333333333],[126.7385,35.03008333333333],[126.7385,35.030166666666666],[126.738416666666666,35.030166666666666],[126.738416666666666,35.030333333333331],[126.73833333333333,35.030333333333331],[126.73833333333333,35.0305],[126.738166666666658,35.0305],[126.738166666666658,35.030583333333333],[126.738083333333336,35.030583333333333],[126.738083333333336,35.03075],[126.737916666666663,35.03075],[126.737916666666663,35.030833333333334],[126.737833333333327,35.030833333333334],[126.737833333333327,35.030916666666663],[126.73775,35.030916666666663],[126.73775,35.031166666666664],[126.737583333333333,35.031166666666664],[126.737583333333333,35.03125],[126.7375,35.03125],[126.7375,35.031416666666665],[126.737416666666661,35.031416666666665],[126.737416666666661,35.0315],[126.737166666666667,35.0315],[126.737166666666667,35.031666666666666],[126.737083333333331,35.031666666666666],[126.737083333333331,35.03175],[126.736916666666659,35.03175],[126.736916666666659,35.031916666666667],[126.736833333333337,35.031916666666667],[126.736833333333337,35.032],[126.73675,35.032],[126.73675,35.032083333333333],[126.736583333333328,35.032083333333333],[126.736583333333328,35.032166666666662],[126.7365,35.032166666666662],[126.7365,35.0325],[126.736333333333334,35.0325],[126.736333333333334,35.032583333333335],[126.73625,35.032583333333335],[126.73625,35.032666666666664],[126.736166666666662,35.032666666666664],[126.736166666666662,35.032833333333329],[126.736,35.032833333333329],[126.736,35.032916666666665],[126.735916666666668,35.032916666666665],[126.735916666666668,35.03308333333333],[126.735833333333332,35.03308333333333],[126.735833333333332,35.033166666666666],[126.73566666666666,35.033166666666666],[126.73566666666666,35.03325],[126.735583333333338,35.03325],[126.735583333333338,35.033333333333331],[126.7355,35.033333333333331],[126.7355,35.0335],[126.73533333333333,35.0335],[126.73533333333333,35.033583333333333],[126.73525,35.033583333333333],[126.73525,35.03375],[126.735166666666657,35.03375],[126.735166666666657,35.033916666666663],[126.735083333333336,35.033916666666663],[126.735083333333336,35.033833333333334],[126.735,35.033833333333334],[126.735,35.034083333333335],[126.734916666666663,35.034083333333335],[126.734916666666663,35.034166666666664],[126.734833333333327,35.034166666666664],[126.734833333333327,35.03425],[126.73475,35.03425],[126.73475,35.034333333333329],[126.734666666666669,35.034333333333329],[126.734666666666669,35.0345],[126.734583333333333,35.0345],[126.734583333333333,35.034666666666666],[126.734416666666661,35.034666666666666],[126.734416666666661,35.034833333333331],[126.734333333333325,35.034833333333331],[126.734333333333325,35.035083333333333],[126.73425,35.035083333333333],[126.73425,35.035416666666663],[126.734083333333331,35.035416666666663],[126.734083333333331,35.0355],[126.734,35.0355],[126.734,35.035666666666664],[126.734083333333331,35.035666666666664],[126.734083333333331,35.03575],[126.733666666666664,35.03575]],[[126.739166666666662,35.01808333333333],[126.73925,35.01808333333333],[126.73925,35.018],[126.739166666666662,35.018],[126.739166666666662,35.01808333333333]],[[126.736166666666662,35.01225],[126.73625,35.01225],[126.73625,35.012166666666666],[126.736166666666662,35.012166666666666],[126.736166666666662,35.01225]],[[126.720333333333329,35.009833333333333],[126.720416666666665,35.009833333333333],[126.720416666666665,35.009666666666668],[126.720333333333329,35.009666666666668],[126.720333333333329,35.009833333333333]],[[126.736,35.00575],[126.736083333333326,35.00575],[126.736083333333326,35.005666666666663],[126.736,35.005666666666663],[126.736,35.00575]]]}},
{"type":"Feature","properties":{"DN":1},"geometry":{"type":"Polygon","coordinates":[[[126.727083333333326,35.0025],[126.727083333333326,35.002416666666662],[126.72741666666667,35.002416666666662],[126.72741666666667,35.002333333333333],[126.7275,35.002333333333333],[126.7275,35.002416666666662],[126.727583333333328,35.002416666666662],[126.727583333333328,35.0025],[126.727083333333326,35.0025]]]}},
{"type":"Feature","properties":{"DN":1},"geometry":{"type":"Polygon","coordinates":[[[126.71341666666666,35.00225],[126.71341666666666,35.002166666666668],[126.7135,35.002166666666668],[126.7135,35.00225],[126.71341666666666,35.00225]]]}},
{"type":"Feature","properties":{"DN":1},"geometry":{"type":"Polygon","coordinates":[[[126.713916666666663,35.00225],[126.713916666666663,35.002166666666668],[126.713833333333326,35.002166666666668],[126.713833333333326,35.002083333333331],[126.71375,35.002083333333331],[126.71375,35.002],[126.714,35.002],[126.714,35.001916666666666],[126.714083333333335,35.001916666666666],[126.714083333333335,35.00183333333333],[126.714333333333329,35.00183333333333],[126.714333333333329,35.002083333333331],[126.714416666666665,35.002083333333331],[126.714416666666665,35.002166666666668],[126.714333333333329,35.002166666666668],[126.714333333333329,35.00225],[126.71425,35.00225],[126.71425,35.002166666666668],[126.714166666666671,35.002166666666668],[126.714166666666671,35.00225],[126.713916666666663,35.00225]]]}},
{"type":"Feature","properties":{"DN":1},"geometry":{"type":"Polygon","coordinates":[[[126.71475,35.00175],[126.71475,35.001666666666665],[126.714833333333331,35.001666666666665],[126.714833333333331,35.00175],[126.71475,35.00175]]]}},
{"type":"Feature","properties":{"DN":1},"geometry":{"type":"Polygon","coordinates":[[[126.7155,35.001583333333329],[126.7155,35.001416666666664],[126.715583333333328,35.001416666666664],[126.715583333333328,35.0015],[126.715666666666664,35.0015],[126.715666666666664,35.001583333333329],[126.7155,35.001583333333329]]]}},
{"type":"Feature","properties":{"DN":1},"geometry":{"type":"Polygon","coordinates":[[[126.711666666666659,35.003416666666666],[126.711666666666659,35.00333333333333],[126.7115,35.00333333333333],[126.7115,35.00325],[126.711416666666665,35.00325],[126.711416666666665,35.003166666666665],[126.711333333333329,35.003166666666665],[126.711333333333329,35.003],[126.71125,35.003],[126.71125,35.002916666666664],[126.711166666666671,35.002916666666664],[126.711166666666671,35.002833333333335],[126.711,35.002833333333335],[126.711,35.00275],[126.710916666666662,35.00275],[126.710916666666662,35.002666666666663],[126.710833333333326,35.002666666666663],[126.710833333333326,35.002583333333334],[126.710583333333332,35.002583333333334],[126.710583333333332,35.0025],[126.7105,35.0025],[126.7105,35.002333333333333],[126.71041666666666,35.002333333333333],[126.71041666666666,35.00225],[126.710333333333338,35.00225],[126.710333333333338,35.002333333333333],[126.71025,35.002333333333333],[126.71025,35.002166666666668],[126.710166666666666,35.002166666666668],[126.710166666666666,35.002083333333331],[126.70975,35.002083333333331],[126.70975,35.002],[126.709666666666664,35.002],[126.709666666666664,35.001916666666666],[126.709333333333333,35.001916666666666],[126.709333333333333,35.00183333333333],[126.709166666666661,35.00183333333333],[126.709166666666661,35.00175],[126.70925,35.00175],[126.70925,35.001666666666665],[126.709333333333333,35.001666666666665],[126.709333333333333,35.001583333333329],[126.70925,35.001583333333329],[126.70925,35.0015],[126.709416666666669,35.0015],[126.709416666666669,35.001333333333335],[126.7095,35.001333333333335],[126.7095,35.001083333333334],[126.709666666666664,35.001083333333334],[126.709666666666664,35.000833333333333],[126.70975,35.000833333333333],[126.70975,35.000666666666667],[126.709833333333336,35.000666666666667],[126.709833333333336,35.0005],[126.709916666666658,35.0005],[126.709916666666658,35.000416666666666],[126.71,35.000416666666666],[126.71,35.00033333333333],[126.71008333333333,35.00033333333333],[126.71008333333333,35.000416666666666],[126.71041666666666,35.000416666666666],[126.71041666666666,35.0005],[126.710583333333332,35.0005],[126.710583333333332,35.000583333333331],[126.710666666666668,35.000583333333331],[126.710666666666668,35.000666666666667],[126.71075,35.000666666666667],[126.71075,35.00075],[126.711,35.00075],[126.711,35.000833333333333],[126.711083333333335,35.000833333333333],[126.711083333333335,35.001],[126.711166666666671,35.001],[126.711166666666671,35.001083333333334],[126.71125,35.001083333333334],[126.71125,35.001166666666663],[126.711333333333329,35.001166666666663],[126.711333333333329,35.00125],[126.7115,35.00125],[126.7115,35.001333333333335],[126.711583333333337,35.001333333333335],[126.711583333333337,35.0015],[126.711833333333331,35.0015],[126.711833333333331,35.001583333333329],[126.711916666666667,35.001583333333329],[126.711916666666667,35.001666666666665],[126.712083333333325,35.001666666666665],[126.712083333333325,35.00183333333333],[126.712166666666661,35.00183333333333],[126.712166666666661,35.001916666666666],[126.71225,35.001916666666666],[126.71225,35.002],[126.712333333333333,35.002],[126.712333333333333,35.002083333333331],[126.71241666666667,35.002083333333331],[126.71241666666667,35.002166666666668],[126.7125,35.002166666666668],[126.7125,35.00225],[126.71241666666667,35.00225],[126.71241666666667,35.0025],[126.712333333333333,35.0025],[126.712333333333333,35.002666666666663],[126.71225,35.002666666666663],[126.71225,35.003],[126.712083333333325,35.003],[126.712083333333325,35.00325],[126.712,35.00325],[126.712,35.00333333333333],[126.711916666666667,35.00333333333333],[126.711916666666667,35.003416666666666],[126.711666666666659,35.003416666666666]],[[126.711833333333331,35.00333333333333],[126.711916666666667,35.00333333333333],[126.711916666666667,35.00325],[126.711833333333331,35.00325],[126.711833333333331,35.00333333333333]]]}},
{"type":"Feature","properties":{"DN":1},"geometry":{"type":"Polygon","coordinates":[[[126.705666666666659,34.99275],[126.705666666666659,34.992666666666665],[126.705833333333331,34.992666666666665],[126.705833333333331,34.99275],[126.705666666666659,34.99275]]]}},
{"type":"Feature","properties":{"DN":1},"geometry":{"type":"Polygon","coordinates":[[[126.708666666666659,35.001583333333329],[126.708666666666659,35.0015],[126.708416666666665,35.0015],[126.708416666666665,35.001416666666664],[126.708083333333335,35.001416666666664],[126.708083333333335,35.001333333333335],[126.707666666666668,35.001333333333335],[126.707666666666668,35.00125],[126.707583333333332,35.00125],[126.707583333333332,35.001166666666663],[126.70741666666666,35.001166666666663],[126.70741666666666,35.00125],[126.707,35.00125],[126.707,35.001166666666663],[126.706916666666658,35.001166666666663],[126.706916666666658,35.001083333333334],[126.7065,35.001083333333334],[126.7065,35.001],[126.706333333333333,35.001],[126.706333333333333,35.001083333333334],[126.706166666666661,35.001083333333334],[126.706166666666661,35.001],[126.705833333333331,35.001],[126.705833333333331,35.000916666666662],[126.705666666666659,35.000916666666662],[126.705666666666659,35.000833333333333],[126.705583333333337,35.000833333333333],[126.705583333333337,35.00075],[126.7055,35.00075],[126.7055,35.000833333333333],[126.70525,35.000833333333333],[126.70525,35.00075],[126.704666666666668,35.00075],[126.704666666666668,35.000666666666667],[126.704333333333338,35.000666666666667],[126.704333333333338,35.000583333333331],[126.704,35.000583333333331],[126.704,35.0005],[126.7035,35.0005],[126.7035,35.000416666666666],[126.703416666666669,35.000416666666666],[126.703416666666669,35.00033333333333],[126.703083333333325,35.00033333333333],[126.703083333333325,35.000416666666666],[126.703,35.000416666666666],[126.703,35.00033333333333],[126.702666666666659,35.00033333333333],[126.702666666666659,35.000416666666666],[126.702583333333337,35.000416666666666],[126.702583333333337,35.00033333333333],[126.702416666666664,35.00033333333333],[126.702416666666664,35.000416666666666],[126.70225,35.000416666666666],[126.70225,35.00033333333333],[126.702,35.00033333333333],[126.702,35.000416666666666],[126.70175,35.000416666666666],[126.70175,35.0005],[126.701666666666668,35.0005],[126.701666666666668,35.000416666666666],[126.70075,35.000416666666666],[126.70075,35.0005],[126.700666666666663,35.0005],[126.700666666666663,35.000416666666666],[126.700583333333327,35.000416666666666],[126.700583333333327,35.0005],[126.7005,35.0005],[126.7005,35.000416666666666],[126.700333333333333,35.000416666666666],[126.700333333333333,35.00033333333333],[126.70025,35.00033333333333],[126.70025,35.00025],[126.700166666666661,35.00025],[126.700166666666661,35.000166666666665],[126.7,35.000166666666665],[126.7,35.000083333333329],[126.699916666666667,35.000083333333329],[126.699916666666667,35.0],[126.6995,35.0],[126.6995,34.999916666666664],[126.699416666666664,34.999916666666664],[126.699416666666664,34.999833333333335],[126.69925,34.999833333333335],[126.69925,34.99975],[126.69916666666667,34.99975],[126.69916666666667,34.999666666666663],[126.699083333333334,34.999666666666663],[126.699083333333334,34.999583333333334],[126.698916666666662,34.999583333333334],[126.698916666666662,34.9995],[126.698833333333326,34.9995],[126.698833333333326,34.999416666666662],[126.698666666666668,34.999416666666662],[126.698666666666668,34.99925],[126.6985,34.99925],[126.6985,34.999166666666667],[126.69841666666666,34.999166666666667],[126.69841666666666,34.999083333333331],[126.698166666666665,34.999083333333331],[126.698166666666665,34.999],[126.698083333333329,34.999],[126.698083333333329,34.998916666666666],[126.698,34.998916666666666],[126.698,34.99883333333333],[126.697416666666669,34.99883333333333],[126.697416666666669,34.99875],[126.697333333333333,34.99875],[126.697333333333333,34.998666666666665],[126.697166666666661,34.998666666666665],[126.697166666666661,34.9985],[126.696833333333331,34.9985],[126.696833333333331,34.998416666666664],[126.696666666666658,34.998416666666664],[126.696666666666658,34.998333333333335],[126.69575,34.998333333333335],[126.69575,34.99825],[126.695666666666668,34.99825],[126.695666666666668,34.998416666666664],[126.695333333333338,34.998416666666664],[126.695333333333338,34.9985],[126.695,34.9985],[126.695,34.998583333333329],[126.694666666666663,34.998583333333329],[126.694666666666663,34.998666666666665],[126.694333333333333,34.998666666666665],[126.694333333333333,34.99875],[126.694166666666661,34.99875],[126.694166666666661,34.99883333333333],[126.693916666666667,34.99883333333333],[126.693916666666667,34.998916666666666],[126.693666666666658,34.998916666666666],[126.693666666666658,34.999],[126.69325,34.999],[126.69325,34.999083333333331],[126.693,34.999083333333331],[126.693,34.999166666666667],[126.692833333333326,34.999166666666667],[126.692833333333326,34.99925],[126.692583333333332,34.99925],[126.692583333333332,34.999333333333333],[126.692333333333337,34.999333333333333],[126.692333333333337,34.999416666666662],[126.692166666666665,34.999416666666662],[126.692166666666665,34.9995],[126.691916666666671,34.9995],[126.691916666666671,34.999583333333334],[126.691833333333335,34.999583333333334],[126.691833333333335,34.999666666666663],[126.691583333333327,34.999666666666663],[126.691583333333327,34.99975],[126.691333333333333,34.99975],[126.691333333333333,34.999833333333335],[126.69125,34.999833333333335],[126.69125,35.0],[126.69116666666666,35.0],[126.69116666666666,35.000083333333329],[126.690916666666666,35.000083333333329],[126.690916666666666,35.000166666666665],[126.690666666666658,35.000166666666665],[126.690666666666658,35.00025],[126.690583333333336,35.00025],[126.690583333333336,35.00033333333333],[126.6905,35.00033333333333],[126.6905,35.000416666666666],[126.69025,35.000416666666666],[126.69025,35.0005],[126.69016666666667,35.0005],[126.69016666666667,35.000583333333331],[126.69,35.000583333333331],[126.69,34.99725],[126.69016666666667,34.99725],[126.69016666666667,34.997166666666665],[126.69025,34.997166666666665],[126.69025,34.997083333333329],[126.6905,34.997083333333329],[126.6905,34.997],[126.690916666666666,34.997],[126.690916666666666,34.996916666666664],[126.69125,34.996916666666664],[126.69125,34.996833333333335],[126.691583333333327,34.996833333333335],[126.691583333333327,34.99675],[126.692083333333329,34.99675],[126.692083333333329,34.996666666666663],[126.692916666666662,34.996666666666663],[126.692916666666662,34.996583333333334],[126.693333333333328,34.996583333333334],[126.693333333333328,34.9965],[126.693916666666667,34.9965],[126.693916666666667,34.996416666666669],[126.6945,34.996416666666669],[126.6945,34.996333333333332],[126.694666666666663,34.996333333333332],[126.694666666666663,34.99625],[126.694833333333335,34.99625],[126.694833333333335,34.996166666666667],[126.695166666666665,34.996166666666667],[126.695166666666665,34.99625],[126.69525,34.99625],[126.69525,34.996333333333332],[126.695416666666659,34.996333333333332],[126.695416666666659,34.996416666666669],[126.69616666666667,34.996416666666669],[126.69616666666667,34.996583333333334],[126.69625,34.996583333333334],[126.69625,34.996666666666663],[126.696416666666664,34.996666666666663],[126.696416666666664,34.996583333333334],[126.6965,34.996583333333334],[126.6965,34.996666666666663],[126.69675,34.996666666666663],[126.69675,34.99675],[126.697083333333325,34.99675],[126.697083333333325,34.996666666666663],[126.697333333333333,34.996666666666663],[126.697333333333333,34.99675],[126.697583333333327,34.99675],[126.697583333333327,34.996833333333335],[126.69825,34.996833333333335],[126.69825,34.996916666666664],[126.6985,34.996916666666664],[126.6985,34.997],[126.698833333333326,34.997],[126.698833333333326,34.997083333333329],[126.698916666666662,34.997083333333329],[126.698916666666662,34.997166666666665],[126.699,34.997166666666665],[126.699,34.99725],[126.699416666666664,34.99725],[126.699416666666664,34.99733333333333],[126.6995,34.99733333333333],[126.6995,34.997416666666666],[126.699833333333331,34.997416666666666],[126.699833333333331,34.997583333333331],[126.7,34.997583333333331],[126.7,34.997666666666667],[126.700166666666661,34.997666666666667],[126.700166666666661,34.997583333333331],[126.70025,34.997583333333331],[126.70025,34.997666666666667],[126.700416666666669,34.997666666666667],[126.700416666666669,34.99775],[126.7005,34.99775],[126.7005,34.997833333333332],[126.700833333333335,34.997833333333332],[126.700833333333335,34.99775],[126.70108333333333,34.99775],[126.70108333333333,34.997583333333331],[126.701166666666666,34.997583333333331],[126.701166666666666,34.997666666666667],[126.701333333333338,34.997666666666667],[126.701333333333338,34.99733333333333],[126.70141666666666,34.99733333333333],[126.70141666666666,34.997],[126.701333333333338,34.997],[126.701333333333338,34.996916666666664],[126.70141666666666,34.996916666666664],[126.70141666666666,34.996833333333335],[126.701333333333338,34.996833333333335],[126.701333333333338,34.99675],[126.70125,34.99675],[126.70125,34.9965],[126.701166666666666,34.9965],[126.701166666666666,34.996416666666669],[126.70125,34.996416666666669],[126.70125,34.99625],[126.70108333333333,34.99625],[126.70108333333333,34.996],[126.701,34.996],[126.701,34.995916666666666],[126.700916666666657,34.995916666666666],[126.700916666666657,34.995416666666664],[126.700833333333335,34.995416666666664],[126.700833333333335,34.995333333333335],[126.700916666666657,34.995333333333335],[126.700916666666657,34.995166666666663],[126.701,34.995166666666663],[126.701,34.995],[126.700916666666657,34.995],[126.700916666666657,34.994916666666668],[126.701,34.994916666666668],[126.701,34.994833333333332],[126.701166666666666,34.994833333333332],[126.701166666666666,34.994666666666667],[126.70125,34.994666666666667],[126.70125,34.9945],[126.70141666666666,34.9945],[126.70141666666666,34.994416666666666],[126.7015,34.994416666666666],[126.7015,34.99433333333333],[126.701583333333332,34.99433333333333],[126.701583333333332,34.994166666666665],[126.701666666666668,34.994166666666665],[126.701666666666668,34.99425],[126.701833333333326,34.99425],[126.701833333333326,34.994083333333329],[126.701916666666662,34.994083333333329],[126.701916666666662,34.994],[126.702083333333334,34.994],[126.702083333333334,34.993916666666664],[126.70225,34.993916666666664],[126.70225,34.993833333333335],[126.702416666666664,34.993833333333335],[126.702416666666664,34.99375],[126.702583333333337,34.99375],[126.702583333333337,34.993666666666662],[126.702833333333331,34.993666666666662],[126.702833333333331,34.993583333333333],[126.702916666666667,34.993583333333333],[126.702916666666667,34.9935],[126.703166666666661,34.9935],[126.703166666666661,34.993416666666668],[126.703416666666669,34.993416666666668],[126.703416666666669,34.993333333333332],[126.7035,34.993333333333332],[126.7035,34.99325],[126.703833333333336,34.99325],[126.703833333333336,34.993166666666667],[126.703916666666657,34.993166666666667],[126.703916666666657,34.993083333333331],[126.704166666666666,34.993083333333331],[126.704166666666666,34.993],[126.7045,34.993],[126.7045,34.992916666666666],[126.70475,34.992916666666666],[126.70475,34.99283333333333],[126.705,34.99283333333333],[126.705,34.99275],[126.705083333333334,34.99275],[126.705083333333334,34.992666666666665],[126.70516666666667,34.992666666666665],[126.70516666666667,34.992583333333329],[126.70525,34.992583333333329],[126.70525,34.9925],[126.705416666666665,34.9925],[126.705416666666665,34.992416666666664],[126.705666666666659,34.992416666666664],[126.705666666666659,34.9925],[126.705583333333337,34.9925],[126.705583333333337,34.992666666666665],[126.7055,34.992666666666665],[126.7055,34.99275],[126.705333333333328,34.99275],[126.705333333333328,34.993],[126.70525,34.993],[126.70525,34.993083333333331],[126.70516666666667,34.993083333333331],[126.70516666666667,34.993166666666667],[126.705083333333334,34.993166666666667],[126.705083333333334,34.993083333333331],[126.705,34.993083333333331],[126.705,34.993166666666667],[126.704833333333326,34.993166666666667],[126.704833333333326,34.993333333333332],[126.704666666666668,34.993333333333332],[126.704666666666668,34.993416666666668],[126.704583333333332,34.993416666666668],[126.704583333333332,34.9935],[126.704333333333338,34.9935],[126.704333333333338,34.993666666666662],[126.70425,34.993666666666662],[126.70425,34.99375],[126.704,34.99375],[126.704,34.993833333333335],[126.703833333333336,34.993833333333335],[126.703833333333336,34.993916666666664],[126.703666666666663,34.993916666666664],[126.703666666666663,34.994],[126.703333333333333,34.994],[126.703333333333333,34.994083333333329],[126.703166666666661,34.994083333333329],[126.703166666666661,34.994166666666665],[126.703,34.994166666666665],[126.703,34.99425],[126.702833333333331,34.99425],[126.702833333333331,34.99433333333333],[126.702583333333337,34.99433333333333],[126.702583333333337,34.994416666666666],[126.7025,34.994416666666666],[126.7025,34.9945],[126.702333333333328,34.9945],[126.702333333333328,34.994583333333331],[126.70225,34.994583333333331],[126.70225,34.994666666666667],[126.70216666666667,34.994666666666667],[126.70216666666667,34.99475],[126.702,34.99475],[126.702,34.994833333333332],[126.701833333333326,34.994833333333332],[126.701833333333326,34.995],[126.701916666666662,34.995],[126.701916666666662,34.995166666666663],[126.701833333333326,34.995166666666663],[126.701833333333326,34.9955],[126.70175,34.9955],[126.70175,34.995583333333329],[126.701666666666668,34.995583333333329],[126.701666666666668,34.996083333333331],[126.701583333333332,34.996083333333331],[126.701583333333332,34.996583333333334],[126.7015,34.996583333333334],[126.7015,34.996833333333335],[126.701583333333332,34.996833333333335],[126.701583333333332,34.996916666666664],[126.701666666666668,34.996916666666664],[126.701666666666668,34.997],[126.70175,34.997],[126.70175,34.997083333333329],[126.701833333333326,34.997083333333329],[126.701833333333326,34.997166666666665],[126.70175,34.997166666666665],[126.70175,34.997833333333332],[126.701833333333326,34.997833333333332],[126.701833333333326,34.997916666666661],[126.701916666666662,34.997916666666661],[126.701916666666662,34.998],[126.702,34.998],[126.702,34.998083333333334],[126.702083333333334,34.998083333333334],[126.702083333333334,34.998166666666663],[126.7025,34.998166666666663],[126.7025,34.99825],[126.702666666666659,34.99825],[126.702666666666659,34.998166666666663],[126.70275,34.998166666666663],[126.70275,34.99825],[126.702916666666667,34.99825],[126.702916666666667,34.998333333333335],[126.703,34.998333333333335],[126.703,34.998416666666664],[126.703416666666669,34.998416666666664],[126.703416666666669,34.9985],[126.703583333333327,34.9985],[126.703583333333327,34.998583333333329],[126.703916666666657,34.998583333333329],[126.703916666666657,34.998666666666665],[126.70425,34.998666666666665],[126.70425,34.99875],[126.704666666666668,34.99875],[126.704666666666668,34.99883333333333],[126.705083333333334,34.99883333333333],[126.705083333333334,34.998916666666666],[126.70516666666667,34.998916666666666],[126.70516666666667,34.999],[126.70575,34.999],[126.70575,34.999083333333331],[126.70625,34.999083333333331],[126.70625,34.999166666666667],[126.7065,34.999166666666667],[126.7065,34.99925],[126.707166666666666,34.99925],[126.707166666666666,34.999333333333333],[126.70775,34.999333333333333],[126.70775,34.999416666666662],[126.707833333333326,34.999416666666662],[126.707833333333326,34.9995],[126.707916666666662,34.9995],[126.707916666666662,34.999583333333334],[126.708,34.999583333333334],[126.708,34.999666666666663],[126.708166666666671,34.999666666666663],[126.708166666666671,34.99975],[126.708333333333329,34.99975],[126.708333333333329,34.999666666666663],[126.7085,34.999666666666663],[126.7085,34.99975],[126.708916666666667,34.99975],[126.708916666666667,34.999833333333335],[126.709333333333333,34.999833333333335],[126.709333333333333,34.999916666666664],[126.709583333333327,34.999916666666664],[126.709583333333327,35.0],[126.709666666666664,35.0],[126.709666666666664,35.000083333333329],[126.70975,35.000083333333329],[126.70975,35.000166666666665],[126.709833333333336,35.000166666666665],[126.709833333333336,35.00033333333333],[126.70975,35.00033333333333],[126.70975,35.000416666666666],[126.709666666666664,35.000416666666666],[126.709666666666664,35.0005],[126.7095,35.0005],[126.7095,35.00075],[126.709416666666669,35.00075],[126.709416666666669,35.001083333333334],[126.709333333333333,35.001083333333334],[126.709333333333333,35.001416666666664],[126.709166666666661,35.001416666666664],[126.709166666666661,35.0015],[126.708833333333331,35.0015],[126.708833333333331,35.001583333333329],[126.708666666666659,35.001583333333329]],[[126.70141666666666,34.995916666666666],[126.7015,34.995916666666666],[126.7015,34.99583333333333],[126.70141666666666,34.99583333333333],[126.70141666666666,34.995916666666666]],[[126.701666666666668,34.995083333333334],[126.70175,34.995083333333334],[126.70175,34.995],[126.701666666666668,34.995],[126.701666666666668,34.995083333333334]]]}},
{"type":"Feature","properties":{"DN":1},"geometry":{"type":"Polygon","coordinates":[[[126.705833333333331,34.992416666666664],[126.705833333333331,34.992333333333335],[126.705916666666667,34.992333333333335],[126.705916666666667,34.992416666666664],[126.705833333333331,34.992416666666664]]]}},
{"type":"Feature","properties":{"DN":1},"geometry":{"type":"Polygon","coordinates":[[[126.70575,34.99225],[126.70575,34.992],[126.705833333333331,34.992],[126.705833333333331,34.991916666666668],[126.705666666666659,34.991916666666668],[126.705666666666659,34.991833333333332],[126.705583333333337,34.991833333333332],[126.705583333333337,34.991583333333331],[126.705666666666659,34.991583333333331],[126.705666666666659,34.9915],[126.70575,34.9915],[126.70575,34.991416666666666],[126.705666666666659,34.991416666666666],[126.705666666666659,34.99133333333333],[126.70575,34.99133333333333],[126.70575,34.99125],[126.706,34.99125],[126.706,34.991],[126.705916666666667,34.991],[126.705916666666667,34.990916666666664],[126.706,34.990916666666664],[126.706,34.990833333333335],[126.706083333333325,34.990833333333335],[126.706083333333325,34.9905],[126.70625,34.9905],[126.70625,34.990583333333333],[126.706333333333333,34.990583333333333],[126.706333333333333,34.99075],[126.706166666666661,34.99075],[126.706166666666661,34.991],[126.70625,34.991],[126.70625,34.991083333333329],[126.706166666666661,34.991083333333329],[126.706166666666661,34.99175],[126.70625,34.99175],[126.70625,34.991833333333332],[126.706166666666661,34.991833333333332],[126.706166666666661,34.991916666666668],[126.706083333333325,34.991916666666668],[126.706083333333325,34.992],[126.705916666666667,34.992],[126.705916666666667,34.992083333333333],[126.705833333333331,34.992083333333333],[126.705833333333331,34.99225],[126.70575,34.99225]]]}},
{"type":"Feature","properties":{"DN":1},"geometry":{"type":"Polygon","coordinates":[[[126.70575,34.990333333333332],[126.70575,34.990166666666667],[126.705833333333331,34.990166666666667],[126.705833333333331,34.99025],[126.705916666666667,34.99025],[126.705916666666667,34.990333333333332],[126.70575,34.990333333333332]]]}},
{"type":"Feature","properties":{"DN":1},"geometry":{"type":"Polygon","coordinates":[[[126.705833333333331,34.990083333333331],[126.705833333333331,34.99],[126.70625,34.99],[126.70625,34.990083333333331],[126.705833333333331,34.990083333333331]]]}}
]
}
