{
"type": "FeatureCollection",
"name": "bnd_dong_00_2025_2Q",
"features": [
{"type":"Feature","properties":{"BASE_DATE":"20250630","ADM_CD":"24030700","ADM_NM":"대촌동"},"geometry":{"type":"Polygon","coordinates":[[[126.8564836,35.1064327],[126.8564244,35.1065048],[126.8563215,35.1066264],[126.8562212,35.106745],[126.856139,35.1068261],[126.8561318,35.1068332],[126.855975,35.106988],[126.8559102,35.1070519],[126.8557721,35.1070778],[126.855709,35.1070897],[126.8555527,35.1071279],[126.8553282,35.1071828],[126.8553263,35.1071833],[126.8552812,35.1071943],[126.8552699,35.1071907],[126.8551447,35.1071503],[126.8551376,35.107148],[126.8549213,35.1070783],[126.8548641,35.1070598],[126.8547868,35.1070404],[126.8547702,35.1069922],[126.8546064,35.1068229],[126.8544977,35.1066605],[126.8544908,35.1066502],[126.8544738,35.106618],[126.8543349,35.1065892],[126.8536562,35.1063574],[126.8534964,35.1063722],[126.853126,35.1064066],[126.8530568,35.1064083],[126.8522412,35.1061403],[126.8522352,35.1061389],[126.8521051,35.1061097],[126.8515023,35.1059743],[126.8510871,35.1059187],[126.8507545,35.105923],[126.850691,35.1059228],[126.8506714,35.105915],[126.8505543,35.1058685],[126.8504483,35.1058254],[126.8497792,35.1055531],[126.8497654,35.1055531],[126.8497229,35.105553],[126.8495764,35.1055528],[126.8489855,35.1055519],[126.8489799,35.1055519],[126.8485674,35.1058081],[126.8477316,35.1057803],[126.8477059,35.1057672],[126.8473381,35.1055804],[126.846746,35.105285],[126.8466001,35.1050715],[126.8463701,35.1045596],[126.8463512,35.1045174],[126.8458961,35.1044342],[126.8456696,35.1044417],[126.8455501,35.1044457],[126.8450993,35.1043356],[126.8441545,35.1041049],[126.8440069,35.1040688],[126.8439933,35.1040411],[126.843735,35.1035158],[126.8434689,35.103226],[126.8431127,35.10294],[126.8424406,35.1026149],[126.842419,35.102035],[126.8421546,35.101746],[126.841773,35.1015181],[126.841119,35.1010817],[126.8410763,35.1010536],[126.8404022,35.1012601],[126.8395628,35.1013585],[126.8394921,35.1013668],[126.8388308,35.1017388],[126.8383704,35.1019971],[126.8383185,35.1020178],[126.8381022,35.102285],[126.8380678,35.1022487],[126.837652,35.1018099],[126.8376071,35.1017207],[126.837399,35.101307],[126.837396,35.1012923],[126.8372066,35.1003807],[126.8370494,35.1002996],[126.8369042,35.1001719],[126.8367661,35.0997351],[126.8368334,35.0992218],[126.8365989,35.0986616],[126.8365848,35.0986525],[126.8363423,35.0985247],[126.8358601,35.0982645],[126.8351773,35.097989],[126.8351453,35.0979761],[126.8347908,35.0979292],[126.8344774,35.0978878],[126.8342405,35.0978564],[126.8340081,35.0978542],[126.8338243,35.0978524],[126.8336001,35.0978502],[126.8335692,35.0978542],[126.8334425,35.0978708],[126.8327388,35.0979626],[126.8319445,35.0979526],[126.8319134,35.097956],[126.8317105,35.0979782],[126.8316683,35.0979828],[126.8314827,35.0980031],[126.8314296,35.0980089],[126.8314128,35.0980107],[126.8314116,35.0980098],[126.8313909,35.0979935],[126.8309734,35.0976661],[126.8307986,35.0975214],[126.8307885,35.0974372],[126.8307817,35.0973811],[126.8307775,35.0973729],[126.8307691,35.0973566],[126.8305021,35.0968655],[126.8302004,35.0965652],[126.8301971,35.0965661],[126.8293489,35.0956932],[126.828629,35.0952227],[126.8282226,35.0948846],[126.8282441,35.0948353],[126.8282536,35.0948384],[126.8282504,35.094835],[126.8282636,35.094804],[126.8282641,35.0948029],[126.8282658,35.0947993],[126.8282668,35.0947972],[126.8282973,35.094739],[126.8283368,35.0945132],[126.8283421,35.0944849],[126.8283466,35.0944618],[126.8283514,35.0944364],[126.8283323,35.0944315],[126.8281095,35.0944224],[126.8277892,35.0944375],[126.827775,35.0944379],[126.8276114,35.0944372],[126.8274972,35.0944164],[126.8274205,35.0944094],[126.8272651,35.0943447],[126.827081,35.0942681],[126.8270525,35.0942592],[126.8270377,35.0942415],[126.8267584,35.0939051],[126.8266724,35.0938064],[126.826587,35.0937171],[126.8265521,35.0936746],[126.8264335,35.0935814],[126.8262342,35.0934397],[126.8262295,35.0934363],[126.8260455,35.0933246],[126.8259213,35.0932492],[126.8257569,35.0931516],[126.8256651,35.0931266],[126.8252902,35.0930495],[126.8247065,35.0931815],[126.8244699,35.093235],[126.8240882,35.0930338],[126.8237607,35.0928947],[126.823466,35.0926819],[126.8234525,35.092667],[126.8233657,35.0925716],[126.8232142,35.092405],[126.8227352,35.092091],[126.8227343,35.0920904],[126.8226685,35.0920737],[126.8225968,35.0920505],[126.8225733,35.0920459],[126.8224186,35.0920161],[126.8222501,35.0919744],[126.8221154,35.0918643],[126.8212834,35.0916662],[126.8207664,35.0914094],[126.8200839,35.0909366],[126.8200788,35.0909331],[126.8193233,35.0913652],[126.818189,35.092014],[126.8178405,35.0923088],[126.817546,35.0925578],[126.8174283,35.0926575],[126.8170253,35.0929613],[126.816975,35.0930028],[126.8169516,35.0930221],[126.816942,35.09303],[126.8169104,35.093056],[126.8169003,35.0930643],[126.8168291,35.0931167],[126.8167447,35.0931787],[126.816693,35.0932457],[126.8165409,35.093438],[126.816486,35.0934981],[126.8164497,35.0935378],[126.8163185,35.0936663],[126.8162789,35.0937051],[126.8161996,35.0936924],[126.8161776,35.0936892],[126.8159968,35.0936623],[126.8155129,35.0935904],[126.8154825,35.0935835],[126.8153728,35.0935739],[126.8151892,35.0934974],[126.8150348,35.0934994],[126.815032,35.0934995],[126.815029,35.0934995],[126.8150246,35.0934996],[126.8149429,35.0934729],[126.81493,35.0934669],[126.8149136,35.0934593],[126.8146752,35.0933484],[126.8146448,35.0933348],[126.8144797,35.0932608],[126.8144756,35.0932384],[126.8144454,35.0932264],[126.8143752,35.093265],[126.8143634,35.0932748],[126.814273,35.0933489],[126.8142399,35.0934581],[126.8142127,35.0932936],[126.8142727,35.0932022],[126.8141809,35.093093],[126.8140159,35.0929095],[126.8139031,35.0927909],[126.8137741,35.0927079],[126.8136537,35.0926003],[126.8134209,35.0923759],[126.813236,35.0922075],[126.8124117,35.0918052],[126.8123687,35.0917807],[126.8117273,35.0912915],[126.8115967,35.0911871],[126.8114486,35.0911918],[126.8113365,35.0910611],[126.8113228,35.0910546],[126.8110976,35.0909492],[126.8110915,35.0909463],[126.8107303,35.0913667],[126.8107111,35.0913907],[126.8106576,35.0914573],[126.8105965,35.0915279],[126.8104937,35.0916019],[126.8101398,35.091818],[126.8099252,35.0919555],[126.8099151,35.0919629],[126.8097546,35.0920817],[126.8097142,35.0921253],[126.8096192,35.0921846],[126.8096103,35.0921902],[126.8096054,35.0922065],[126.8095899,35.0922592],[126.8095666,35.092338],[126.8095481,35.0924005],[126.8095488,35.0924034],[126.8095679,35.0924056],[126.809556,35.0924326],[126.8095409,35.0924668],[126.8095275,35.0924972],[126.809493,35.0925799],[126.8094526,35.0926713],[126.8094137,35.092745],[126.8093008,35.0928464],[126.8091283,35.093058],[126.8091022,35.0930901],[126.8090981,35.0930897],[126.8090379,35.093085],[126.8090181,35.0930835],[126.8089976,35.0931149],[126.8083819,35.0935703],[126.8083144,35.0939152],[126.8079348,35.0941831],[126.8079245,35.0945403],[126.8076981,35.0948886],[126.8073865,35.0954075],[126.8070208,35.0965226],[126.8069173,35.0966594],[126.8064602,35.0974685],[126.8064423,35.0975002],[126.8064326,35.0975174],[126.8064139,35.0974576],[126.8063651,35.0973023],[126.8063257,35.0972506],[126.806302,35.0972743],[126.8062275,35.0972274],[126.8061507,35.0971446],[126.8060933,35.0970674],[126.8060663,35.0970312],[126.8059942,35.0969425],[126.8059752,35.0969209],[126.8059308,35.0968561],[126.8059251,35.0968485],[126.8058973,35.0968116],[126.8058963,35.0968112],[126.8057799,35.096775],[126.8057742,35.0967733],[126.8057715,35.0967706],[126.8057567,35.0967563],[126.8057208,35.0967213],[126.8056977,35.0966695],[126.8056104,35.0966304],[126.8055297,35.0965677],[126.8055084,35.0965102],[126.8054988,35.0964843],[126.8053905,35.096375],[126.8053038,35.0961906],[126.8052924,35.0961663],[126.8052856,35.0961518],[126.8052175,35.0960068],[126.8051956,35.095917],[126.8051652,35.0957927],[126.8052611,35.0957324],[126.8053249,35.0956307],[126.8053334,35.095617],[126.805331,35.0953964],[126.8051454,35.095119],[126.8051498,35.0950432],[126.804996,35.0948879],[126.8045821,35.0947006],[126.8045073,35.0946526],[126.8044474,35.0946121],[126.8044397,35.0945122],[126.8044498,35.094389],[126.8044132,35.0943419],[126.8042337,35.0942777],[126.8041246,35.0942116],[126.8040819,35.0941857],[126.8040552,35.0941695],[126.8039548,35.0940193],[126.8038815,35.0939714],[126.8037004,35.0938146],[126.803635,35.0938093],[126.8035931,35.0939052],[126.8034938,35.0938679],[126.8034472,35.0936922],[126.8034078,35.093586],[126.8034045,35.0935839],[126.8033418,35.0935741],[126.8033031,35.0935597],[126.8033012,35.0935587],[126.8032749,35.093548],[126.8031863,35.0935119],[126.8031799,35.0935386],[126.8031744,35.0935613],[126.8025338,35.0934828],[126.802531,35.0934825],[126.8025593,35.0932785],[126.8025975,35.0931109],[126.8026783,35.0927354],[126.8025701,35.0922989],[126.8025398,35.0921866],[126.8022411,35.0916568],[126.8022238,35.0916262],[126.8022198,35.091619],[126.8022189,35.0916175],[126.8021736,35.0915795],[126.8017861,35.0912544],[126.8015226,35.0910379],[126.8014967,35.0910153],[126.8013449,35.0908829],[126.8012673,35.0908153],[126.8012225,35.0907913],[126.8010928,35.0907218],[126.8007872,35.0905582],[126.8005955,35.0904558],[126.8003106,35.0901312],[126.8002785,35.0900946],[126.8002676,35.0900817],[126.800267,35.0900815],[126.8000026,35.0899836],[126.7998351,35.0899108],[126.7996685,35.0898089],[126.7994385,35.0897216],[126.7991565,35.0895761],[126.7987865,35.0894207],[126.7982334,35.0890761],[126.7979224,35.0891026],[126.7973612,35.0890549],[126.796263,35.0882099],[126.7959819,35.0879936],[126.7958491,35.087749],[126.7958407,35.0877346],[126.7956762,35.0874321],[126.7955144,35.0871331],[126.795352,35.0868353],[126.7953053,35.086749],[126.7951906,35.0865376],[126.7950195,35.0862195],[126.7948649,35.0859388],[126.7948463,35.0859051],[126.7946859,35.0856101],[126.7945207,35.0853104],[126.7943487,35.0850001],[126.7941835,35.0847004],[126.7940205,35.0844012],[126.7939674,35.0843037],[126.7939074,35.0842948],[126.7938961,35.0842913],[126.7938723,35.0842838],[126.7938351,35.0842676],[126.7938011,35.0842511],[126.7937325,35.0841956],[126.7930264,35.0835643],[126.7923845,35.0829737],[126.7922687,35.0828665],[126.7922612,35.0828603],[126.7919597,35.0826111],[126.791928,35.0825818],[126.7916831,35.0823549],[126.7914441,35.0821342],[126.791407,35.0820999],[126.7913966,35.0820887],[126.7913501,35.082022],[126.7912482,35.0817839],[126.7912312,35.0817446],[126.7911139,35.0814738],[126.791047,35.0813197],[126.7910309,35.0812817],[126.7908509,35.0808496],[126.7908349,35.0808092],[126.7907592,35.0806307],[126.7907078,35.0805093],[126.7907043,35.0805012],[126.7905992,35.0805397],[126.7905822,35.080546],[126.790421,35.0802468],[126.7902627,35.0799546],[126.790258,35.0799459],[126.7898233,35.0801061],[126.7897267,35.0801417],[126.7897153,35.0801459],[126.7896763,35.0800743],[126.789551,35.0798437],[126.7894692,35.0796938],[126.7893797,35.0795299],[126.7890667,35.078942],[126.789051,35.0788639],[126.7890509,35.0788634],[126.788844,35.0786767],[126.7883187,35.0782037],[126.7880949,35.0780025],[126.7880544,35.0778118],[126.7880466,35.077794],[126.7880271,35.0777492],[126.7877106,35.0770238],[126.787483,35.0768058],[126.7870867,35.0764029],[126.7869991,35.0763138],[126.7868231,35.0760144],[126.7867032,35.0758351],[126.7864741,35.0754927],[126.7863996,35.0753815],[126.7860789,35.0749022],[126.7858658,35.0747231],[126.7857029,35.0745889],[126.7854616,35.0743936],[126.7852327,35.0742079],[126.7850453,35.0740762],[126.7847664,35.0738823],[126.7845329,35.0737182],[126.7842222,35.0735341],[126.7838611,35.0733229],[126.7835349,35.0731373],[126.7832909,35.0730013],[126.7831547,35.0729254],[126.783105,35.0728977],[126.7827879,35.0727207],[126.7825024,35.0725605],[126.782255,35.0724493],[126.782064,35.0723771],[126.7818974,35.072314],[126.7815318,35.072179],[126.7810786,35.072042],[126.7809878,35.0720207],[126.7806661,35.0719338],[126.7803517,35.0718487],[126.7802874,35.0718306],[126.7799731,35.0717537],[126.7798115,35.0717134],[126.7795627,35.0716537],[126.7791607,35.0715568],[126.7791275,35.0715488],[126.7789472,35.0715258],[126.7786856,35.0714961],[126.7783805,35.0714615],[126.7779572,35.0714091],[126.7778907,35.0714021],[126.7778306,35.0713958],[126.7775149,35.0713637],[126.7774041,35.0713522],[126.7761111,35.0712954],[126.7756853,35.0712767],[126.7756758,35.0712763],[126.7753311,35.0712612],[126.7752738,35.0712534],[126.7744282,35.0711398],[126.7737796,35.0710092],[126.7732887,35.0709072],[126.7728118,35.0707581],[126.7723209,35.0706007],[126.771832,35.0703869],[126.7713464,35.0701833],[126.7711505,35.0700622],[126.7706215,35.0697802],[126.770575,35.069754],[126.7704667,35.0696925],[126.7702887,35.0695358],[126.7700453,35.0693789],[126.7697631,35.0691968],[126.7693472,35.068936],[126.7691622,35.0688571],[126.7690183,35.0687979],[126.7685832,35.0686188],[126.7684519,35.0685769],[126.7678455,35.0683906],[126.7677538,35.0683612],[126.7677432,35.0683611],[126.7669977,35.0681813],[126.7667065,35.068181],[126.7662582,35.0681771],[126.7658788,35.0681684],[126.7655058,35.0681724],[126.7652258,35.0681746],[126.7652118,35.0681753],[126.7650978,35.0681808],[126.7643369,35.0682181],[126.7641382,35.0682278],[126.763958,35.0682348],[126.7638599,35.0682387],[126.7637773,35.0682554],[126.7634174,35.0683217],[126.7633096,35.0683415],[126.7630834,35.0683814],[126.7627738,35.0684358],[126.7621752,35.0685315],[126.7618871,35.0685748],[126.7606436,35.0686978],[126.7596148,35.0686936],[126.758827,35.068664],[126.758249,35.0686411],[126.7575364,35.06849],[126.7569787,35.0683753],[126.7569674,35.0683692],[126.7562723,35.0679961],[126.7557836,35.0677057],[126.7549644,35.0672593],[126.7548095,35.0671808],[126.7545837,35.0670664],[126.7543725,35.0669595],[126.7541385,35.0668516],[126.7538504,35.0665328],[126.7535906,35.0662536],[126.7535826,35.066235],[126.7534985,35.0660413],[126.7534284,35.0658844],[126.7533112,35.0656273],[126.7532149,35.0654107],[126.7531364,35.0652386],[126.7531515,35.0650592],[126.7531593,35.0649868],[126.7531775,35.064756],[126.7532287,35.0646491],[126.7533336,35.0644485],[126.7536416,35.0642428],[126.7537934,35.0641414],[126.7541473,35.0639114],[126.7543261,35.063755],[126.754613,35.0634306],[126.7546389,35.0633995],[126.7547282,35.0632991],[126.7547804,35.0632404],[126.7549272,35.0630724],[126.7550948,35.0628797],[126.7552787,35.0626667],[126.7553739,35.0625555],[126.7554663,35.0622936],[126.7555821,35.0619628],[126.7556927,35.0616295],[126.755842,35.0611822],[126.7558505,35.061156],[126.7558396,35.0609497],[126.755828,35.0607304],[126.755816,35.0602085],[126.7558111,35.0597216],[126.7558139,35.0594425],[126.7558154,35.0593749],[126.7558498,35.0590926],[126.7562508,35.0587065],[126.7562667,35.0586914],[126.7567372,35.0582444],[126.7567427,35.0582487],[126.7570077,35.0584554],[126.7577256,35.059005],[126.7581356,35.0594573],[126.7585004,35.0599896],[126.7585715,35.0601345],[126.7587652,35.0605388],[126.7589624,35.0611628],[126.7591175,35.0616912],[126.7591203,35.0617007],[126.7591286,35.0617289],[126.7591514,35.0618066],[126.7593071,35.0620143],[126.7594191,35.0621636],[126.759487,35.0622555],[126.7595006,35.0622732],[126.7595651,35.062362],[126.759633,35.0624514],[126.7599536,35.0626343],[126.7601945,35.0627854],[126.7605161,35.0629874],[126.7607352,35.0631035],[126.7608407,35.0631593],[126.7609736,35.0632317],[126.7613504,35.0634411],[126.7615053,35.0635272],[126.7616342,35.0635679],[126.7619569,35.0636761],[126.7622021,35.0637582],[126.762468,35.0638554],[126.762814,35.0639847],[126.7631395,35.0640401],[126.7632896,35.0640666],[126.763554,35.0641126],[126.7640556,35.0641959],[126.7644872,35.0642701],[126.764596,35.0642858],[126.7647712,35.0643111],[126.7649245,35.0643333],[126.7651088,35.0643619],[126.7657044,35.0641023],[126.7662859,35.0638826],[126.7668533,35.0635136],[126.767396,35.0629475],[126.7674678,35.0628724],[126.7675412,35.0627734],[126.7676227,35.0626623],[126.7677943,35.0624377],[126.7680517,35.0620422],[126.7684074,35.0614533],[126.7684319,35.0614128],[126.7684451,35.0613564],[126.7684863,35.0611809],[126.7685368,35.0609974],[126.7686293,35.0606573],[126.7686299,35.0605445],[126.7686311,35.0602631],[126.7686318,35.0601983],[126.768612,35.0601706],[126.7683766,35.0598402],[126.76828,35.0597061],[126.7681943,35.0595333],[126.7678692,35.0588789],[126.767838,35.0587775],[126.7678268,35.0587409],[126.7677652,35.0585414],[126.7676738,35.0581296],[126.7676195,35.0579018],[126.7675957,35.057802],[126.7675398,35.0575736],[126.7674718,35.0571542],[126.7674118,35.0568686],[126.767383,35.0567306],[126.7673794,35.0567132],[126.7673763,35.056687],[126.767344,35.0563581],[126.7674056,35.0559666],[126.7674121,35.0559433],[126.7674568,35.0557838],[126.7674773,35.0556994],[126.7677827,35.0553375],[126.7679393,35.0551335],[126.7681474,35.0548424],[126.7683405,35.0545565],[126.7692107,35.0539714],[126.769411,35.0539298],[126.7706184,35.0536789],[126.7721015,35.0530866],[126.772796,35.052906],[126.773383,35.0528374],[126.7736543,35.0528078],[126.7739377,35.0527797],[126.7744173,35.0527196],[126.7748969,35.0526697],[126.7755077,35.0527163],[126.7758546,35.0527652],[126.7759032,35.0527726],[126.7761033,35.052803],[126.7763461,35.0529515],[126.7766429,35.0531329],[126.7766754,35.0531528],[126.778042,35.053988],[126.7785402,35.0541328],[126.7786854,35.0541777],[126.7787345,35.0541928],[126.778884,35.0542389],[126.7789968,35.0542423],[126.7797784,35.0542659],[126.780538,35.0541539],[126.7807115,35.0540818],[126.7809245,35.0539932],[126.781336,35.0539009],[126.7813385,35.0539003],[126.781587,35.0538446],[126.7818223,35.0539949],[126.7820858,35.0541632],[126.7822405,35.0542601],[126.7823484,35.0543131],[126.7824596,35.0543902],[126.7826675,35.0546361],[126.7829437,35.0549218],[126.7830735,35.0551338],[126.7831543,35.0552657],[126.7832168,35.0552875],[126.783322,35.0553146],[126.7834467,35.0552759],[126.783529,35.0552121],[126.7835394,35.0551975],[126.7836717,35.0551546],[126.7837841,35.0551678],[126.7837989,35.0551695],[126.7839623,35.0552299],[126.7841948,35.0553239],[126.7842224,35.055335],[126.7845101,35.0554778],[126.7846434,35.0554803],[126.7847041,35.0554814],[126.7849217,35.0555273],[126.7850631,35.0555601],[126.7851988,35.0556388],[126.785211,35.0556458],[126.7854922,35.0558048],[126.7854986,35.0558109],[126.7855675,35.0558763],[126.7856577,35.0559698],[126.7857084,35.056103],[126.7857124,35.0562149],[126.7857538,35.056367],[126.7857818,35.05647],[126.7859799,35.0565995],[126.7862003,35.056778],[126.7862219,35.0567954],[126.7864808,35.0569874],[126.786496,35.0569965],[126.7865238,35.0570178],[126.7865252,35.0570191],[126.7866777,35.0570743],[126.7867311,35.0570936],[126.7867583,35.0571034],[126.7870135,35.0572576],[126.7870529,35.0572814],[126.7870528,35.057321],[126.7870528,35.0573998],[126.7870755,35.0574147],[126.7873083,35.0574283],[126.7873268,35.0574291],[126.7873569,35.0574304],[126.7873888,35.0574273],[126.7874332,35.0574077],[126.7875793,35.0574796],[126.7877438,35.0574554],[126.7878041,35.0574237],[126.7878625,35.0574527],[126.7879881,35.0575294],[126.7880072,35.0575368],[126.7880776,35.0575642],[126.7881329,35.0575755],[126.7881784,35.057612],[126.7882551,35.05768],[126.7882594,35.0576867],[126.7882838,35.0577252],[126.7883708,35.0577951],[126.788405,35.0578136],[126.7884188,35.0578355],[126.7884437,35.0578782],[126.7885038,35.0579614],[126.7885062,35.057969],[126.7885193,35.0579887],[126.7886124,35.0581996],[126.7886572,35.0583256],[126.7886851,35.0583927],[126.7886975,35.0584303],[126.7887433,35.0584549],[126.7887984,35.0584975],[126.7893834,35.058986],[126.7895181,35.0590424],[126.7896315,35.0590323],[126.7896484,35.0590349],[126.7897596,35.059021],[126.7900669,35.0591355],[126.7901882,35.0591711],[126.7901967,35.0591736],[126.7903135,35.0591645],[126.7903366,35.0591621],[126.7905003,35.0591457],[126.7905134,35.0591488],[126.7906546,35.0591979],[126.7907391,35.0592634],[126.7908227,35.0593973],[126.7908943,35.0595132],[126.7909603,35.0596783],[126.7909888,35.0598168],[126.7910531,35.0601129],[126.7911465,35.060237],[126.7912255,35.060337],[126.7913659,35.0604318],[126.7913861,35.0604467],[126.7915675,35.0604882],[126.7917561,35.0603067],[126.7918943,35.0602356],[126.7919559,35.0602148],[126.7920193,35.0601933],[126.7921345,35.0601577],[126.7924389,35.0600602],[126.7925202,35.0600342],[126.7925269,35.060031],[126.792755,35.0600225],[126.7928101,35.0600269],[126.7929705,35.0600399],[126.7930871,35.0600493],[126.7934174,35.060075],[126.7935882,35.0601239],[126.7937851,35.0602312],[126.7938316,35.0602949],[126.7940283,35.0605132],[126.7942588,35.0607484],[126.7942861,35.0607765],[126.7943074,35.0607989],[126.7943143,35.0608063],[126.7943859,35.0608623],[126.7946227,35.0610365],[126.7948957,35.0611229],[126.7950501,35.0611225],[126.7952277,35.0611222],[126.7953101,35.0611053],[126.7955005,35.0610663],[126.7955499,35.061039],[126.7957626,35.060927],[126.795943,35.0607633],[126.7959601,35.0607256],[126.7960574,35.0605115],[126.7960846,35.060404],[126.7960908,35.0603796],[126.7962025,35.0599667],[126.7962104,35.0599507],[126.7963538,35.0596634],[126.7966394,35.0593367],[126.7969382,35.0590498],[126.7973046,35.0589658],[126.797505,35.058963],[126.7976416,35.0590234],[126.797854,35.0591172],[126.7980066,35.0592234],[126.7980072,35.059225],[126.79801,35.0592306],[126.7980316,35.0592629],[126.7980397,35.059275],[126.7981116,35.0591505],[126.798211,35.059174],[126.7983104,35.059219],[126.7983398,35.0592345],[126.7984435,35.0592891],[126.7984918,35.0593058],[126.7985089,35.0593071],[126.7984999,35.0593349],[126.7984928,35.0594325],[126.7985367,35.0594798],[126.7985627,35.0594363],[126.7986396,35.0593818],[126.7987096,35.0593171],[126.7987922,35.0592344],[126.7988953,35.0591543],[126.7989593,35.0591211],[126.798968,35.0591543],[126.7989702,35.0591626],[126.7989749,35.0591694],[126.7989922,35.0591934],[126.7991053,35.0592993],[126.7991894,35.0593834],[126.7992114,35.0594174],[126.7993596,35.0593426],[126.7996331,35.059219],[126.7997608,35.0591552],[126.8000064,35.0589897],[126.8001072,35.0589176],[126.8002524,35.0588099],[126.8002836,35.0587867],[126.8003109,35.0587667],[126.8004722,35.0586691],[126.8006473,35.058565],[126.8006977,35.0585344],[126.8007899,35.0584784],[126.8010016,35.0583727],[126.8010049,35.058371],[126.8009941,35.0583691],[126.8010896,35.0582861],[126.8011064,35.0582644],[126.8011745,35.0582138],[126.8012049,35.0582026],[126.8013693,35.0581816],[126.8014609,35.0581524],[126.8014872,35.0581108],[126.8014761,35.0578621],[126.8014626,35.057785],[126.8014393,35.0577309],[126.8014225,35.057677],[126.8014046,35.0576342],[126.8013942,35.0576093],[126.8013581,35.0575822],[126.8013105,35.057594],[126.8012855,35.0576004],[126.8013203,35.0575507],[126.8013212,35.0575496],[126.8013229,35.0575472],[126.8013053,35.0575239],[126.8011966,35.0574412],[126.8011917,35.0574374],[126.8013359,35.0572143],[126.8013934,35.0571129],[126.8014354,35.057007],[126.8014789,35.0569434],[126.8015288,35.0568449],[126.80157,35.0567923],[126.8015992,35.0567655],[126.8016021,35.056763],[126.801595,35.0567478],[126.8015907,35.0567389],[126.8016815,35.0566772],[126.8017623,35.0566155],[126.8017719,35.0566082],[126.8017762,35.056605],[126.8017468,35.0565669],[126.8017063,35.0565177],[126.8016814,35.0564874],[126.8016755,35.0564801],[126.8017226,35.0564584],[126.8018099,35.0564452],[126.8018244,35.056443],[126.8019228,35.056415],[126.8019553,35.0564194],[126.801954,35.0564072],[126.8019523,35.05639],[126.8019684,35.0563731],[126.8019806,35.0563658],[126.802017,35.0563337],[126.8020793,35.0562693],[126.8021262,35.0562238],[126.802172,35.0561902],[126.8021871,35.0561811],[126.8022151,35.0561643],[126.8022171,35.0561634],[126.8022256,35.0561542],[126.8022612,35.0561155],[126.8022889,35.0560929],[126.8023278,35.0560609],[126.8023889,35.0560234],[126.8024513,35.0559999],[126.8025519,35.0559877],[126.802624,35.0559787],[126.8026818,35.0559704],[126.8027231,35.0559646],[126.8027341,35.055963],[126.8027657,35.0559585],[126.8028119,35.0559556],[126.8029223,35.055948],[126.8030038,35.0559503],[126.803093,35.0559696],[126.8031747,35.0560186],[126.8031795,35.0560217],[126.8031898,35.0560089],[126.8031351,35.0559722],[126.8030824,35.0559507],[126.8030071,35.0559331],[126.8029086,35.0559276],[126.8028182,35.0559286],[126.802758,35.0559361],[126.8026487,35.0559553],[126.8026467,35.0559557],[126.8025613,35.0559691],[126.8024412,35.0559885],[126.802373,35.0560083],[126.8023236,35.056043],[126.8023119,35.0560511],[126.8022543,35.0560985],[126.8022003,35.0561583],[126.8021652,35.056179],[126.8021051,35.0562174],[126.8020588,35.0562598],[126.802037,35.0562818],[126.8020335,35.0562886],[126.8020273,35.0563009],[126.8020036,35.0563296],[126.8019631,35.0563598],[126.8019348,35.0563758],[126.8019184,35.0563692],[126.8019121,35.0563666],[126.8019015,35.0563624],[126.8019071,35.0563561],[126.8019636,35.0562938],[126.8020413,35.0562108],[126.8021269,35.0561379],[126.8021535,35.056112],[126.8021884,35.0560681],[126.8022556,35.0559889],[126.802293,35.0559531],[126.8024388,35.0558584],[126.802471,35.0558311],[126.8025129,35.0557954],[126.8025391,35.0557573],[126.802542,35.0557529],[126.8025313,35.0557444],[126.8024909,35.055712],[126.8024851,35.055701],[126.8024815,35.0556941],[126.8024976,35.0556845],[126.8025286,35.0556846],[126.8025858,35.0556661],[126.802586,35.055666],[126.8026513,35.0556156],[126.8026812,35.0555708],[126.802721,35.0555221],[126.8027974,35.0554438],[126.8028329,35.055416],[126.8029332,35.0553172],[126.8029977,35.0552269],[126.8030359,35.0551956],[126.8030627,35.0551689],[126.8030526,35.0551507],[126.8030682,35.0551524],[126.8030453,35.0550354],[126.8030325,35.0549704],[126.8030359,35.0549527],[126.8030447,35.054907],[126.8030643,35.0548445],[126.8031239,35.0547351],[126.8031457,35.0546951],[126.8031821,35.0545913],[126.8031833,35.0545878],[126.8031841,35.0545864],[126.8032253,35.0545086],[126.8032724,35.0544326],[126.8033422,35.0542573],[126.8034057,35.0541491],[126.8034163,35.0541357],[126.8034203,35.0540534],[126.8034024,35.0539457],[126.8033975,35.0539164],[126.8034025,35.0538833],[126.803421,35.0538531],[126.8034289,35.0538404],[126.8034391,35.0537779],[126.8034378,35.05377],[126.80343,35.0537232],[126.803414,35.053693],[126.8034016,35.0536164],[126.803411,35.0535716],[126.803409,35.0534901],[126.8034179,35.0534023],[126.8034424,35.0532793],[126.8034685,35.0531753],[126.8034895,35.0529954],[126.8035065,35.0528256],[126.8035197,35.0527414],[126.8035265,35.0526375],[126.8035497,35.0525387],[126.8035597,35.0524843],[126.8035618,35.0524719],[126.8035748,35.0524238],[126.8035755,35.0524211],[126.8036563,35.0523813],[126.8036773,35.052371],[126.8037408,35.0523725],[126.8038184,35.0523787],[126.8039477,35.0523816],[126.8039694,35.0523822],[126.8040532,35.0523847],[126.8041339,35.0523748],[126.8041997,35.0523704],[126.8043165,35.0523779],[126.8044168,35.0523844],[126.8044805,35.0523915],[126.8045918,35.0524039],[126.8046629,35.0524074],[126.8046976,35.0524079],[126.8047881,35.0524093],[126.8048347,35.0524098],[126.8048572,35.0524066],[126.8048953,35.0524011],[126.8049337,35.0523947],[126.8050709,35.0523718],[126.8050975,35.052364],[126.8051438,35.0523504],[126.8050958,35.0523509],[126.8050545,35.0523624],[126.8048316,35.052394],[126.8048278,35.0523945],[126.8048106,35.0523939],[126.8046955,35.0523893],[126.8046845,35.0523888],[126.8046849,35.0523729],[126.8046851,35.0523439],[126.8046848,35.0523271],[126.8046781,35.0522863],[126.8046811,35.0522349],[126.8046939,35.0521663],[126.8047376,35.0520215],[126.8047676,35.0519309],[126.8048218,35.0517757],[126.8048288,35.0517674],[126.8048321,35.0517522],[126.8048491,35.0516726],[126.8048771,35.0515824],[126.8049377,35.0515724],[126.8050397,35.0515496],[126.8051361,35.0515382],[126.8052434,35.051526],[126.8055678,35.0514961],[126.8056149,35.051498],[126.8056494,35.0514818],[126.8057188,35.0514483],[126.8058001,35.0514011],[126.8058473,35.0513671],[126.8059358,35.0513078],[126.8060116,35.0512533],[126.8060654,35.0512063],[126.8061042,35.0511638],[126.80613,35.0511609],[126.8062049,35.0511601],[126.8063104,35.051156],[126.8063632,35.0511358],[126.8064295,35.0511227],[126.8064821,35.0511095],[126.8065395,35.0511069],[126.8066805,35.0511412],[126.8067688,35.0511689],[126.8068298,35.0511826],[126.8068986,35.0511896],[126.8069625,35.0511892],[126.8070249,35.0511755],[126.8070809,35.0511496],[126.8071658,35.051096],[126.8073145,35.0510203],[126.8074297,35.050902],[126.8074362,35.0508954],[126.8075279,35.0509392],[126.8076138,35.0509908],[126.8076633,35.0510354],[126.8077499,35.0511462],[126.8077558,35.0511703],[126.8077708,35.0512269],[126.8078056,35.0512864],[126.8078198,35.0513463],[126.8078273,35.0513684],[126.8078406,35.051408],[126.807855,35.0514486],[126.807859,35.0514595],[126.8079086,35.0515521],[126.807947,35.0516104],[126.8079514,35.0516165],[126.807984,35.0516598],[126.8080433,35.0517158],[126.8080939,35.051774],[126.808167,35.0518411],[126.8082339,35.0518903],[126.8083,35.0519425],[126.8083108,35.0519592],[126.8083469,35.0520153],[126.8083758,35.0520631],[126.8084048,35.0520971],[126.8084567,35.0521556],[126.8085092,35.0522098],[126.8085636,35.0522462],[126.8086399,35.052279],[126.8086745,35.0522885],[126.80872,35.0523011],[126.8087385,35.0523083],[126.8087619,35.0523165],[126.8087838,35.0523219],[126.8087906,35.052327],[126.8088214,35.05235],[126.8088233,35.0523538],[126.8088258,35.0523592],[126.8088398,35.0523889],[126.8088429,35.0523973],[126.8088466,35.0524079],[126.8088674,35.052405],[126.8089232,35.052397],[126.8089769,35.0523857],[126.8089882,35.0523825],[126.8089902,35.0523819],[126.8090391,35.0523651],[126.8090799,35.0523511],[126.8091166,35.0523314],[126.8091296,35.0523262],[126.8092108,35.0522945],[126.8093348,35.0522425],[126.809422,35.0522175],[126.8094258,35.0522216],[126.8094724,35.0522724],[126.8094784,35.0522789],[126.8094868,35.0522879],[126.809629,35.052406],[126.8096772,35.0524438],[126.8097285,35.0524798],[126.8097829,35.0524329],[126.8098571,35.0523626],[126.8098962,35.0523169],[126.8099884,35.0523963],[126.8100668,35.0524735],[126.8102122,35.0526254],[126.8103328,35.0527454],[126.8104061,35.0528115],[126.810449,35.0528598],[126.8104912,35.0529],[126.8105055,35.0529091],[126.8105347,35.0529274],[126.8106551,35.0528327],[126.8107563,35.0527561],[126.8109025,35.0526413],[126.8109525,35.0525912],[126.8110282,35.0526753],[126.8110825,35.0527249],[126.811151,35.0528085],[126.8112062,35.0528558],[126.8113163,35.0529364],[126.8113797,35.0529943],[126.8113601,35.053029],[126.8113516,35.0530769],[126.8113566,35.0531348],[126.8113711,35.0532217],[126.8113717,35.0532268],[126.8113908,35.0532291],[126.8114078,35.0532312],[126.81141,35.0532315],[126.8114138,35.0532319],[126.8115147,35.0532005],[126.8117122,35.0531118],[126.8117793,35.0530811],[126.8118887,35.0529942],[126.8119526,35.052947],[126.8121475,35.0527997],[126.8122796,35.0527248],[126.8124603,35.0526224],[126.8125573,35.0526019],[126.8127257,35.0525831],[126.8128765,35.0526035],[126.812878,35.0526149],[126.8128856,35.0526686],[126.8128861,35.0526721],[126.8128873,35.0526809],[126.8128893,35.0526949],[126.8129119,35.0527083],[126.8132052,35.052878],[126.8132499,35.0529124],[126.8133285,35.0529128],[126.8133457,35.0529306],[126.813383,35.0529503],[126.8134294,35.0529885],[126.8134413,35.0529983],[126.8134922,35.0530402],[126.8135518,35.0530795],[126.8136103,35.0531093],[126.8136525,35.0531369],[126.8136865,35.053165],[126.8137389,35.0531914],[126.8138443,35.0532329],[126.8139051,35.0532507],[126.8141791,35.0533307],[126.8142874,35.0533571],[126.8143494,35.0533665],[126.8144172,35.0533735],[126.8144618,35.0533742],[126.8144665,35.0533742],[126.8144953,35.0533749],[126.8145816,35.0533716],[126.8145743,35.0533554],[126.8145678,35.0533412],[126.8145452,35.0532907],[126.8146553,35.0532664],[126.8148019,35.053219],[126.8149086,35.0531911],[126.8150652,35.0531273],[126.8151238,35.0531088],[126.8151905,35.05323],[126.8151946,35.0532367],[126.8152232,35.0532833],[126.8152435,35.0533164],[126.8152468,35.0533218],[126.8153293,35.0533953],[126.8153487,35.0534126],[126.8154447,35.0533535],[126.8154768,35.0533224],[126.8155698,35.0532652],[126.8156347,35.0532346],[126.8157044,35.0531953],[126.8157674,35.053167],[126.8158502,35.0531441],[126.8159293,35.0531089],[126.8160231,35.0530588],[126.81608,35.0530124],[126.816175,35.0529674],[126.8162602,35.052938],[126.8163828,35.0528868],[126.8165246,35.052804],[126.8165265,35.0528029],[126.816533,35.052799],[126.816568,35.0528307],[126.8167106,35.0529466],[126.8168102,35.0529458],[126.8168231,35.0529457],[126.8169127,35.0529451],[126.8170464,35.0528751],[126.817058,35.0528691],[126.8172285,35.0528796],[126.8173616,35.0528791],[126.8173676,35.0528791],[126.8173796,35.0528722],[126.8173834,35.0528701],[126.8175055,35.0528005],[126.817557,35.0527764],[126.8175744,35.0527933],[126.8177809,35.0526969],[126.8179272,35.0526922],[126.8180127,35.0526894],[126.8180139,35.0526894],[126.81805,35.0526882],[126.8180847,35.0526891],[126.8181821,35.0526916],[126.818494,35.0527272],[126.8185293,35.0527382],[126.8185476,35.0527488],[126.8185706,35.0527618],[126.8185718,35.0527624],[126.8185837,35.0527691],[126.8186105,35.0528071],[126.8186132,35.0528109],[126.818643,35.0529184],[126.8186435,35.0529205],[126.8186557,35.0529625],[126.8186839,35.0530504],[126.8187405,35.0531768],[126.8188092,35.0532461],[126.8188135,35.0533781],[126.8187503,35.0535609],[126.8187159,35.0537625],[126.8187317,35.0539245],[126.818763,35.0540005],[126.8188023,35.0540562],[126.8189467,35.0542147],[126.8190117,35.0543668],[126.8190352,35.0544496],[126.8190824,35.0546223],[126.8191054,35.0547022],[126.8191099,35.0548146],[126.819113,35.0548898],[126.8191403,35.0549942],[126.8191625,35.0550247],[126.819203,35.0550949],[126.8193048,35.0552284],[126.8193179,35.0552418],[126.8193619,35.0552223],[126.8193633,35.0552218],[126.8193647,35.0552214],[126.8193662,35.0552212],[126.8193677,35.0552212],[126.8193693,35.0552214],[126.8193709,35.0552218],[126.8193724,35.0552223],[126.8193738,35.0552231],[126.819375,35.055224],[126.8193761,35.055225],[126.8193769,35.0552262],[126.8193844,35.0552386],[126.8193926,35.0552519],[126.8193939,35.0552541],[126.8193979,35.0552607],[126.8194506,35.0553505],[126.819424,35.0553613],[126.8194314,35.0553731],[126.8194394,35.055386],[126.8194523,35.0554069],[126.8195034,35.0554919],[126.8195595,35.0555264],[126.8196445,35.0555681],[126.8197785,35.0556333],[126.8198047,35.0557052],[126.8198271,35.0557934],[126.8198414,35.0558447],[126.8198482,35.0558695],[126.8198434,35.0559475],[126.8198399,35.0560343],[126.8198392,35.0560513],[126.819839,35.0560548],[126.8198552,35.0560714],[126.819879,35.0560628],[126.8198806,35.0560624],[126.8198823,35.0560621],[126.819884,35.0560621],[126.8198857,35.0560623],[126.8198873,35.0560627],[126.8198888,35.0560632],[126.8198902,35.056064],[126.8198915,35.056065],[126.8198925,35.0560661],[126.8198934,35.0560673],[126.8199102,35.0560969],[126.8199108,35.0560983],[126.8199111,35.0560997],[126.8199112,35.0561011],[126.819911,35.0561025],[126.8199105,35.0561039],[126.81991,35.0561048],[126.819919,35.0561005],[126.8199204,35.0560999],[126.8199219,35.0560995],[126.8199234,35.0560993],[126.819925,35.0560993],[126.8199267,35.0560995],[126.8199283,35.0560998],[126.8199298,35.0561004],[126.8199312,35.0561012],[126.8199324,35.0561021],[126.8199334,35.0561032],[126.8199343,35.0561043],[126.8199911,35.0561995],[126.8199917,35.0562008],[126.8199921,35.0562022],[126.8199922,35.0562037],[126.819992,35.0562051],[126.8199916,35.0562065],[126.8199909,35.0562078],[126.8199899,35.056209],[126.8199874,35.0562117],[126.8200197,35.056238],[126.8200709,35.0562978],[126.8201496,35.0564319],[126.82021,35.0565306],[126.8202472,35.0565888],[126.8203235,35.0567114],[126.8204206,35.0568596],[126.8204655,35.0569252],[126.8205035,35.0569997],[126.8205331,35.0571252],[126.8205435,35.0572095],[126.8205525,35.0573895],[126.8205811,35.0575408],[126.8205608,35.0576643],[126.8205315,35.0577504],[126.8205306,35.0577977],[126.8205298,35.0578372],[126.820542,35.0578823],[126.8205665,35.0579729],[126.8205791,35.0580205],[126.8205833,35.0580367],[126.8206847,35.0582605],[126.8207479,35.0584035],[126.8207502,35.0584342],[126.8207521,35.0584611],[126.8208,35.0585713],[126.8208617,35.0586426],[126.8210697,35.0588312],[126.821116,35.0588734],[126.821226,35.0589575],[126.8213635,35.0590453],[126.8214517,35.0591064],[126.8215037,35.0591479],[126.8215723,35.0592532],[126.8216645,35.0594275],[126.8217477,35.0596078],[126.8218066,35.0597327],[126.8218397,35.0598031],[126.8218593,35.0599482],[126.8218983,35.0599798],[126.8219947,35.0600436],[126.8219967,35.0600446],[126.8221135,35.0601044],[126.8221338,35.0601148],[126.8222382,35.0601667],[126.8223021,35.0602308],[126.822349,35.0602606],[126.8224174,35.0602868],[126.8225315,35.0603075],[126.8227429,35.0603447],[126.82291,35.0603851],[126.8229922,35.0604103],[126.8231546,35.0604577],[126.8233437,35.0605366],[126.8234577,35.060637],[126.8237589,35.0607875],[126.8238351,35.0608142],[126.8239142,35.0607864],[126.8239772,35.0607943],[126.8239939,35.0607964],[126.8241442,35.0608386],[126.8245715,35.0610703],[126.8247333,35.0611858],[126.8248431,35.0612697],[126.8248515,35.0612761],[126.8249774,35.0613616],[126.8250896,35.061405],[126.825256,35.0614693],[126.8253947,35.0615725],[126.8254103,35.061584],[126.8256319,35.061732],[126.8258209,35.0618713],[126.825957,35.0619712],[126.8261819,35.0621651],[126.826232,35.0622077],[126.8263229,35.062282],[126.8264178,35.0623615],[126.8264811,35.0624139],[126.8265277,35.0624714],[126.8265461,35.0624669],[126.826628,35.0623566],[126.8266421,35.062324],[126.8266511,35.0623134],[126.8267551,35.0621913],[126.8269407,35.0622586],[126.8272083,35.0623155],[126.8273979,35.0623297],[126.8274843,35.0623394],[126.8275609,35.0623433],[126.8275746,35.0622873],[126.8275943,35.0622697],[126.8275718,35.0622188],[126.8275756,35.0621859],[126.8275767,35.0621811],[126.8275837,35.0621562],[126.8278364,35.0621459],[126.8278864,35.0621438],[126.8278911,35.0621958],[126.8281468,35.0621733],[126.8281418,35.0621334],[126.8282239,35.06213],[126.8282261,35.062137],[126.828229,35.062146],[126.8282618,35.0621833],[126.8284857,35.0621907],[126.8285845,35.062201],[126.8285937,35.0622],[126.8286381,35.0621956],[126.8286378,35.0621928],[126.8286358,35.0621753],[126.8286933,35.0620737],[126.8287324,35.0620177],[126.8287749,35.0620014],[126.8288004,35.0619883],[126.8288766,35.0619913],[126.8289706,35.0620057],[126.8289657,35.0620183],[126.8290218,35.0620697],[126.8290805,35.062047],[126.8291224,35.0621095],[126.8290976,35.0621328],[126.8291416,35.0621516],[126.8291646,35.0621486],[126.8292418,35.0621567],[126.8293112,35.0621496],[126.8294341,35.062098],[126.8294845,35.0620737],[126.8295223,35.0620511],[126.8295717,35.0620042],[126.8296197,35.0619736],[126.8298416,35.0619662],[126.8298451,35.0619829],[126.829941,35.0619967],[126.8303037,35.0621398],[126.8303631,35.062161],[126.8305815,35.0622403],[126.8305897,35.0622424],[126.8306118,35.0623189],[126.8306651,35.0623638],[126.8308175,35.0624243],[126.8308745,35.0624075],[126.8308898,35.062398],[126.8309615,35.0623591],[126.8311426,35.0624216],[126.8311942,35.0624609],[126.8311581,35.0625428],[126.8311542,35.0626094],[126.83117,35.062647],[126.8312404,35.0626847],[126.8312715,35.0627008],[126.8313493,35.0627536],[126.831374,35.0627753],[126.8314519,35.0628439],[126.8318352,35.0629378],[126.8319939,35.0629827],[126.832142,35.0630117],[126.8323105,35.0630601],[126.8324217,35.0630366],[126.8326426,35.0630771],[126.8329546,35.063097],[126.8329906,35.0630992],[126.8331718,35.0631027],[126.8333561,35.0631216],[126.8334599,35.0631429],[126.8337491,35.0631735],[126.8338684,35.0632085],[126.8340081,35.0632467],[126.8340851,35.0632725],[126.8341199,35.0632842],[126.8342779,35.0633164],[126.8343771,35.063346],[126.8344316,35.0633926],[126.834563,35.0634703],[126.8346542,35.0635132],[126.834775,35.0635921],[126.8348999,35.0636617],[126.8349966,35.063693],[126.8350259,35.0637135],[126.8350693,35.0637439],[126.8351111,35.0637522],[126.8351362,35.0637549],[126.8352503,35.0637672],[126.835344,35.0637774],[126.8354121,35.0637914],[126.8355901,35.0637997],[126.8356942,35.0638097],[126.8359651,35.0638568],[126.8360229,35.0639173],[126.8360361,35.0639426],[126.836137,35.0641359],[126.8362158,35.0644108],[126.8362025,35.0645205],[126.8362024,35.0645219],[126.8361809,35.0645413],[126.8361255,35.0645917],[126.8361329,35.0646362],[126.8361858,35.0647317],[126.8362146,35.0648975],[126.8363202,35.0652881],[126.8363223,35.0652954],[126.8363415,35.0652646],[126.8363653,35.065261],[126.8364606,35.0652465],[126.8365955,35.0652182],[126.8366664,35.0652065],[126.8367257,35.0653679],[126.8367337,35.0653895],[126.8367642,35.065487],[126.8367804,35.0655242],[126.836814,35.0656009],[126.8368196,35.0656136],[126.8368323,35.0656684],[126.8368535,35.0660617],[126.8368481,35.0661634],[126.8368479,35.0661674],[126.8368393,35.0661916],[126.83683,35.0662175],[126.8368883,35.0662219],[126.8369192,35.0662334],[126.8369585,35.0662358],[126.8371418,35.0661613],[126.8372393,35.0661217],[126.8378045,35.0659026],[126.8379541,35.06587],[126.838003,35.0658907],[126.8380912,35.0659281],[126.8380937,35.0659279],[126.8381171,35.0659198],[126.8381807,35.0658975],[126.8382262,35.0659091],[126.8382704,35.0659045],[126.8383434,35.065897],[126.8384172,35.0659017],[126.8385407,35.0659199],[126.8386527,35.0659295],[126.8387387,35.0659405],[126.8387393,35.0659362],[126.8387458,35.0658939],[126.8387626,35.0658477],[126.8388728,35.0658515],[126.8391555,35.0658351],[126.8396309,35.0658027],[126.839934,35.0657529],[126.8401537,35.0657056],[126.8402825,35.0656923],[126.8404043,35.0656486],[126.8404186,35.065643],[126.8405265,35.0658608],[126.8405982,35.0658932],[126.840706,35.0659044],[126.8408116,35.0659154],[126.8410641,35.0659041],[126.8412258,35.0658824],[126.8412884,35.0658598],[126.8415601,35.065831],[126.8416987,35.0658284],[126.8418457,35.0658265],[126.841907,35.0658257],[126.841938,35.0658283],[126.8419484,35.0657843],[126.8419624,35.0657245],[126.8419922,35.0657247],[126.8420565,35.0656979],[126.8420578,35.0656973],[126.8420793,35.0656848],[126.8422506,35.0655845],[126.8423408,35.0655367],[126.8425064,35.0654783],[126.842592,35.0654815],[126.8426751,35.065484],[126.842781,35.0654635],[126.8428209,35.0654575],[126.8428639,35.0654513],[126.8429363,35.0654056],[126.8429615,35.0653896],[126.8429697,35.0653905],[126.8431648,35.0654106],[126.8432532,35.0654096],[126.8433035,35.0654341],[126.8434002,35.0654882],[126.8434695,35.0655369],[126.8434748,35.0655407],[126.8435433,35.0655309],[126.8435593,35.0655188],[126.8436059,35.0654307],[126.843662,35.0653638],[126.8437372,35.0653426],[126.8439123,35.0653662],[126.8439773,35.0653812],[126.844085,35.0654263],[126.8441043,35.0654332],[126.8441362,35.0654416],[126.8441188,35.0654797],[126.8441181,35.0654814],[126.8441218,35.0655213],[126.8441617,35.0655472],[126.8442027,35.0655959],[126.8442783,35.0656477],[126.8444154,35.0658866],[126.8444588,35.0659404],[126.8445408,35.0660614],[126.8446062,35.0661017],[126.8446958,35.0662311],[126.8447674,35.06624],[126.844818,35.0663162],[126.8449219,35.0663265],[126.8450356,35.066382],[126.8450943,35.0664107],[126.845153,35.0664206],[126.8451911,35.0664698],[126.8451928,35.0664719],[126.845194,35.0664737],[126.8451886,35.0665289],[126.8451973,35.0665353],[126.8452367,35.066557],[126.8452505,35.0665648],[126.8452938,35.0666005],[126.8452953,35.0666284],[126.8453665,35.0666758],[126.8454191,35.0667191],[126.845502,35.0667619],[126.845611,35.0668175],[126.8456202,35.0668278],[126.845744,35.066967],[126.8458203,35.0670328],[126.8458678,35.0670737],[126.8458671,35.0670806],[126.8458538,35.0672048],[126.8458253,35.0674538],[126.8458703,35.0676437],[126.8458704,35.067934],[126.8457976,35.0681873],[126.8457625,35.0683092],[126.8461291,35.0684236],[126.8465989,35.0685702],[126.846608,35.068573],[126.8466399,35.068583],[126.8466343,35.0689335],[126.8466335,35.0689791],[126.8466323,35.0690562],[126.8466546,35.0691284],[126.8466996,35.0692489],[126.8467615,35.069438],[126.8468077,35.0695818],[126.8468545,35.0697268],[126.8468955,35.0698546],[126.8469005,35.0698582],[126.847218,35.0700864],[126.8474335,35.0702457],[126.8474934,35.0702875],[126.8476044,35.0703649],[126.8478501,35.0706546],[126.8478583,35.0706643],[126.8478913,35.0707007],[126.8480709,35.0708983],[126.8482103,35.0710516],[126.8482073,35.0710744],[126.8481802,35.0712852],[126.8481743,35.0714325],[126.8481841,35.0719479],[126.8482528,35.0720228],[126.8483349,35.0721125],[126.8484356,35.0722223],[126.8484467,35.0722238],[126.8488894,35.0722893],[126.849304,35.0723792],[126.8495199,35.0724615],[126.8497402,35.0725454],[126.850034,35.0727473],[126.8501437,35.0728445],[126.8501932,35.0728882],[126.8503047,35.0728924],[126.8508674,35.0729134],[126.8512019,35.07299],[126.8512404,35.0730052],[126.8519266,35.0732085],[126.851943,35.0732263],[126.8521147,35.0734168],[126.8521405,35.0734455],[126.852638,35.0735487],[126.8528526,35.0735932],[126.8529159,35.0736187],[126.8532795,35.0737653],[126.8533829,35.0738069],[126.8534476,35.0739501],[126.8538134,35.0742898],[126.8541308,35.0747021],[126.8542341,35.0748972],[126.8543504,35.0751106],[126.8545419,35.0755726],[126.8549291,35.0761385],[126.8548642,35.076413],[126.8549685,35.0766115],[126.8550392,35.0770677],[126.8550979,35.0774467],[126.8554814,35.0777986],[126.8555032,35.0778735],[126.8555293,35.0779631],[126.8555489,35.0780895],[126.8556092,35.0783595],[126.8560386,35.0784322],[126.8563166,35.0784795],[126.856837,35.0785297],[126.8572754,35.0786143],[126.8574706,35.0785751],[126.8578431,35.0783606],[126.8578526,35.0783552],[126.8582221,35.0782783],[126.858236,35.0782792],[126.8586519,35.0783056],[126.8590002,35.0786081],[126.8590308,35.0786347],[126.8590737,35.0786719],[126.8594239,35.0787925],[126.8597684,35.0789112],[126.8598615,35.0789433],[126.8605159,35.0788225],[126.8605205,35.0788217],[126.8611189,35.0789395],[126.861131,35.0789419],[126.8612579,35.0785843],[126.8613435,35.0783432],[126.8614922,35.0781293],[126.8615119,35.0781214],[126.8617663,35.0780198],[126.8617772,35.0780123],[126.8618152,35.0779859],[126.8618473,35.0779637],[126.8618494,35.077951],[126.8618631,35.0778653],[126.8618804,35.0777576],[126.8619667,35.0775701],[126.8619705,35.0775617],[126.8620269,35.0774363],[126.8620404,35.0774269],[126.862068,35.0773345],[126.8621478,35.0770666],[126.8621752,35.0769749],[126.8623661,35.0767519],[126.8637543,35.0762285],[126.8638758,35.0761879],[126.8643539,35.0758131],[126.864408,35.0757496],[126.8645016,35.0756337],[126.8645031,35.0756336],[126.8645943,35.0756229],[126.8649935,35.0755764],[126.865367,35.0753462],[126.8655323,35.0754751],[126.8655368,35.0754786],[126.8655438,35.075484],[126.8656431,35.0754886],[126.8658924,35.0756697],[126.8659681,35.0757246],[126.8659825,35.0757458],[126.8661412,35.0759793],[126.8662078,35.0760228],[126.8663343,35.0759731],[126.8663938,35.0759494],[126.866821,35.0757794],[126.8669868,35.0757738],[126.8671606,35.0757044],[126.867191,35.0757006],[126.8675135,35.0756142],[126.8678318,35.0755029],[126.8684698,35.0753183],[126.868647,35.0751493],[126.8688998,35.0749124],[126.86899,35.0748294],[126.8690166,35.0748223],[126.8695301,35.0746849],[126.8695715,35.0746778],[126.8697378,35.074649],[126.8704682,35.0746899],[126.8707082,35.0747033],[126.8708492,35.0746223],[126.8710064,35.074532],[126.8710798,35.0744907],[126.871094,35.0744696],[126.8711207,35.0744637],[126.8711716,35.0744536],[126.8711779,35.0744523],[126.8712022,35.0744475],[126.8716767,35.0743378],[126.8717032,35.074346],[126.8718912,35.0744044],[126.8719798,35.0744318],[126.8720733,35.0745247],[126.872521,35.0749572],[126.8728268,35.0751855],[126.8728419,35.075183],[126.8730422,35.0751531],[126.8732706,35.0752358],[126.8733768,35.0752388],[126.8735102,35.0752869],[126.8735584,35.0749847],[126.8737442,35.0750577],[126.8745411,35.0753153],[126.8749313,35.0754397],[126.8763332,35.0760369],[126.8763352,35.0760587],[126.8763681,35.0764217],[126.8764423,35.07709],[126.8764491,35.0770912],[126.8770299,35.077183],[126.8771759,35.0772096],[126.8772096,35.0772157],[126.878379,35.0775662],[126.878699,35.0776587],[126.8787277,35.077667],[126.8787691,35.0777396],[126.8790805,35.0782851],[126.8793112,35.0783323],[126.8796324,35.0783982],[126.8797848,35.0784294],[126.8798872,35.0784504],[126.8806608,35.0787489],[126.8809391,35.0788044],[126.8812313,35.0788657],[126.8812611,35.078872],[126.8813061,35.0789172],[126.8813078,35.078919],[126.8816033,35.0792151],[126.8822715,35.0795811],[126.8827213,35.0798275],[126.8827764,35.0799036],[126.8828142,35.0799544],[126.8830151,35.0802239],[126.8831055,35.0803504],[126.8833694,35.0804785],[126.8840122,35.0807967],[126.8846277,35.0811014],[126.8850362,35.0813612],[126.8851601,35.0814387],[126.8851852,35.0814543],[126.8854028,35.0815903],[126.8854728,35.0815547],[126.885611,35.0814796],[126.8860971,35.0812141],[126.8862563,35.0811304],[126.8862778,35.0810992],[126.8864157,35.0808993],[126.8866866,35.0805282],[126.8867904,35.080386],[126.8868014,35.0803827],[126.8871365,35.0802799],[126.8879544,35.0800347],[126.8881875,35.079963],[126.8885534,35.0797556],[126.8886173,35.0797193],[126.8890717,35.0794789],[126.889256,35.0793813],[126.8894478,35.0792798],[126.8894532,35.0792749],[126.8899642,35.0787916],[126.890643,35.0786105],[126.891047,35.0783746],[126.8914757,35.0782203],[126.8919765,35.0779453],[126.8919886,35.0779531],[126.891999,35.0779599],[126.892009,35.0779663],[126.8920733,35.0780076],[126.8922776,35.0781391],[126.8929958,35.0786032],[126.8930162,35.0786165],[126.8933577,35.0788877],[126.893453,35.0790612],[126.8935879,35.0792979],[126.8936959,35.079411],[126.8937611,35.0794692],[126.8939093,35.07969],[126.8939726,35.0797805],[126.8943372,35.080038],[126.894506,35.0802172],[126.8946416,35.0803381],[126.8951054,35.0807141],[126.895365,35.0807579],[126.8957988,35.0808311],[126.8958959,35.0808475],[126.8965443,35.0810009],[126.8970676,35.0811279],[126.8976226,35.081234],[126.8978614,35.0812244],[126.8979778,35.0812118],[126.8979976,35.0812096],[126.898545,35.0811998],[126.899081,35.0811901],[126.8990937,35.0811827],[126.8991156,35.081208],[126.8996488,35.0818249],[126.8996897,35.0818721],[126.8998974,35.0823695],[126.9000975,35.0827409],[126.9000954,35.0828151],[126.9000823,35.0832673],[126.9000787,35.0833909],[126.900067,35.0834514],[126.900045,35.0835048],[126.8999763,35.083672],[126.8998703,35.0841293],[126.8998626,35.0841529],[126.8997524,35.0844132],[126.8997169,35.0844917],[126.8996607,35.084638],[126.8996228,35.0847514],[126.8996154,35.0847788],[126.8995986,35.0848921],[126.8995958,35.0849113],[126.8996224,35.0851012],[126.8996797,35.0853614],[126.8996669,35.0854696],[126.8996449,35.0856106],[126.8995318,35.0858028],[126.8994833,35.0858852],[126.8994657,35.0858915],[126.8993457,35.0859343],[126.8991283,35.086014],[126.8987636,35.0861654],[126.8985706,35.0862226],[126.8982127,35.0863285],[126.8981999,35.0863322],[126.8980379,35.0864408],[126.8978645,35.0865571],[126.8974663,35.0866831],[126.8970003,35.0867443],[126.8969464,35.0867537],[126.8967843,35.0867818],[126.8964714,35.0868587],[126.8963632,35.0869189],[126.8961478,35.087039],[126.896111,35.0870412],[126.8958844,35.0870546],[126.8957449,35.0870629],[126.8952844,35.0871128],[126.8944062,35.0873046],[126.8940246,35.0873632],[126.8937548,35.0875351],[126.893452,35.0877319],[126.8933951,35.0877689],[126.8930658,35.0879954],[126.8930644,35.0879963],[126.8928022,35.0879808],[126.8927526,35.0879773],[126.8925057,35.0879627],[126.8924282,35.0879561],[126.8923601,35.0879505],[126.8920227,35.0879311],[126.8918991,35.0879225],[126.8918602,35.0879195],[126.8917494,35.087911],[126.8917331,35.0879345],[126.8916834,35.0880065],[126.8916078,35.0881284],[126.891487,35.0883033],[126.8911,35.0885436],[126.8908354,35.0887664],[126.8904728,35.0889278],[126.8899915,35.089142],[126.889233,35.0893555],[126.8889752,35.0894297],[126.888763,35.0894288],[126.8887514,35.0894585],[126.8887959,35.0895631],[126.888872,35.089614],[126.8889074,35.0896592],[126.8888902,35.0896665],[126.8889088,35.0897083],[126.8888886,35.0897932],[126.8888769,35.0898579],[126.8888683,35.0900037],[126.888913,35.0901075],[126.8889527,35.0901946],[126.8889722,35.0902376],[126.8889852,35.0903028],[126.8889534,35.0903079],[126.8888327,35.0902845],[126.888774,35.0902579],[126.8887477,35.090246],[126.8887145,35.0902097],[126.8886137,35.0900787],[126.8884154,35.0901953],[126.8882668,35.0903728],[126.8882511,35.0904134],[126.8882379,35.0904485],[126.8882337,35.09052],[126.8882324,35.0905433],[126.8882332,35.0905816],[126.8882197,35.0906353],[126.8881237,35.0906781],[126.8879513,35.0906755],[126.8878192,35.0907091],[126.8877575,35.0907174],[126.8876153,35.0907364],[126.8875919,35.0907395],[126.8874425,35.0907304],[126.8873603,35.0907119],[126.8872884,35.0906682],[126.8872375,35.0905394],[126.8872373,35.0905388],[126.8871568,35.0903725],[126.887122,35.0903421],[126.887018,35.0902511],[126.8868856,35.0901353],[126.8866862,35.0900236],[126.8865851,35.0899672],[126.8862118,35.0898551],[126.8861553,35.0898483],[126.8856721,35.0898745],[126.8855215,35.0899062],[126.8852888,35.0899133],[126.8852642,35.089914],[126.8852509,35.0899492],[126.8852463,35.0899778],[126.8852408,35.0900118],[126.8852365,35.0900383],[126.8852198,35.0900615],[126.8851232,35.0903376],[126.8850209,35.0904255],[126.8848872,35.0907934],[126.8848707,35.0908449],[126.8848913,35.0910452],[126.8849483,35.0912516],[126.8848534,35.0914613],[126.8848336,35.091517],[126.884764,35.091719],[126.8847342,35.0919854],[126.8847684,35.0922057],[126.8847794,35.0923524],[126.8846111,35.0923515],[126.8840604,35.0923486],[126.8838939,35.0923491],[126.883725,35.0923597],[126.8834842,35.0923794],[126.8833261,35.0923683],[126.8830094,35.0923207],[126.8828852,35.092302],[126.8826803,35.0924184],[126.8826646,35.0924283],[126.8825777,35.0924831],[126.8822022,35.0927196],[126.882062,35.0927537],[126.8818461,35.092806],[126.8817407,35.0928311],[126.8813187,35.0927843],[126.8807008,35.0927357],[126.8800579,35.0926833],[126.8799811,35.0926326],[126.8796475,35.092363],[126.8792809,35.0923765],[126.8792319,35.0923784],[126.8791678,35.0923644],[126.8787808,35.09228],[126.8786525,35.0922506],[126.8775896,35.0923474],[126.8774241,35.0923684],[126.8771621,35.0924021],[126.876945,35.0924279],[126.8769255,35.0924302],[126.8768504,35.0924392],[126.8767989,35.0924454],[126.8767534,35.0924513],[126.8767298,35.0924545],[126.8767214,35.0924557],[126.8767068,35.0925312],[126.8766029,35.0925289],[126.876522,35.092518],[126.8765065,35.0925159],[126.8764855,35.0925195],[126.8762379,35.0925622],[126.8754482,35.0924655],[126.8753167,35.0924664],[126.8738392,35.0924767],[126.8738362,35.0925779],[126.8738316,35.0927305],[126.8738309,35.092752],[126.8738204,35.0927936],[126.8737635,35.0930158],[126.8736733,35.0934372],[126.873546,35.0936297],[126.8734907,35.0937493],[126.8734591,35.0938935],[126.8734161,35.0939898],[126.8733659,35.0940931],[126.8733105,35.0945187],[126.8732238,35.0947138],[126.8731936,35.0947806],[126.8731447,35.0948618],[126.8730808,35.0949437],[126.8729853,35.0950661],[126.872849,35.0952519],[126.8728262,35.0953027],[126.8728496,35.095384],[126.8728502,35.0959443],[126.8728138,35.0959932],[126.8727076,35.0962366],[126.8726259,35.096435],[126.872544,35.096634],[126.8724388,35.096768],[126.8722606,35.0970518],[126.8720546,35.0973547],[126.8719813,35.097415],[126.8720466,35.0974209],[126.8720125,35.097437],[126.8719403,35.0974934],[126.8719004,35.0975208],[126.8718061,35.0975822],[126.8717291,35.0976221],[126.8716712,35.097647],[126.8716311,35.0976642],[126.8715081,35.0977155],[126.8714664,35.0977296],[126.8712716,35.097757],[126.8711996,35.0977974],[126.8711625,35.0978182],[126.87115,35.0978271],[126.8709783,35.0979385],[126.8709658,35.0979538],[126.8708657,35.0980154],[126.8705194,35.0982522],[126.8702705,35.0983971],[126.8702479,35.0984102],[126.8701173,35.0984848],[126.8700152,35.0985507],[126.8699803,35.0986193],[126.8699409,35.0986965],[126.8699233,35.0987979],[126.8698752,35.0988445],[126.86987,35.0988496],[126.8697387,35.0989607],[126.869786,35.0990727],[126.869822,35.0991579],[126.8698205,35.0991776],[126.8698435,35.0991876],[126.8699004,35.0993135],[126.869929,35.0994974],[126.8699273,35.0995063],[126.8699162,35.0995632],[126.8698894,35.0995987],[126.8697865,35.0997226],[126.8696359,35.099906],[126.8695964,35.0999664],[126.8695926,35.0999721],[126.8695529,35.1000049],[126.8694942,35.1000594],[126.8694174,35.1001271],[126.8693619,35.1001761],[126.8692083,35.1003136],[126.8690936,35.1003174],[126.8686133,35.1003334],[126.8682256,35.1002166],[126.8681182,35.1001814],[126.8678922,35.1001746],[126.8674763,35.1002056],[126.8671992,35.100068],[126.8671414,35.1000484],[126.8671391,35.1000103],[126.8670764,35.0999387],[126.8670159,35.0998465],[126.8669413,35.0997747],[126.8669189,35.0997362],[126.8669028,35.0996866],[126.8669007,35.0996117],[126.8668873,35.0995093],[126.8668412,35.0994585],[126.8668334,35.0994296],[126.866827,35.0994196],[126.8667935,35.0993793],[126.8667609,35.0993601],[126.866726,35.0993292],[126.8666883,35.0992911],[126.8666737,35.0992603],[126.8666653,35.0992776],[126.8665981,35.0993119],[126.8664952,35.0993874],[126.8664567,35.0994164],[126.8663361,35.0995072],[126.8662278,35.0995745],[126.8659914,35.09963],[126.8658045,35.0995404],[126.8657498,35.0995694],[126.8656491,35.099633],[126.8655535,35.0996264],[126.8654924,35.0995686],[126.8653676,35.0994507],[126.8653019,35.0994378],[126.8652585,35.0994916],[126.8651577,35.0997026],[126.8650649,35.0997954],[126.8650183,35.0999302],[126.8649804,35.1000634],[126.8649468,35.1001483],[126.8647108,35.1002938],[126.8645438,35.1003534],[126.8643983,35.1003965],[126.8643349,35.1004689],[126.8642258,35.1005659],[126.8641211,35.1006034],[126.8640723,35.1006121],[126.8639728,35.1006418],[126.8639534,35.1006477],[126.8638141,35.1006962],[126.8638315,35.10072],[126.8636945,35.1007263],[126.8636789,35.1007282],[126.8636574,35.1007307],[126.8636167,35.1007365],[126.8635744,35.1007449],[126.863457,35.1007282],[126.8634084,35.1007258],[126.8633073,35.1007296],[126.8632214,35.1007221],[126.8629893,35.100671],[126.8628438,35.1006344],[126.862684,35.1005887],[126.8625222,35.1005691],[126.8623417,35.1005861],[126.8623282,35.1006006],[126.8620688,35.1009079],[126.8619895,35.1014649],[126.8621729,35.1017993],[126.862174,35.1018012],[126.8625252,35.1022961],[126.8626466,35.1029759],[126.862654,35.1032421],[126.8626293,35.1033645],[126.8623964,35.1037],[126.8615417,35.103799],[126.8614945,35.1039471],[126.8613525,35.1044768],[126.8613523,35.1044793],[126.8613505,35.1045074],[126.8613423,35.1045446],[126.8613107,35.1046528],[126.8612668,35.1048441],[126.8612324,35.1049795],[126.8610432,35.1052553],[126.8609381,35.1054086],[126.8608454,35.1055993],[126.8606622,35.1059851],[126.8606062,35.1062092],[126.8606256,35.1063557],[126.8598892,35.1063105],[126.8595537,35.1062694],[126.8592835,35.1062363],[126.8589668,35.1062356],[126.858759,35.1061676],[126.8587162,35.1061707],[126.8583582,35.1061958],[126.8578931,35.1062186],[126.8575838,35.106214],[126.8575574,35.1061888],[126.8571909,35.1058402],[126.857171,35.1058538],[126.8568738,35.1060575],[126.8568483,35.106075],[126.8566861,35.1061861],[126.8566306,35.1062537],[126.8564836,35.1064327]]]}},
{"type":"Feature","properties":{"BASE_DATE":"20250630","ADM_CD":"24050650","ADM_NM":"동곡동"},"geometry":{"type":"Polygon","coordinates":[[[126.7864825,35.121931],[126.7861641,35.1221217],[126.7857903,35.1223524],[126.7844618,35.1230998],[126.7843579,35.1231583],[126.7837553,35.1234238],[126.7834858,35.1235426],[126.7822507,35.1238857],[126.7815057,35.1242439],[126.7812392,35.124372],[126.7808302,35.1245648],[126.780568,35.1243797],[126.7800674,35.1240423],[126.7799441,35.123647],[126.7800342,35.1233832],[126.7801145,35.1230717],[126.7800652,35.1229428],[126.7800489,35.1229003],[126.7800127,35.1228056],[126.7799125,35.1225847],[126.7798573,35.1223392],[126.7799197,35.1219554],[126.7799534,35.1218445],[126.7799791,35.1217597],[126.7799872,35.1217611],[126.7799943,35.1217623],[126.7800807,35.1215385],[126.7800844,35.1215326],[126.780343,35.1211212],[126.7805058,35.1209622],[126.7806341,35.1207199],[126.7806561,35.1206923],[126.7808257,35.1204789],[126.7809488,35.1203795],[126.7810771,35.1202555],[126.7811011,35.1202386],[126.7811467,35.1202064],[126.7811837,35.1201802],[126.7812268,35.1201107],[126.7812982,35.1199986],[126.7813436,35.119815],[126.7812823,35.1196328],[126.7809737,35.119538],[126.7808227,35.1192651],[126.7808837,35.1192182],[126.7808488,35.1191954],[126.780772,35.1191346],[126.7807566,35.119125],[126.7807205,35.1191024],[126.7805587,35.1189983],[126.7804965,35.1189486],[126.7804164,35.1188845],[126.7803948,35.1188666],[126.780302,35.1187888],[126.7802949,35.1187824],[126.780289,35.1187774],[126.7802941,35.1187538],[126.7803483,35.1185031],[126.7801368,35.118474],[126.7800998,35.1184689],[126.7800889,35.1183982],[126.780007,35.1182468],[126.7799671,35.1182465],[126.7799315,35.1182463],[126.7799249,35.1182292],[126.7799032,35.1181785],[126.7798578,35.1180474],[126.7798341,35.1179766],[126.7798225,35.1179786],[126.7797749,35.1179869],[126.7797379,35.1178476],[126.7797681,35.1178431],[126.7797892,35.1178398],[126.7797835,35.1178232],[126.7797813,35.1178171],[126.7797244,35.1176901],[126.7796494,35.1175918],[126.7796231,35.1175361],[126.7795799,35.1174444],[126.7795646,35.1174121],[126.7795458,35.1173725],[126.7795226,35.1173524],[126.7794749,35.1173507],[126.779438,35.1173492],[126.7794078,35.1173203],[126.7793086,35.1172274],[126.77912,35.1170869],[126.7790467,35.1170324],[126.7789602,35.1169558],[126.7787931,35.116786],[126.7787489,35.1167373],[126.7787222,35.1166998],[126.778685,35.1166469],[126.7786326,35.1164854],[126.7786251,35.1164621],[126.778671,35.1163039],[126.7786611,35.1162219],[126.7786594,35.1162036],[126.7786286,35.1161255],[126.7785415,35.1160658],[126.7784485,35.1160395],[126.7783832,35.1160336],[126.7783545,35.1160309],[126.7783016,35.1160232],[126.7781267,35.1160301],[126.7780781,35.116032],[126.7778155,35.116007],[126.7777641,35.1160133],[126.7778117,35.1159568],[126.7778477,35.1159158],[126.7778777,35.1158681],[126.7777971,35.1157467],[126.7777166,35.1156321],[126.7777118,35.1156241],[126.7775572,35.1155958],[126.7774801,35.1155922],[126.7773915,35.1155931],[126.7773894,35.1155931],[126.7773546,35.1155929],[126.7772958,35.1155925],[126.7770489,35.1155904],[126.7769706,35.115585],[126.7769576,35.1155775],[126.7769149,35.1155443],[126.776793,35.1154594],[126.7767743,35.1154464],[126.7765245,35.1152716],[126.7762725,35.1150952],[126.7760248,35.1149221],[126.7757757,35.1147476],[126.7755297,35.1145701],[126.7752825,35.1143956],[126.7750309,35.1142178],[126.7747769,35.1140387],[126.7745274,35.113863],[126.774279,35.1136874],[126.7740316,35.1135129],[126.7740158,35.1135016],[126.7738901,35.1134117],[126.7737675,35.113324],[126.7736803,35.1132615],[126.7730983,35.1128633],[126.7729972,35.112802],[126.7728666,35.1127216],[126.7727226,35.1126289],[126.7723735,35.1124039],[126.772325,35.1123727],[126.7722848,35.1123603],[126.7721994,35.1123074],[126.7722083,35.1122989],[126.7722051,35.1122955],[126.7719985,35.1121625],[126.7719735,35.1121464],[126.7718942,35.1120953],[126.7718652,35.1120766],[126.7718597,35.1120731],[126.771821,35.1120481],[126.7717295,35.1119893],[126.7717111,35.1119774],[126.7716582,35.1119433],[126.7716436,35.1119577],[126.7716328,35.1119681],[126.7716216,35.111979],[126.7716204,35.1119801],[126.7716146,35.1119858],[126.7715995,35.1120005],[126.7715851,35.1119862],[126.7715802,35.1119815],[126.7715706,35.1119719],[126.7715562,35.1119576],[126.7715417,35.1119433],[126.7714918,35.1118942],[126.7713853,35.1117857],[126.7713475,35.1117493],[126.7711595,35.1115859],[126.7710683,35.1115233],[126.7709103,35.1114133],[126.7709095,35.1114128],[126.7708106,35.1113438],[126.7706629,35.1112392],[126.7706126,35.1112043],[126.7704114,35.1110564],[126.7701611,35.1108812],[126.7699604,35.1107413],[126.7699136,35.1107086],[126.7698127,35.1106374],[126.7696605,35.1105309],[126.7694692,35.1103967],[126.7694148,35.1103585],[126.769161,35.1101807],[126.769126,35.1101559],[126.7691443,35.110138],[126.7691416,35.1101362],[126.7691298,35.1101279],[126.7690744,35.1100895],[126.7687386,35.1098542],[126.7678221,35.1092118],[126.7676109,35.1090634],[126.7675726,35.1090363],[126.7672959,35.1088427],[126.7670629,35.1086797],[126.7670457,35.1086681],[126.7670137,35.1086456],[126.7666561,35.1083959],[126.766208,35.1080804],[126.7662535,35.1081475],[126.7660635,35.1080147],[126.7658186,35.1078384],[126.7657007,35.1077549],[126.7655656,35.1076578],[126.7653254,35.1074898],[126.7650724,35.1073114],[126.7650384,35.1072864],[126.7650124,35.1072643],[126.7649031,35.1072868],[126.7648971,35.1072854],[126.7648564,35.1072756],[126.7648238,35.1072923],[126.7646885,35.1073614],[126.7646097,35.1073733],[126.76454,35.1074055],[126.7645265,35.1074117],[126.7645214,35.107414],[126.7644975,35.1074216],[126.7644253,35.1075185],[126.7643844,35.1075755],[126.7643403,35.1076041],[126.7643274,35.1076111],[126.764274,35.1076466],[126.7642162,35.1077168],[126.7642115,35.1077207],[126.7640994,35.1078087],[126.764064,35.1078365],[126.7639887,35.1078339],[126.7639142,35.1078136],[126.7638523,35.1078205],[126.7637396,35.1077599],[126.7636276,35.1077052],[126.7634554,35.1076185],[126.7633198,35.1075534],[126.7631562,35.1074917],[126.7630759,35.1074631],[126.7629778,35.107428],[126.7628526,35.107365],[126.7628331,35.1073552],[126.7627945,35.1073519],[126.7626945,35.1073443],[126.7624173,35.1073609],[126.7622881,35.1073688],[126.7622681,35.1073696],[126.7621783,35.1073862],[126.7621484,35.107407],[126.7620419,35.1074811],[126.7619872,35.1075193],[126.7619096,35.1075598],[126.7618734,35.1075786],[126.7618484,35.1075862],[126.7618063,35.1075962],[126.7617779,35.1076047],[126.7617459,35.107613],[126.7617187,35.1076201],[126.7616752,35.1076995],[126.7616418,35.1077636],[126.7614724,35.1080192],[126.7614643,35.1080258],[126.7614152,35.1080661],[126.761351,35.1081148],[126.76132,35.108115],[126.7612444,35.1080934],[126.7611441,35.1081288],[126.7610685,35.1080855],[126.7610455,35.1080735],[126.7610075,35.1080536],[126.7607916,35.1079136],[126.7606183,35.1078344],[126.7605655,35.1077957],[126.7605688,35.1077897],[126.7605728,35.1077822],[126.7604236,35.1077192],[126.7602247,35.1076244],[126.7601436,35.1075738],[126.7599959,35.1074748],[126.7599644,35.1074537],[126.7599417,35.107441],[126.7599092,35.1074229],[126.7596494,35.1073473],[126.7595003,35.1072996],[126.7594254,35.1072795],[126.7592999,35.1072515],[126.7591105,35.1072149],[126.7589962,35.1071884],[126.7589838,35.1072882],[126.7589266,35.1074681],[126.7589264,35.1074688],[126.7588604,35.1074434],[126.758704,35.1073834],[126.7586901,35.10738],[126.7586221,35.1073637],[126.7585741,35.1073522],[126.7584427,35.1073322],[126.7581978,35.107312],[126.7580343,35.1072986],[126.7576462,35.1073037],[126.7576267,35.1072999],[126.7575095,35.1072768],[126.7573917,35.1072544],[126.7573284,35.1072435],[126.7572693,35.1072366],[126.7571874,35.1072271],[126.7571488,35.1072235],[126.7570925,35.1072182],[126.7570771,35.1072167],[126.7569284,35.1072028],[126.7567695,35.1071595],[126.7567522,35.1071548],[126.7567518,35.1071547],[126.7565007,35.1071047],[126.7564679,35.1070996],[126.7564118,35.1070909],[126.7563756,35.1070853],[126.756253,35.1070664],[126.7562517,35.107066],[126.7562512,35.107066],[126.7562326,35.1070614],[126.7561469,35.1070402],[126.7561161,35.1070326],[126.7559948,35.1069738],[126.7559749,35.1069578],[126.7558306,35.1068422],[126.7557322,35.1067504],[126.7557271,35.1067456],[126.7556859,35.1067072],[126.7556682,35.1066907],[126.7556572,35.1066762],[126.7554974,35.106466],[126.7554837,35.1064608],[126.7554156,35.1064403],[126.7553691,35.1064263],[126.7553207,35.1063994],[126.7552758,35.1063744],[126.7552376,35.1063657],[126.7552108,35.1063596],[126.7550776,35.1063939],[126.7550709,35.1063957],[126.7550224,35.106383],[126.7548929,35.1063002],[126.7548565,35.1062383],[126.7548475,35.1062255],[126.7548266,35.1062043],[126.754683,35.106145],[126.7544637,35.1060544],[126.7544025,35.1060211],[126.7542294,35.1059268],[126.7541341,35.1058913],[126.7531301,35.1054407],[126.7529188,35.1056437],[126.7527779,35.1055564],[126.7527155,35.105544],[126.752637,35.1055285],[126.7525441,35.1054676],[126.7524406,35.1054136],[126.7524277,35.105409],[126.7524248,35.105408],[126.7523655,35.1053662],[126.752345,35.1053518],[126.7523418,35.1053495],[126.7523357,35.1053482],[126.7521736,35.1053125],[126.7521177,35.1053002],[126.7521366,35.1052753],[126.7521434,35.1052663],[126.7519943,35.105132],[126.751978,35.1051161],[126.7518719,35.1050557],[126.7518521,35.1050444],[126.751688,35.1049501],[126.7516589,35.1049359],[126.7516355,35.1049086],[126.7515892,35.1048544],[126.7514981,35.1048417],[126.7514069,35.104829],[126.751383,35.1048251],[126.7510484,35.1048432],[126.7509421,35.1048585],[126.7508395,35.1048759],[126.7506995,35.1048788],[126.750481,35.1048966],[126.7502842,35.1049252],[126.7500856,35.1049798],[126.7499235,35.1049992],[126.7498048,35.1050349],[126.7497335,35.1050713],[126.7496815,35.1051055],[126.7495406,35.1052238],[126.7494727,35.1053314],[126.7493321,35.10549],[126.7492268,35.1056313],[126.7490925,35.1057743],[126.7490384,35.105841],[126.7490085,35.1058873],[126.7488381,35.1060601],[126.7488174,35.1060729],[126.748721,35.1061326],[126.7486467,35.1061928],[126.7485735,35.1062452],[126.7485683,35.1062529],[126.748062,35.1070025],[126.7478657,35.1072026],[126.7476303,35.1071944],[126.747581,35.107208],[126.7475468,35.1071827],[126.7469238,35.1067047],[126.7467864,35.1066103],[126.7464325,35.1064076],[126.7462491,35.1062465],[126.7461491,35.106186],[126.7460273,35.1060712],[126.7457609,35.1059859],[126.7456847,35.1059526],[126.7456267,35.1059375],[126.7451142,35.1050101],[126.7449217,35.1045407],[126.7447664,35.1042798],[126.7446226,35.1040381],[126.7446246,35.1040368],[126.7446246,35.1040362],[126.7446141,35.1039524],[126.7451751,35.1034254],[126.7451818,35.1034193],[126.745391,35.1032769],[126.7454285,35.1032511],[126.7458743,35.1029439],[126.7459059,35.1029107],[126.7461523,35.1026519],[126.746291,35.1025447],[126.7464101,35.102465],[126.7467215,35.1022557],[126.7468115,35.1022921],[126.7469072,35.1023297],[126.7469467,35.1023454],[126.7470129,35.102398],[126.74704,35.1023758],[126.7470797,35.1023869],[126.7476292,35.1025402],[126.7480765,35.1021613],[126.7486828,35.1019368],[126.7487876,35.1018704],[126.7490761,35.1016151],[126.749167,35.1014776],[126.7491599,35.1014418],[126.749154,35.1014126],[126.7491883,35.1014148],[126.7491359,35.1011194],[126.7490967,35.1010313],[126.7490467,35.100802],[126.7490371,35.1007582],[126.7490725,35.1006179],[126.7490921,35.1005404],[126.7490955,35.100497],[126.7491024,35.1004095],[126.7490998,35.100365],[126.7491233,35.1002909],[126.7492581,35.1000386],[126.7496018,35.0996913],[126.7497096,35.0994954],[126.7498352,35.0992878],[126.7500388,35.0990492],[126.7502857,35.098801],[126.7505324,35.0983824],[126.7506087,35.0984064],[126.7507871,35.0980793],[126.7508495,35.0979649],[126.7508476,35.0978601],[126.750842,35.0975549],[126.7508085,35.0972836],[126.7509835,35.0969446],[126.750995,35.0968943],[126.7511981,35.0967587],[126.7516287,35.096416],[126.751874,35.0962208],[126.7518783,35.0962169],[126.75187,35.0962039],[126.7518625,35.096187],[126.7517915,35.0960264],[126.7520214,35.0958887],[126.7520276,35.0958848],[126.7520465,35.0958729],[126.7522736,35.0957297],[126.752267,35.0957059],[126.7522446,35.0956257],[126.7522445,35.0956252],[126.7522301,35.0955731],[126.7523278,35.0955061],[126.7523515,35.0954452],[126.752378,35.0953771],[126.7522747,35.0952665],[126.7527793,35.0949426],[126.7527917,35.0949256],[126.7529213,35.0947767],[126.7530289,35.0946823],[126.7530497,35.0947051],[126.7531398,35.0946523],[126.7531977,35.0945788],[126.753395,35.0942597],[126.7534563,35.0941581],[126.7535956,35.0939277],[126.7535915,35.0939199],[126.7535743,35.0938878],[126.753569,35.0938778],[126.7535545,35.093808],[126.7535584,35.0937613],[126.7536623,35.0936526],[126.7536676,35.0935792],[126.7536687,35.0935646],[126.7536763,35.0934146],[126.7537565,35.0934204],[126.7535982,35.0930901],[126.7539976,35.0928586],[126.7540163,35.0928428],[126.7541271,35.09275],[126.7540104,35.0926589],[126.7539895,35.0926426],[126.7539304,35.0920799],[126.7539896,35.0920175],[126.754072,35.0919307],[126.7541189,35.0918742],[126.754282,35.0916777],[126.754415,35.0916814],[126.7544456,35.0916824],[126.7544509,35.0916825],[126.7550426,35.0914784],[126.7557063,35.0916175],[126.7557483,35.0916303],[126.7557486,35.0916304],[126.7559876,35.0917037],[126.7563423,35.0915775],[126.7566989,35.0914507],[126.756708,35.0914475],[126.7573865,35.0912271],[126.7575682,35.09143],[126.7575723,35.0914346],[126.7575739,35.091436],[126.7576637,35.091521],[126.7578199,35.091564],[126.7578262,35.0915644],[126.7581222,35.0915829],[126.7581845,35.0915868],[126.7582799,35.091595],[126.758287,35.0916349],[126.7582956,35.0916833],[126.7585265,35.0916487],[126.7587072,35.0916572],[126.7596959,35.0914814],[126.7597023,35.0914786],[126.7601552,35.0912758],[126.7601751,35.091267],[126.7610102,35.0910236],[126.7611374,35.0909865],[126.7613957,35.0910089],[126.7614063,35.0910095],[126.7618723,35.0910331],[126.7618824,35.09101],[126.7619024,35.090964],[126.7620438,35.0900032],[126.7620736,35.0896547],[126.7617453,35.0893515],[126.7617453,35.0893498],[126.7617437,35.0891973],[126.7617309,35.0890657],[126.7617826,35.0889568],[126.7617542,35.088709],[126.761736,35.0885431],[126.7617339,35.0885228],[126.7618339,35.0883602],[126.7620471,35.0881516],[126.7626547,35.0875145],[126.7626683,35.0875002],[126.7626218,35.087448],[126.7627387,35.0873106],[126.7627769,35.0872657],[126.7628229,35.087233],[126.7628398,35.0871471],[126.7628234,35.0871306],[126.7628104,35.0868815],[126.7628521,35.0868751],[126.7629858,35.0868984],[126.7631714,35.0868363],[126.763448,35.0868113],[126.7634194,35.0867622],[126.763414,35.0866079],[126.7634258,35.0865406],[126.7634925,35.0864832],[126.7634899,35.0864804],[126.7634517,35.0864094],[126.7634185,35.0863472],[126.763396,35.0863112],[126.7632859,35.0863302],[126.7631824,35.0863573],[126.7631471,35.0863385],[126.76309,35.0862442],[126.7628344,35.0863421],[126.7628469,35.0859541],[126.7629499,35.0856863],[126.7632462,35.0854646],[126.7632795,35.0854398],[126.7632811,35.0854381],[126.7634001,35.0853141],[126.7634895,35.0849205],[126.7634432,35.0847507],[126.7633121,35.084271],[126.7635674,35.0841129],[126.7637207,35.0840179],[126.7638049,35.0839774],[126.7638232,35.0839758],[126.7639012,35.0839694],[126.7640692,35.0839542],[126.7641588,35.0839056],[126.7641761,35.0838963],[126.7644838,35.0837634],[126.7649189,35.0836814],[126.7650981,35.0837558],[126.7651267,35.0837677],[126.7651914,35.083744],[126.7653445,35.083688],[126.7654486,35.0834109],[126.7655197,35.0831715],[126.7656457,35.0827255],[126.7656457,35.0827224],[126.7656566,35.0821621],[126.7656566,35.0821608],[126.7656978,35.0820121],[126.7657418,35.0818548],[126.765747,35.0818373],[126.7657308,35.0814582],[126.7657308,35.0814465],[126.7657314,35.0813503],[126.7657079,35.0810639],[126.7657056,35.0810364],[126.7656877,35.0808192],[126.7657122,35.0807635],[126.7657391,35.0807024],[126.7656838,35.0806746],[126.7656066,35.0804864],[126.7655916,35.0804681],[126.7655176,35.0803782],[126.7654501,35.0801797],[126.7654213,35.0800951],[126.7653968,35.0800471],[126.765313,35.0798833],[126.7653113,35.0798787],[126.7652383,35.0796822],[126.7652212,35.079636],[126.7651839,35.0795169],[126.7651577,35.0794332],[126.7651551,35.0793671],[126.7651481,35.0791852],[126.7651906,35.0791752],[126.7651812,35.0791113],[126.7651127,35.0790331],[126.7650666,35.0789877],[126.7649306,35.0788536],[126.7649264,35.0788504],[126.7648021,35.0787546],[126.7648074,35.0787472],[126.7648131,35.0787391],[126.764852,35.0786843],[126.7649821,35.0785461],[126.7650681,35.0784577],[126.7650726,35.0784532],[126.7651194,35.0784023],[126.7651342,35.0784133],[126.7651485,35.0783979],[126.7653785,35.0781323],[126.7655058,35.0779917],[126.76551,35.0779728],[126.7655449,35.0778168],[126.7657979,35.077592],[126.7658364,35.0773783],[126.7660454,35.0770705],[126.7661905,35.0769138],[126.7663342,35.0767953],[126.766433,35.0766374],[126.7665522,35.0765244],[126.7666223,35.0764618],[126.7666271,35.0764575],[126.7666418,35.0763926],[126.7666429,35.0763882],[126.7666684,35.0763484],[126.7667014,35.0762973],[126.7667677,35.0762963],[126.7668086,35.0763166],[126.7668269,35.0763257],[126.7668579,35.0763309],[126.766911,35.0763397],[126.7669713,35.0763124],[126.7670057,35.0762888],[126.7670337,35.0762609],[126.7670519,35.076241],[126.7670013,35.076015],[126.7669883,35.0759566],[126.7669869,35.0758606],[126.766969,35.0758125],[126.7669256,35.075696],[126.7669254,35.0755998],[126.7669366,35.0755699],[126.7669763,35.0754638],[126.7671695,35.0752552],[126.7672109,35.0752056],[126.7672657,35.0751524],[126.767452,35.0750167],[126.7675049,35.074954],[126.7677189,35.0747751],[126.7677859,35.0747002],[126.7680121,35.0745643],[126.7682263,35.074369],[126.7683294,35.0742669],[126.7684488,35.0740218],[126.768639,35.0738433],[126.7687544,35.0737354],[126.7689647,35.0736818],[126.7692649,35.0734406],[126.7693199,35.0733759],[126.7693239,35.0733467],[126.7693337,35.0732755],[126.769569,35.0731286],[126.7697622,35.0730279],[126.7700111,35.0729543],[126.7701624,35.0728863],[126.7703495,35.0728261],[126.7704598,35.0727492],[126.7705443,35.0726818],[126.7705459,35.0726674],[126.7705473,35.0724862],[126.7705675,35.0724104],[126.7705772,35.072374],[126.7705796,35.0723092],[126.7705719,35.0720013],[126.7705712,35.0719691],[126.7705791,35.0716271],[126.7705853,35.0716246],[126.7706616,35.0715929],[126.7708508,35.0716254],[126.7709005,35.0716339],[126.7709036,35.0716293],[126.7709674,35.0715341],[126.7710018,35.0714836],[126.7709941,35.0714352],[126.7709765,35.0712979],[126.7709764,35.0712776],[126.7709976,35.0710968],[126.7710258,35.0708795],[126.7710841,35.0706935],[126.7710875,35.0706869],[126.7713373,35.070201],[126.7713464,35.0701833],[126.771832,35.0703869],[126.7723209,35.0706007],[126.7728118,35.0707581],[126.7732887,35.0709072],[126.7737796,35.0710092],[126.7744282,35.0711398],[126.7752738,35.0712534],[126.7753311,35.0712612],[126.7756758,35.0712763],[126.7756853,35.0712767],[126.7761111,35.0712954],[126.7774041,35.0713522],[126.7775149,35.0713637],[126.7778306,35.0713958],[126.7778907,35.0714021],[126.7779572,35.0714091],[126.7783805,35.0714615],[126.7786856,35.0714961],[126.7789472,35.0715258],[126.7791275,35.0715488],[126.7791607,35.0715568],[126.7795627,35.0716537],[126.7798115,35.0717134],[126.7799731,35.0717537],[126.7802874,35.0718306],[126.7803517,35.0718487],[126.7806661,35.0719338],[126.7809878,35.0720207],[126.7810786,35.072042],[126.7815318,35.072179],[126.7818974,35.072314],[126.782064,35.0723771],[126.782255,35.0724493],[126.7825024,35.0725605],[126.7827879,35.0727207],[126.783105,35.0728977],[126.7831547,35.0729254],[126.7832909,35.0730013],[126.7835349,35.0731373],[126.7838611,35.0733229],[126.7842222,35.0735341],[126.7845329,35.0737182],[126.7847664,35.0738823],[126.7850453,35.0740762],[126.7852327,35.0742079],[126.7854616,35.0743936],[126.7857029,35.0745889],[126.7858658,35.0747231],[126.7860789,35.0749022],[126.7863996,35.0753815],[126.7864741,35.0754927],[126.7867032,35.0758351],[126.7868231,35.0760144],[126.7869991,35.0763138],[126.7870867,35.0764029],[126.787483,35.0768058],[126.7877106,35.0770238],[126.7880271,35.0777492],[126.7880466,35.077794],[126.7880544,35.0778118],[126.7880949,35.0780025],[126.7883187,35.0782037],[126.788844,35.0786767],[126.7890509,35.0788634],[126.789051,35.0788639],[126.7890667,35.078942],[126.7893797,35.0795299],[126.7894692,35.0796938],[126.789551,35.0798437],[126.7896763,35.0800743],[126.7897153,35.0801459],[126.7897267,35.0801417],[126.7898233,35.0801061],[126.790258,35.0799459],[126.7902627,35.0799546],[126.790421,35.0802468],[126.7905822,35.080546],[126.7905992,35.0805397],[126.7907043,35.0805012],[126.7907078,35.0805093],[126.7907592,35.0806307],[126.7908349,35.0808092],[126.7908509,35.0808496],[126.7910309,35.0812817],[126.791047,35.0813197],[126.7911139,35.0814738],[126.7912312,35.0817446],[126.7912482,35.0817839],[126.7913501,35.082022],[126.7913966,35.0820887],[126.791407,35.0820999],[126.7914441,35.0821342],[126.7916831,35.0823549],[126.791928,35.0825818],[126.7919597,35.0826111],[126.7922612,35.0828603],[126.7922687,35.0828665],[126.7923845,35.0829737],[126.7930264,35.0835643],[126.7937325,35.0841956],[126.7938011,35.0842511],[126.7938351,35.0842676],[126.7938723,35.0842838],[126.7938961,35.0842913],[126.7939074,35.0842948],[126.7939674,35.0843037],[126.7940205,35.0844012],[126.7941835,35.0847004],[126.7943487,35.0850001],[126.7945207,35.0853104],[126.7946859,35.0856101],[126.7948463,35.0859051],[126.7948649,35.0859388],[126.7950195,35.0862195],[126.7951906,35.0865376],[126.7953053,35.086749],[126.795352,35.0868353],[126.7955144,35.0871331],[126.7956762,35.0874321],[126.7958407,35.0877346],[126.7958491,35.087749],[126.7959819,35.0879936],[126.796263,35.0882099],[126.7973612,35.0890549],[126.7979224,35.0891026],[126.7982334,35.0890761],[126.7987865,35.0894207],[126.7991565,35.0895761],[126.7994385,35.0897216],[126.7996685,35.0898089],[126.7998351,35.0899108],[126.8000026,35.0899836],[126.800267,35.0900815],[126.8002676,35.0900817],[126.8002785,35.0900946],[126.8003106,35.0901312],[126.8005955,35.0904558],[126.8007872,35.0905582],[126.8010928,35.0907218],[126.8012225,35.0907913],[126.8012673,35.0908153],[126.8013449,35.0908829],[126.8014967,35.0910153],[126.8015226,35.0910379],[126.8017861,35.0912544],[126.8021736,35.0915795],[126.8022189,35.0916175],[126.8022198,35.091619],[126.8022238,35.0916262],[126.8022411,35.0916568],[126.8025398,35.0921866],[126.8025701,35.0922989],[126.8026783,35.0927354],[126.8025975,35.0931109],[126.8025593,35.0932785],[126.802531,35.0934825],[126.8025271,35.093482],[126.8025262,35.0934996],[126.8025254,35.0935185],[126.8025174,35.0936906],[126.8025163,35.0937152],[126.8024757,35.0938909],[126.8024462,35.0940289],[126.8023317,35.0942561],[126.80214,35.0946418],[126.8018052,35.0950666],[126.8016689,35.0952395],[126.8016193,35.0953026],[126.8016042,35.0953246],[126.801541,35.0954167],[126.8012387,35.0958576],[126.8010951,35.0960671],[126.8008046,35.0966428],[126.8007797,35.0966941],[126.8006268,35.097293],[126.800652,35.0977461],[126.8006722,35.0980647],[126.8006697,35.0983021],[126.8006673,35.0985332],[126.8006657,35.0986914],[126.8006952,35.0988823],[126.8007399,35.0991723],[126.8007429,35.0991915],[126.8007764,35.099406],[126.80078,35.0994293],[126.8007907,35.0995066],[126.8008449,35.0999494],[126.8008961,35.1004467],[126.8009048,35.1005756],[126.8009266,35.1008989],[126.8010059,35.1009911],[126.801055,35.1010483],[126.8010676,35.101063],[126.8012791,35.1013091],[126.801619,35.101711],[126.802167,35.1019991],[126.8024981,35.1021732],[126.8028284,35.1024141],[126.8029075,35.1024715],[126.8031418,35.1026415],[126.8033854,35.1028183],[126.8034341,35.1027946],[126.8036229,35.102705],[126.8038324,35.1026055],[126.8041863,35.1024374],[126.8043671,35.1023518],[126.8049423,35.1022891],[126.8053109,35.1022489],[126.8054257,35.1022819],[126.8059522,35.1024333],[126.8061962,35.1027181],[126.8063294,35.1028735],[126.806205,35.1034219],[126.8058276,35.1038957],[126.8058075,35.1039404],[126.8056896,35.1042017],[126.8056623,35.1042623],[126.8055492,35.1045119],[126.8055507,35.1046933],[126.805553,35.1049726],[126.8052728,35.1051685],[126.805081,35.1054507],[126.8049468,35.1058033],[126.804939,35.1058286],[126.8049273,35.1058667],[126.8049162,35.1059026],[126.8047522,35.106434],[126.8047511,35.1064375],[126.8046991,35.1067562],[126.8047141,35.1070916],[126.804793,35.1073443],[126.8048693,35.1075115],[126.8047173,35.1078359],[126.8047151,35.1078407],[126.8046766,35.1078724],[126.8043822,35.1081155],[126.8040966,35.1084469],[126.8040414,35.108511],[126.8038643,35.1088057],[126.8037291,35.1091385],[126.803383,35.110022],[126.8033679,35.1100598],[126.8031503,35.1106064],[126.8029979,35.1109932],[126.8029969,35.1109956],[126.8029895,35.1110143],[126.8029651,35.1111033],[126.8028551,35.1115039],[126.802913,35.1115995],[126.8029851,35.1117187],[126.8029231,35.111914],[126.8028636,35.1120829],[126.8027958,35.11223],[126.8028052,35.1122691],[126.8028058,35.1122694],[126.8028075,35.1122701],[126.8027811,35.1123903],[126.8025634,35.1123513],[126.802538,35.1123614],[126.8025052,35.1124113],[126.8023229,35.1123686],[126.8021446,35.1123331],[126.8020077,35.1123058],[126.8017991,35.1122597],[126.801684,35.1122197],[126.8016113,35.1124014],[126.801555,35.1125206],[126.8015425,35.1125897],[126.801508,35.1126856],[126.8014525,35.1128183],[126.8014143,35.112904],[126.8013392,35.1128848],[126.8012716,35.1128714],[126.8009748,35.1127777],[126.8008914,35.1127421],[126.8009331,35.1126744],[126.8008769,35.1126497],[126.800604,35.1124963],[126.8004567,35.1126927],[126.8003358,35.1128607],[126.8002909,35.1129223],[126.8002455,35.1129923],[126.8002108,35.1130389],[126.8001225,35.1131293],[126.8000074,35.1132407],[126.7999612,35.1132814],[126.7999079,35.1133231],[126.7997607,35.1134653],[126.7996998,35.1135136],[126.7996303,35.1135441],[126.7994865,35.1136271],[126.7992508,35.1137546],[126.7990168,35.1138838],[126.798901,35.1139585],[126.7990531,35.1141418],[126.7989679,35.1142003],[126.7988001,35.1143189],[126.7984739,35.1145519],[126.7983569,35.1146311],[126.7982894,35.1146739],[126.7979795,35.1148625],[126.7976965,35.1150347],[126.7975972,35.1151034],[126.7974462,35.1152133],[126.7973891,35.1152664],[126.7973285,35.1152213],[126.7972816,35.1152545],[126.7971966,35.1153239],[126.7971251,35.1153869],[126.7970692,35.115348],[126.7970325,35.1153142],[126.7969939,35.1152786],[126.7969303,35.115176],[126.7967899,35.1150294],[126.796735,35.1150491],[126.7966642,35.1150945],[126.7965497,35.1149691],[126.7963807,35.1147949],[126.7962651,35.1147031],[126.7961261,35.1145905],[126.7960591,35.1145575],[126.7960009,35.1145078],[126.7959696,35.1144594],[126.7959675,35.1143927],[126.7959362,35.1143638],[126.7959156,35.1142932],[126.7958433,35.1141796],[126.7958134,35.1141959],[126.7958096,35.1142015],[126.7957149,35.1142737],[126.7955516,35.1143872],[126.7955526,35.1143937],[126.7955325,35.114409],[126.7953304,35.1144768],[126.7950415,35.1145813],[126.7948723,35.1144487],[126.7947538,35.1142236],[126.7946974,35.114212],[126.7946211,35.1141147],[126.794549,35.1140357],[126.7945235,35.1139931],[126.7944603,35.1139453],[126.7942777,35.1138705],[126.7940848,35.1137486],[126.7939722,35.1136602],[126.7941497,35.1135523],[126.7940816,35.1134522],[126.7938645,35.1131981],[126.7936537,35.1129859],[126.7935209,35.1128749],[126.7933332,35.1126987],[126.793081,35.112445],[126.7933948,35.1122722],[126.7932702,35.1121414],[126.7931157,35.1119981],[126.7930426,35.1119389],[126.7929963,35.1119657],[126.7928286,35.1120756],[126.7926979,35.1119499],[126.7926216,35.1119023],[126.7925175,35.1118299],[126.7929271,35.1114721],[126.7931132,35.1113961],[126.7932443,35.1113424],[126.793553,35.1113127],[126.7936402,35.1113195],[126.793746,35.1113468],[126.7938779,35.1113553],[126.7940361,35.1113621],[126.7941246,35.1112602],[126.7941259,35.1112588],[126.7938632,35.1111725],[126.7936787,35.1111128],[126.7936544,35.1111363],[126.7933573,35.111011],[126.7931165,35.1109438],[126.7928655,35.1108624],[126.7927209,35.1108234],[126.7925752,35.1108573],[126.792589,35.1103632],[126.7925895,35.1103535],[126.7925975,35.1100743],[126.7925993,35.1100124],[126.7925993,35.1097508],[126.792624,35.1095088],[126.7926305,35.109492],[126.7922201,35.1092434],[126.7918028,35.1090573],[126.7912662,35.1089995],[126.7910408,35.1089641],[126.7907941,35.1089254],[126.7906985,35.1089104],[126.7900687,35.1094023],[126.7896019,35.1097013],[126.789419,35.1098184],[126.7883329,35.1107248],[126.7880383,35.1108207],[126.7876366,35.1109515],[126.7863632,35.1113447],[126.7860186,35.1115678],[126.7854664,35.1119936],[126.7849208,35.1125194],[126.7845109,35.1130802],[126.7844638,35.1131448],[126.7840486,35.1139166],[126.7837429,35.1151069],[126.7835302,35.115635],[126.7836332,35.1160597],[126.78392,35.1167151],[126.7842472,35.1173035],[126.7847244,35.1178274],[126.7849116,35.1180329],[126.7859115,35.1192601],[126.7866489,35.1194907],[126.7868879,35.1196592],[126.7872154,35.1202429],[126.7871225,35.1211453],[126.786883,35.1216889],[126.7864825,35.121931]]]}},
{"type":"Feature","properties":{"BASE_DATE":"20250630","ADM_CD":"36040360","ADM_NM":"다시면"},"geometry":{"type":"Polygon","coordinates":[[[126.6490371,35.0653825],[126.6489866,35.0654],[126.6489597,35.0654235],[126.6485837,35.0655697],[126.6479525,35.0657271],[126.6477889,35.0657746],[126.6473303,35.0661179],[126.6467984,35.0664566],[126.6465734,35.0665798],[126.6463163,35.0667209],[126.6460968,35.067231],[126.6460349,35.0673512],[126.6458971,35.067655],[126.6458968,35.0676915],[126.6458958,35.0678258],[126.6458823,35.0680156],[126.645758,35.0687378],[126.6453729,35.068754],[126.6449892,35.0687685],[126.6445234,35.0688291],[126.643866,35.0689205],[126.6435402,35.0690361],[126.6430958,35.0696408],[126.6430803,35.0696219],[126.6427831,35.06926],[126.6426247,35.0691673],[126.6425294,35.0691017],[126.6424965,35.0689212],[126.6423321,35.0685752],[126.641904,35.0681524],[126.6413151,35.0679414],[126.6410559,35.0678567],[126.6405838,35.0676896],[126.6404907,35.0675546],[126.6403815,35.0673754],[126.6403789,35.06737],[126.640363,35.0671815],[126.6401678,35.0667411],[126.6397477,35.0664059],[126.6394814,35.0661733],[126.6393802,35.0657623],[126.6390273,35.0653062],[126.6389445,35.0651982],[126.6385953,35.0643363],[126.6384632,35.0641533],[126.6381577,35.064128],[126.6380163,35.0642067],[126.6375611,35.0640853],[126.6370813,35.0640056],[126.6368811,35.0639214],[126.6365067,35.0636593],[126.6361807,35.063144],[126.6355017,35.0628949],[126.6350352,35.0626359],[126.6346241,35.062263],[126.6343913,35.0619865],[126.6345241,35.061741],[126.6344069,35.0616696],[126.6343108,35.0616119],[126.6340188,35.0614413],[126.6336173,35.0610984],[126.6335703,35.0608564],[126.6335406,35.0607294],[126.6332554,35.0602971],[126.6330328,35.0598092],[126.6327821,35.0594651],[126.6326966,35.0594022],[126.6326854,35.059394],[126.6324115,35.0592008],[126.632143,35.0589119],[126.6317893,35.0586462],[126.6312936,35.0586021],[126.6309667,35.0583698],[126.6307932,35.0581442],[126.6307018,35.0580298],[126.6306431,35.0579489],[126.6305057,35.0578348],[126.630348,35.0577096],[126.6302644,35.0576761],[126.63009,35.0572308],[126.6299826,35.0568992],[126.6296137,35.0562787],[126.6297557,35.055716],[126.629761,35.055692],[126.629433,35.054867],[126.6295051,35.0545746],[126.6298224,35.0538061],[126.6296412,35.0534974],[126.6295712,35.0533512],[126.6293501,35.0529862],[126.6288209,35.0521265],[126.6287945,35.0520836],[126.6288217,35.0520545],[126.6291703,35.0516815],[126.6292987,35.0512241],[126.6293104,35.0511925],[126.6294951,35.0508303],[126.6296603,35.0505121],[126.6297159,35.0503193],[126.6298333,35.0499384],[126.6301389,35.0496103],[126.6301374,35.0495172],[126.630151,35.0491858],[126.6303436,35.0487128],[126.6304645,35.0482675],[126.6304893,35.0481758],[126.6306216,35.0479483],[126.6306323,35.0479283],[126.6314499,35.0474249],[126.6322607,35.0469874],[126.6326421,35.0468469],[126.6329761,35.046709],[126.6329876,35.0467042],[126.6330478,35.046712],[126.6332212,35.0466968],[126.6332859,35.0466957],[126.6336344,35.0466503],[126.6344015,35.0463607],[126.6347128,35.0462432],[126.6349286,35.0462034],[126.6350485,35.046229],[126.6351025,35.0462373],[126.6351582,35.0462459],[126.6351845,35.0462419],[126.6353678,35.0462144],[126.6354052,35.0461925],[126.6357144,35.0461005],[126.6358469,35.0460611],[126.635907,35.0460432],[126.6362557,35.0460176],[126.6363678,35.0460094],[126.6366305,35.0453392],[126.6367736,35.0451324],[126.6372211,35.0447134],[126.6372349,35.0447053],[126.6372293,35.0446837],[126.6372258,35.0446714],[126.6371826,35.0445205],[126.6370629,35.0443362],[126.6370444,35.0443077],[126.6370409,35.0442794],[126.6370387,35.0442415],[126.6370358,35.0441914],[126.6369608,35.0434851],[126.6367889,35.0432033],[126.6368055,35.0431031],[126.6369017,35.0425076],[126.6370727,35.0422626],[126.6371692,35.0418939],[126.6372506,35.0415884],[126.6371714,35.0413749],[126.6370423,35.0410275],[126.637026,35.0409808],[126.6369289,35.0407034],[126.6369233,35.0407054],[126.6367958,35.0407227],[126.6361878,35.0408051],[126.6358974,35.0408386],[126.6356809,35.0409217],[126.6353943,35.0408049],[126.6349672,35.040634],[126.6347639,35.0405092],[126.6347386,35.0402923],[126.6346987,35.040257],[126.6346593,35.0402149],[126.6346437,35.0401982],[126.6344502,35.0401106],[126.6341824,35.0399895],[126.6341404,35.0399433],[126.6341076,35.0399073],[126.6340494,35.0398902],[126.6339363,35.0398569],[126.6337063,35.0397672],[126.633604,35.0397299],[126.6335068,35.0396859],[126.6333774,35.0394932],[126.6332521,35.0393064],[126.6332458,35.0392132],[126.6332247,35.0391125],[126.6332741,35.0390024],[126.6333059,35.0389185],[126.6332115,35.0387447],[126.6332518,35.0387339],[126.6332443,35.0386846],[126.6331472,35.03862],[126.6331307,35.038609],[126.6331551,35.0386004],[126.6332424,35.0385696],[126.633311,35.0385311],[126.6333626,35.0383499],[126.6333525,35.0383024],[126.6333088,35.0382191],[126.6333064,35.0382144],[126.6331862,35.0380625],[126.633193,35.0380468],[126.6332051,35.0380212],[126.6333415,35.0378511],[126.6334827,35.0376691],[126.6335985,35.0372304],[126.6336819,35.0370996],[126.6339395,35.0366987],[126.6340807,35.0365402],[126.634271,35.0363266],[126.6342726,35.0363183],[126.6342857,35.0363031],[126.6342884,35.0363071],[126.6344659,35.03599],[126.6345378,35.0359468],[126.6345809,35.0358545],[126.6346974,35.0356069],[126.6346977,35.035603],[126.6347211,35.0352799],[126.634742,35.0351368],[126.6347761,35.0349744],[126.6350247,35.0346446],[126.6350988,35.0344206],[126.6351572,35.0342736],[126.6351745,35.0342529],[126.6352026,35.0342332],[126.635411,35.0339746],[126.6355603,35.0337856],[126.6356939,35.0336041],[126.6357068,35.0335875],[126.6358094,35.0336467],[126.635923,35.0333052],[126.6361616,35.0328391],[126.6362513,35.0326639],[126.6362966,35.0325903],[126.636399,35.0324058],[126.6365064,35.0321826],[126.6365346,35.0321317],[126.6366072,35.0319808],[126.6363814,35.0318438],[126.6359712,35.0317872],[126.635719,35.0317532],[126.6354321,35.0320127],[126.6352177,35.0321737],[126.6349753,35.0323331],[126.6343336,35.0325844],[126.634253,35.0325696],[126.634058,35.032547],[126.6340362,35.0325407],[126.6336888,35.0325609],[126.6335636,35.0325646],[126.6335047,35.0325376],[126.6335017,35.0325362],[126.6334664,35.0325192],[126.6334351,35.0325041],[126.6332689,35.032427],[126.6330752,35.0323413],[126.6330647,35.032331],[126.6330293,35.0322959],[126.6330009,35.0322668],[126.6329987,35.0322645],[126.6328941,35.0321558],[126.6328743,35.0321359],[126.6328138,35.0320756],[126.6326833,35.0319459],[126.6326659,35.0319291],[126.6326431,35.0319093],[126.6326457,35.0318781],[126.6325051,35.0317554],[126.6323929,35.0316566],[126.6323847,35.031653],[126.6321757,35.0315914],[126.6321624,35.0315874],[126.6318942,35.0315095],[126.6316257,35.0314221],[126.6315264,35.0313807],[126.6315256,35.0313803],[126.6314352,35.0313452],[126.6313862,35.0312363],[126.6312665,35.0312157],[126.6312052,35.0312445],[126.6311194,35.031195],[126.6310162,35.0311424],[126.6309387,35.0310965],[126.6307516,35.0309972],[126.6307397,35.030979],[126.6306482,35.0308038],[126.6305598,35.0306225],[126.6305538,35.0306075],[126.6305495,35.0305939],[126.6305061,35.0305156],[126.6304992,35.0305019],[126.6304914,35.0304902],[126.6304737,35.0304563],[126.6304322,35.0303785],[126.6303773,35.0302832],[126.6302257,35.0299738],[126.6301672,35.0298792],[126.6301267,35.0298137],[126.630059,35.0296884],[126.629836,35.029527],[126.6296982,35.0294231],[126.6298508,35.0292733],[126.6299389,35.0291869],[126.6301334,35.0289998],[126.6303066,35.0287007],[126.6302558,35.0283621],[126.6306718,35.0280507],[126.6307105,35.02802],[126.6307441,35.027963],[126.6307553,35.0279423],[126.6307584,35.0279389],[126.6308023,35.0278906],[126.630761,35.0277597],[126.6307999,35.0276969],[126.6308769,35.0273582],[126.6308818,35.0273367],[126.6308825,35.0273337],[126.6308883,35.0273058],[126.6309138,35.0272262],[126.6309643,35.0270636],[126.6309856,35.0270334],[126.6310389,35.0269545],[126.6312205,35.0267567],[126.6312303,35.0267459],[126.6313911,35.0267144],[126.6314007,35.0267097],[126.6314154,35.026708],[126.631428,35.0267041],[126.6315684,35.026661],[126.63162,35.0266302],[126.6316358,35.0265989],[126.6316061,35.0265629],[126.6315222,35.0263853],[126.6314867,35.0262957],[126.6314652,35.0262137],[126.6314484,35.0259525],[126.6314396,35.0258275],[126.6314571,35.0257159],[126.6316312,35.0255464],[126.6316235,35.0254984],[126.6316795,35.0254744],[126.6317245,35.0254569],[126.6317343,35.0252879],[126.6316502,35.0252585],[126.6316507,35.0250741],[126.6316388,35.0250272],[126.631952,35.0249642],[126.6319782,35.0247874],[126.6320885,35.0247],[126.6321386,35.024619],[126.6322493,35.024476],[126.6323108,35.0244295],[126.6323813,35.0243485],[126.6324841,35.0242155],[126.6324941,35.0242025],[126.6325347,35.0241472],[126.6325901,35.0240882],[126.6327242,35.0238894],[126.6327584,35.023812],[126.6327945,35.0237252],[126.6328523,35.0236184],[126.6329789,35.023385],[126.6329904,35.0233636],[126.6329952,35.0233543],[126.6330086,35.0233277],[126.6330395,35.0232935],[126.6331642,35.0232604],[126.6331884,35.0232492],[126.6332405,35.023152],[126.6333144,35.0230863],[126.6334431,35.0230213],[126.6335209,35.0229515],[126.6335448,35.02293],[126.6336378,35.0229477],[126.6336587,35.022873],[126.6336401,35.0228581],[126.6337073,35.0228245],[126.6337412,35.0227915],[126.6338428,35.0226644],[126.6340141,35.0227233],[126.63406,35.0227969],[126.6340711,35.0228146],[126.63416,35.0227776],[126.6341712,35.0227654],[126.6342254,35.0227475],[126.6343009,35.0227098],[126.6343028,35.0227088],[126.6343805,35.0226659],[126.6343762,35.0226551],[126.634355,35.0226025],[126.6342921,35.0224918],[126.6342916,35.0224908],[126.6342737,35.0224623],[126.6342856,35.0224343],[126.6343558,35.0222686],[126.6343497,35.0222557],[126.63439,35.0222473],[126.6343553,35.0220654],[126.6343374,35.0219884],[126.6343116,35.0219045],[126.6342897,35.0218421],[126.6343186,35.0217592],[126.6342621,35.0216194],[126.6342627,35.0214728],[126.6342619,35.0214162],[126.634194,35.0213687],[126.6341746,35.0213268],[126.6341638,35.0213031],[126.6341574,35.0212891],[126.6341561,35.0212911],[126.6341045,35.0213727],[126.6340883,35.0214939],[126.6339663,35.0215316],[126.6338584,35.0212022],[126.634071,35.0211783],[126.634028,35.0211722],[126.6339977,35.0211431],[126.633946,35.0211214],[126.6339506,35.0209621],[126.6339357,35.0208324],[126.6339247,35.0207658],[126.6340207,35.0207947],[126.6340202,35.0207175],[126.634022,35.0207168],[126.6340883,35.0206907],[126.634063,35.0205963],[126.6339971,35.0206106],[126.6339887,35.0206125],[126.6338859,35.0206472],[126.6338734,35.0206115],[126.6338363,35.0205861],[126.6337809,35.0204433],[126.6337649,35.0203761],[126.6337407,35.0202612],[126.6337508,35.0201378],[126.6337684,35.0199873],[126.6338172,35.0199287],[126.6338703,35.0199223],[126.6339227,35.0200342],[126.6340159,35.0201872],[126.6340166,35.0201884],[126.6340156,35.0201893],[126.6339992,35.0202048],[126.6340103,35.0202233],[126.6340961,35.020367],[126.6341164,35.0203053],[126.6341545,35.0203251],[126.6341662,35.0203602],[126.634141,35.0203789],[126.6341831,35.020435],[126.6342346,35.0204351],[126.6342347,35.0204641],[126.6343097,35.0204996],[126.6343406,35.0206002],[126.6343669,35.0206548],[126.6344596,35.0207033],[126.6345441,35.0206237],[126.6344358,35.0204925],[126.6343754,35.0204226],[126.6343535,35.0204328],[126.6342631,35.0203261],[126.6342832,35.0203149],[126.634216,35.020252],[126.6341696,35.0201207],[126.634103,35.020054],[126.6340634,35.0200161],[126.6339967,35.0199135],[126.6339844,35.019861],[126.6339026,35.0195109],[126.6341528,35.0188517],[126.6338721,35.018465],[126.6338003,35.0184227],[126.6334987,35.0182572],[126.6333722,35.0181899],[126.633203,35.0180982],[126.6332458,35.0180587],[126.6332147,35.0180244],[126.6331482,35.0178993],[126.6331474,35.0178977],[126.6331543,35.0178697],[126.6331236,35.0177862],[126.6331223,35.017783],[126.6331792,35.0177743],[126.6337588,35.0176849],[126.6340498,35.0176701],[126.6343073,35.0176603],[126.6343358,35.0176591],[126.6343572,35.017657],[126.6344332,35.0176497],[126.6344474,35.0175839],[126.6344534,35.0174802],[126.6344652,35.0173703],[126.6344784,35.0172479],[126.6345076,35.016977],[126.6340314,35.0171078],[126.6338478,35.017173],[126.633806,35.017197],[126.6337344,35.0172132],[126.6336816,35.0172264],[126.6336143,35.0172432],[126.6335194,35.017257],[126.6334369,35.0172787],[126.6332519,35.0173269],[126.633079,35.0173705],[126.6329159,35.0174263],[126.632874,35.0174389],[126.6328614,35.0174427],[126.6324498,35.0175088],[126.6322481,35.0175527],[126.6320609,35.0176048],[126.6320558,35.0175634],[126.6320521,35.0175339],[126.6320729,35.0174623],[126.6320863,35.0174155],[126.6322377,35.0173884],[126.6322376,35.0173484],[126.6322764,35.0170335],[126.6318875,35.0170736],[126.6316988,35.0170414],[126.6316326,35.0168283],[126.6316034,35.0167467],[126.6316034,35.0166773],[126.6314626,35.0167015],[126.6311982,35.0168289],[126.6311905,35.0168146],[126.6311624,35.0168395],[126.6303778,35.0175387],[126.6304097,35.0175565],[126.630257,35.0176968],[126.6300606,35.01787],[126.630037,35.0178908],[126.6300285,35.0178983],[126.6299999,35.0179239],[126.629955,35.0179497],[126.6298592,35.0180045],[126.6296948,35.0181109],[126.6295528,35.0182028],[126.6293498,35.0183367],[126.6293588,35.0183468],[126.629424,35.0184246],[126.629713,35.0182147],[126.6297692,35.0183088],[126.6298699,35.0183884],[126.6299551,35.0184227],[126.6300193,35.0184388],[126.6300302,35.0184849],[126.6299809,35.0185132],[126.6298592,35.0185863],[126.6296279,35.0187251],[126.6295824,35.0187521],[126.6295481,35.0186304],[126.6294303,35.0186583],[126.6294381,35.0186786],[126.6293434,35.0187324],[126.6292648,35.0186273],[126.6292226,35.0186233],[126.6292204,35.0186204],[126.6291445,35.0185205],[126.6291415,35.0185165],[126.6290972,35.0185563],[126.6290141,35.0186298],[126.6288744,35.0187406],[126.6287723,35.0188289],[126.6285099,35.019032],[126.6284285,35.0190892],[126.628432,35.0190998],[126.6284446,35.0191383],[126.6283315,35.0192255],[126.6282947,35.0192539],[126.628213,35.0193189],[126.6281435,35.0193743],[126.628083,35.0193236],[126.628077,35.0193185],[126.6279945,35.0193783],[126.6276785,35.0195224],[126.627148,35.0197645],[126.6268801,35.0198865],[126.6264326,35.0200308],[126.6263207,35.0202093],[126.6260095,35.0202894],[126.6258192,35.02023],[126.6256661,35.0202798],[126.6250636,35.0204693],[126.6249981,35.0204939],[126.6246714,35.0206169],[126.6244815,35.0206663],[126.6243966,35.0207442],[126.624298,35.0207227],[126.624204,35.0207847],[126.6241369,35.0208134],[126.6240618,35.0208529],[126.6240022,35.0208872],[126.623873,35.020972],[126.6234403,35.0212281],[126.6233152,35.0212895],[126.6232151,35.0213471],[126.6229113,35.0215421],[126.6227938,35.0215628],[126.6225202,35.021617],[126.622261,35.0216598],[126.6223576,35.0217493],[126.6222376,35.0217794],[126.6217361,35.0220623],[126.621421,35.0222005],[126.6210338,35.0224166],[126.6207227,35.0225263],[126.6199943,35.0229409],[126.6198924,35.0230241],[126.6194941,35.0232451],[126.61936,35.0233005],[126.6193109,35.0233342],[126.6192323,35.0234577],[126.6188995,35.0239204],[126.6188185,35.0241616],[126.61876,35.0242051],[126.6187231,35.0242508],[126.6184482,35.0244583],[126.6182721,35.0245911],[126.6182093,35.0247436],[126.618077,35.0250056],[126.6179757,35.025072],[126.6178412,35.0251703],[126.6175516,35.0252523],[126.6174256,35.0252871],[126.6172935,35.0253316],[126.6169672,35.0254414],[126.6166463,35.0255286],[126.6163531,35.0256335],[126.6161858,35.0256827],[126.616038,35.0257735],[126.6158781,35.025864],[126.6158039,35.0259063],[126.6156507,35.0260052],[126.6155292,35.0262177],[126.6152881,35.0262757],[126.615271,35.0262781],[126.6150408,35.0262861],[126.6149464,35.026294],[126.6145363,35.0262429],[126.6144209,35.0262298],[126.6142068,35.0261266],[126.614156,35.0261021],[126.6141339,35.0260991],[126.6141223,35.0260955],[126.6141193,35.0260952],[126.6140684,35.0260901],[126.6134215,35.0260462],[126.6132406,35.0260373],[126.6130471,35.0259783],[126.6129721,35.025956],[126.6129146,35.0259439],[126.6127996,35.0258218],[126.6125557,35.0256297],[126.6123722,35.0254732],[126.6123382,35.0254548],[126.6122827,35.0254249],[126.6122753,35.0254322],[126.6121912,35.0255155],[126.6119246,35.0259051],[126.6118786,35.0259617],[126.6117586,35.0261489],[126.6117461,35.0261713],[126.6114537,35.0268472],[126.611363,35.0268914],[126.6113157,35.0270321],[126.6112865,35.0270463],[126.6112581,35.0270621],[126.6111372,35.0271594],[126.6110113,35.0273152],[126.6108363,35.0275506],[126.6107685,35.0276417],[126.6106057,35.0278482],[126.6105071,35.0279551],[126.6103414,35.0281128],[126.610064,35.0283113],[126.6099255,35.028428],[126.6096614,35.0286699],[126.6093701,35.0289875],[126.6093548,35.0291484],[126.6093673,35.0292652],[126.6093747,35.0293043],[126.6094169,35.0295276],[126.6094284,35.0295806],[126.6094293,35.0295856],[126.6094304,35.0295918],[126.6094374,35.0296296],[126.6094548,35.0296659],[126.6084867,35.0298497],[126.608166,35.0299119],[126.6075284,35.0300355],[126.6070917,35.0300955],[126.6063127,35.0301648],[126.6057384,35.0301706],[126.6056083,35.0301719],[126.6050921,35.0301949],[126.6050242,35.0302057],[126.6045989,35.0302458],[126.6038307,35.0303174],[126.6038148,35.0303189],[126.602662,35.0305565],[126.6026148,35.0305649],[126.602605,35.0305666],[126.6025299,35.0305824],[126.6024609,35.0305969],[126.6023927,35.0306083],[126.6009622,35.0308279],[126.6008303,35.0308482],[126.5999108,35.0310042],[126.599045,35.031141],[126.5986691,35.0311331],[126.5984896,35.0312164],[126.5984487,35.0312365],[126.5983823,35.0312675],[126.5983531,35.0312685],[126.5982362,35.0312719],[126.5981041,35.0312798],[126.5979204,35.0313276],[126.5978863,35.0313388],[126.597711,35.0313965],[126.5976931,35.0314024],[126.5976145,35.0314283],[126.5974641,35.0314805],[126.5973249,35.0317435],[126.5972973,35.0317957],[126.5972873,35.0318146],[126.5972419,35.0319004],[126.5972017,35.0319459],[126.5970467,35.0321769],[126.5970073,35.0322358],[126.5969145,35.0323742],[126.5969132,35.0324519],[126.5968947,35.0324993],[126.5968464,35.0326238],[126.5968245,35.0326807],[126.5968005,35.0327424],[126.5967966,35.0327449],[126.5965986,35.0328761],[126.5964454,35.0329061],[126.5963542,35.032924],[126.5961543,35.0330095],[126.5961019,35.0330319],[126.5960298,35.033077],[126.5959571,35.0331224],[126.5958306,35.0331679],[126.5958268,35.033184],[126.5957104,35.0332737],[126.5956092,35.0333516],[126.595376,35.0332696],[126.5953587,35.0332635],[126.5951295,35.0332178],[126.595029,35.0331978],[126.5949961,35.0331913],[126.5948915,35.0331731],[126.5947849,35.0331518],[126.5943435,35.0331752],[126.594302,35.0331774],[126.5942594,35.0331795],[126.594203,35.0331825],[126.594187,35.0331836],[126.5939609,35.0331521],[126.5939541,35.0331511],[126.5938668,35.0331374],[126.5936334,35.0331349],[126.5936319,35.0331349],[126.5935715,35.0331298],[126.5935582,35.0331286],[126.5934499,35.0331183],[126.5931361,35.0330615],[126.5930609,35.0330467],[126.5930063,35.033036],[126.5930075,35.0329429],[126.5930141,35.0323935],[126.5930914,35.0322451],[126.5932491,35.0319425],[126.5932845,35.0318744],[126.5933008,35.0313571],[126.5932993,35.031212],[126.593299,35.0311842],[126.5932959,35.0308712],[126.5932937,35.0306546],[126.5933089,35.0306026],[126.5933632,35.0304171],[126.5935964,35.0299828],[126.5937466,35.0298368],[126.5937962,35.0297887],[126.5940713,35.0295219],[126.5940846,35.0294873],[126.5941779,35.0293178],[126.5943318,35.0287675],[126.5943713,35.028614],[126.5944201,35.02849],[126.5944391,35.028442],[126.5945185,35.0282404],[126.5946126,35.0280358],[126.5946244,35.0279652],[126.5945084,35.0276706],[126.5944449,35.0276371],[126.5944352,35.0276313],[126.5939892,35.0273617],[126.5936687,35.0272972],[126.5931803,35.027422],[126.5930162,35.0274535],[126.5927642,35.0273793],[126.5925471,35.0270954],[126.5926219,35.0270438],[126.59271,35.0269824],[126.5933046,35.0266789],[126.593397,35.0266391],[126.5934842,35.0265997],[126.5937134,35.0264481],[126.5939139,35.0262471],[126.5939175,35.0262074],[126.593983,35.0259214],[126.593991,35.025847],[126.5938876,35.0257202],[126.5934441,35.0253289],[126.593311,35.0252523],[126.5932566,35.0252219],[126.5924895,35.025104],[126.5923616,35.025025],[126.5923531,35.0246603],[126.5925928,35.0244272],[126.5926203,35.0240728],[126.5925475,35.0239381],[126.592426,35.0237132],[126.592345,35.0234809],[126.5923321,35.023444],[126.5922945,35.0233363],[126.592275,35.0231714],[126.592233,35.0228153],[126.5922041,35.0227065],[126.5921784,35.0226334],[126.5921548,35.0225665],[126.5920907,35.0223844],[126.5918757,35.0222706],[126.5915698,35.0221086],[126.5915281,35.0220896],[126.5914855,35.0220702],[126.5910199,35.0219021],[126.5908726,35.0218466],[126.5905369,35.0215791],[126.5904686,35.0215108],[126.5903405,35.0212441],[126.5902979,35.0210479],[126.5903148,35.0206474],[126.5903241,35.0202934],[126.590268,35.020104],[126.5902551,35.0200834],[126.5900649,35.0197792],[126.5900054,35.019684],[126.589971,35.019658],[126.5899157,35.0196162],[126.5893955,35.0192787],[126.5893146,35.0192263],[126.5892432,35.0191807],[126.5885623,35.018766],[126.5884842,35.0187168],[126.5883067,35.0186117],[126.5880552,35.0184724],[126.5879897,35.0184437],[126.5874721,35.0181923],[126.5874607,35.0181877],[126.5874127,35.0181683],[126.5873566,35.018127],[126.5870374,35.0179099],[126.5869647,35.0178591],[126.5869322,35.0178234],[126.5869245,35.0178149],[126.5865716,35.0174297],[126.5863294,35.0169211],[126.5862541,35.0166871],[126.5861424,35.0163564],[126.5861161,35.0162976],[126.5860947,35.0162497],[126.5859205,35.0157428],[126.5858048,35.0152662],[126.5857973,35.0152328],[126.585795,35.0152206],[126.5857918,35.0151945],[126.5858008,35.0151654],[126.5858303,35.0150787],[126.5859792,35.0146417],[126.5862084,35.0142233],[126.5862478,35.0141639],[126.5862795,35.0141269],[126.5863571,35.0140137],[126.5865081,35.0138241],[126.5868126,35.0134682],[126.5868353,35.0134427],[126.5868523,35.0134248],[126.5871711,35.0132909],[126.5874302,35.0132701],[126.5876629,35.0132604],[126.5877239,35.0132628],[126.5879152,35.0132339],[126.5879787,35.0132243],[126.5880631,35.0131826],[126.5882435,35.013121],[126.588328,35.0130774],[126.5886967,35.0128444],[126.5889388,35.0128358],[126.5890774,35.0128308],[126.5892257,35.0127875],[126.5893435,35.0127695],[126.5894481,35.0127536],[126.5895186,35.0127428],[126.5896612,35.012721],[126.5901517,35.0127647],[126.5903063,35.0127779],[126.5903593,35.0127852],[126.5903994,35.0127914],[126.5906651,35.0128077],[126.590807,35.0128411],[126.5910994,35.0128986],[126.5911873,35.0129195],[126.591509,35.0129722],[126.5915249,35.0129734],[126.5915356,35.012975],[126.5915681,35.0129796],[126.5916024,35.012985],[126.5918334,35.0130049],[126.5918849,35.0130094],[126.5920044,35.0130134],[126.5924472,35.0130442],[126.5925618,35.013047],[126.5928495,35.0130672],[126.5929086,35.0130667],[126.5929446,35.0130657],[126.5929853,35.0130647],[126.593144,35.0130553],[126.5932177,35.0130514],[126.5932251,35.0130739],[126.5932303,35.0130864],[126.5932418,35.0130961],[126.5932413,35.0131075],[126.5932389,35.013198],[126.5937511,35.0133667],[126.5940166,35.0134541],[126.5943804,35.0134922],[126.5944489,35.0134794],[126.5948102,35.0134117],[126.5948166,35.0134105],[126.5954388,35.0131815],[126.5959185,35.0130112],[126.596027,35.0129727],[126.5963333,35.0129681],[126.5963541,35.0129678],[126.5965263,35.0129652],[126.5966917,35.0130368],[126.5972291,35.0132767],[126.5972428,35.0132828],[126.5974041,35.0133559],[126.5974779,35.0133463],[126.5977989,35.0133087],[126.5979616,35.0132125],[126.5981685,35.0130902],[126.5984781,35.0128122],[126.5985685,35.0128481],[126.5985817,35.0128534],[126.5986065,35.0128205],[126.5988356,35.0125174],[126.5988668,35.0124745],[126.5989868,35.0123094],[126.5990082,35.01228],[126.5990894,35.0121538],[126.5991504,35.0120295],[126.5992671,35.0117916],[126.5993065,35.0117067],[126.5993449,35.0116317],[126.5995206,35.0111775],[126.5995582,35.0110637],[126.5995986,35.0109414],[126.5995646,35.0109367],[126.599516,35.0109299],[126.5995829,35.0105733],[126.5996412,35.0102628],[126.5996621,35.0099087],[126.5994882,35.0094482],[126.5994109,35.0092437],[126.5992905,35.008909],[126.5991814,35.0084973],[126.5991629,35.0084222],[126.5991532,35.0083802],[126.599103,35.00814],[126.5990926,35.0080889],[126.5990843,35.0080475],[126.5990789,35.0080197],[126.5990351,35.0077989],[126.5987853,35.0072268],[126.5987801,35.007215],[126.5987728,35.007218],[126.5986582,35.0072658],[126.5986535,35.0072623],[126.5982276,35.0069381],[126.5982271,35.0069377],[126.5982249,35.0069366],[126.5981714,35.00689],[126.5980126,35.0067047],[126.5980034,35.0066956],[126.5979013,35.0065943],[126.5977405,35.0065001],[126.5974826,35.0063492],[126.5974359,35.006305],[126.5974728,35.0062761],[126.5973365,35.0061455],[126.5970109,35.0058626],[126.5969783,35.0058319],[126.596956,35.0058172],[126.5966884,35.0054601],[126.5966834,35.0054534],[126.5967493,35.0054223],[126.5965723,35.0051364],[126.596537,35.0050805],[126.5964319,35.0049081],[126.5964141,35.0048812],[126.5963998,35.0048596],[126.5962359,35.0046123],[126.5962096,35.0045718],[126.5961531,35.0045319],[126.5961505,35.00453],[126.5961213,35.00451],[126.5957656,35.0042557],[126.5957224,35.0042255],[126.5954832,35.0041948],[126.5949171,35.0043617],[126.5944853,35.0046631],[126.5944475,35.0046897],[126.5944566,35.0050512],[126.5946188,35.0054909],[126.5946863,35.0058121],[126.5946862,35.0058175],[126.5946835,35.0059045],[126.5946712,35.00624],[126.5946114,35.0062758],[126.5945867,35.0062905],[126.5942727,35.0064726],[126.5936895,35.0061185],[126.5936265,35.0060805],[126.5935935,35.0059702],[126.5934622,35.0055324],[126.5934166,35.0053821],[126.5933648,35.0050483],[126.593506,35.0045043],[126.5938599,35.0039094],[126.5939432,35.0037729],[126.5939483,35.0037646],[126.5939734,35.0037135],[126.594069,35.00352],[126.5940841,35.0034894],[126.5943093,35.003034],[126.5944504,35.0027545],[126.594467,35.0027202],[126.5944823,35.0026966],[126.5946385,35.0024557],[126.5946651,35.0024153],[126.5946919,35.0023819],[126.5948944,35.002123],[126.5949287,35.0020798],[126.5949672,35.0020313],[126.5950269,35.0019556],[126.5950676,35.0019221],[126.5951141,35.0018824],[126.5954135,35.0016339],[126.5954938,35.0015624],[126.5958518,35.0012935],[126.5959297,35.0012334],[126.5959988,35.0011578],[126.5962978,35.0008191],[126.5963027,35.0008092],[126.5963399,35.0007345],[126.5964817,35.0004514],[126.5965118,35.0002009],[126.5965215,35.0000815],[126.5964824,34.9998249],[126.596468,34.9997541],[126.5963388,34.9995007],[126.596305,34.9994352],[126.5961998,34.9991816],[126.5960376,34.9989098],[126.595962,34.998842],[126.5956854,34.9985893],[126.5955115,34.998465],[126.5954809,34.9984414],[126.5952148,34.998205],[126.5950073,34.9980228],[126.5949416,34.9979739],[126.5948308,34.99789],[126.5940921,34.9975298],[126.5940248,34.9974996],[126.5939086,34.9974464],[126.5938088,34.9974023],[126.5932116,34.9971354],[126.5926193,34.9968167],[126.5922222,34.9965739],[126.5921823,34.9965249],[126.5920042,34.9963169],[126.5920381,34.9962474],[126.5921543,34.996009],[126.5923855,34.995831],[126.5924041,34.9958167],[126.5929892,34.9956354],[126.5932197,34.9955657],[126.5932405,34.9955628],[126.5939423,34.9954638],[126.5941644,34.995433],[126.5942113,34.9954315],[126.5948679,34.9954087],[126.5949471,34.9954063],[126.5952881,34.9954161],[126.595541,34.9954177],[126.5961242,34.9955695],[126.5962095,34.9955929],[126.5962612,34.9956072],[126.5964908,34.9956707],[126.5967311,34.9958312],[126.5967915,34.9959086],[126.5970443,34.9962263],[126.5971001,34.996299],[126.597116,34.9963188],[126.5974259,34.9967183],[126.5975067,34.9968432],[126.5975545,34.9969164],[126.5977144,34.9971612],[126.5977382,34.9971978],[126.5977702,34.997247],[126.5977934,34.9972836],[126.5978315,34.9973383],[126.5981089,34.997724],[126.5982036,34.9978567],[126.5984863,34.9980198],[126.5985302,34.9980452],[126.5985915,34.9980271],[126.5987978,34.9979661],[126.5988657,34.9979473],[126.5988857,34.9979092],[126.5990094,34.9976676],[126.5990542,34.9975836],[126.5990599,34.9974828],[126.5990797,34.9971134],[126.5990861,34.9970264],[126.5990417,34.9969181],[126.5988851,34.9965499],[126.5988713,34.9965174],[126.5988304,34.9964171],[126.5987786,34.9963433],[126.5987683,34.9963294],[126.5985209,34.9959786],[126.5984811,34.9959198],[126.5984233,34.9958368],[126.5982349,34.9956763],[126.5981533,34.995606],[126.5977873,34.9952916],[126.5975733,34.9951638],[126.5971958,34.9949381],[126.5964185,34.9947161],[126.5959144,34.9945675],[126.595552,34.9944613],[126.5955313,34.9944552],[126.5952782,34.9943443],[126.5952458,34.9943312],[126.5951417,34.9942868],[126.5949242,34.9941983],[126.5948404,34.9941642],[126.5946042,34.9940671],[126.594137,34.993885],[126.593922,34.9938029],[126.5939207,34.9938024],[126.5938111,34.9937593],[126.5937907,34.9937511],[126.593782,34.9937478],[126.5931501,34.9934925],[126.5930607,34.9934562],[126.5922382,34.9930499],[126.5920365,34.9929511],[126.5919653,34.9929156],[126.5917247,34.9927985],[126.5914073,34.9925559],[126.5914026,34.9925524],[126.5911858,34.99239],[126.5911615,34.992354],[126.5911346,34.9923141],[126.5912786,34.9921748],[126.5915849,34.99221],[126.5915675,34.992164],[126.5912489,34.9920025],[126.5911885,34.9918007],[126.5911111,34.9915422],[126.590949,34.9914636],[126.5909474,34.9914628],[126.5909568,34.9914607],[126.5912386,34.9913996],[126.591658,34.9913085],[126.5918437,34.9912682],[126.5919702,34.9912401],[126.5928222,34.9911507],[126.5931387,34.991055],[126.5936125,34.9909099],[126.5937535,34.9908678],[126.5938219,34.9908461],[126.5943467,34.9905722],[126.5945133,34.9904866],[126.5947863,34.9903441],[126.5950803,34.9901011],[126.5955544,34.9897092],[126.5961624,34.9890927],[126.5965102,34.9886195],[126.5967975,34.9880173],[126.5972489,34.9871511],[126.5977737,34.9862192],[126.5984175,34.9850203],[126.5990918,34.9843271],[126.5996388,34.9837241],[126.6003643,34.9831362],[126.6010648,34.9827273],[126.6017822,34.9824772],[126.6018469,34.9824547],[126.6028106,34.9823004],[126.6029089,34.9822846],[126.6038228,34.9823233],[126.6039183,34.9816443],[126.6042728,34.9816876],[126.6054083,34.9818328],[126.6065442,34.9819971],[126.6075653,34.9818353],[126.6082171,34.981447],[126.608505,34.981263],[126.6085762,34.9812175],[126.6091988,34.9808337],[126.6097731,34.9802736],[126.6102098,34.979535],[126.6104822,34.978586],[126.6105337,34.9778489],[126.610627,34.976597],[126.6106514,34.9759649],[126.6106745,34.9755369],[126.6107673,34.9746972],[126.6107776,34.9746034],[126.6108197,34.9742444],[126.6108369,34.9741276],[126.6108612,34.9732675],[126.6111075,34.9727588],[126.6112185,34.9725324],[126.6119888,34.971753],[126.6120691,34.9716896],[126.6123554,34.971552],[126.612767,34.9713568],[126.6131587,34.9712381],[126.6137085,34.9710736],[126.6137397,34.9710678],[126.6147886,34.9708724],[126.6161764,34.970656],[126.6169615,34.9705497],[126.6175496,34.9705151],[126.6180268,34.9704698],[126.6183071,34.9704305],[126.6186477,34.9703843],[126.6187322,34.9703728],[126.6189297,34.9703318],[126.6194817,34.9702206],[126.6198065,34.9701723],[126.6202159,34.9701137],[126.6204234,34.9700247],[126.6207391,34.9698916],[126.6209012,34.9698223],[126.6215803,34.9696018],[126.6219602,34.969515],[126.6230303,34.9692925],[126.62355,34.9690968],[126.624337,34.9688652],[126.6250192,34.9686209],[126.6256096,34.9683672],[126.6258302,34.9682724],[126.6267641,34.9679005],[126.6278815,34.9673429],[126.628354,34.9671329],[126.6284531,34.9670888],[126.6291817,34.9665784],[126.6293901,34.9664324],[126.6294341,34.9664093],[126.6302916,34.9659593],[126.6308267,34.9656854],[126.6314991,34.9653413],[126.6324019,34.9649849],[126.6327393,34.964862],[126.6333481,34.9646528],[126.6340021,34.9644296],[126.6346484,34.9642936],[126.6357171,34.9640688],[126.6367631,34.9638486],[126.6369248,34.9638146],[126.637392,34.9638155],[126.6376331,34.963816],[126.6387414,34.9638665],[126.6394789,34.9639639],[126.6403549,34.964201],[126.641063,34.9644855],[126.6411633,34.964525],[126.6413652,34.9648571],[126.6413829,34.964896],[126.6414544,34.9650115],[126.6415306,34.9651347],[126.6415861,34.9652239],[126.6416022,34.9652344],[126.6420044,34.9654989],[126.6420912,34.9655537],[126.6421689,34.9655999],[126.6423959,34.9657358],[126.6424091,34.9657496],[126.6426906,34.9660476],[126.6428421,34.9662081],[126.6428574,34.9662342],[126.6429492,34.9663572],[126.6431816,34.9666944],[126.643213,34.9667399],[126.6432299,34.9667653],[126.6434478,34.9670825],[126.6434796,34.9671368],[126.6435494,34.9672717],[126.6435889,34.9673508],[126.6436089,34.9673944],[126.6436168,34.9674184],[126.6436995,34.967777],[126.6437423,34.9679644],[126.6437691,34.9681457],[126.643782,34.9682393],[126.6438209,34.9685114],[126.6438736,34.9688864],[126.6438585,34.9690075],[126.6438323,34.9692157],[126.6438209,34.9693072],[126.6437952,34.9694934],[126.643737,34.9696977],[126.6436151,34.9701194],[126.6435563,34.9703243],[126.6432658,34.9706183],[126.6432629,34.9706215],[126.6432281,34.9706547],[126.643198,34.9706838],[126.6429733,34.9708898],[126.6427596,34.9710871],[126.6427476,34.971092],[126.642596,34.9712306],[126.6423513,34.9714567],[126.641772,34.9717717],[126.6415101,34.9719124],[126.6414276,34.9719567],[126.6410207,34.9720821],[126.6402522,34.9723132],[126.6394417,34.9724122],[126.6390443,34.972364],[126.6386381,34.9723101],[126.6382701,34.9722707],[126.6379359,34.9722349],[126.6372829,34.9721585],[126.6366083,34.9721495],[126.636209,34.9721442],[126.6355076,34.9721349],[126.634631,34.9722287],[126.6339666,34.9723775],[126.6339053,34.9723958],[126.6332592,34.9726386],[126.6327487,34.9730058],[126.6327193,34.9730267],[126.6324009,34.9732535],[126.6320415,34.9734632],[126.6317673,34.9736269],[126.6315326,34.9737691],[126.6310921,34.9742014],[126.6309954,34.9743076],[126.6308996,34.9744952],[126.6308469,34.9745844],[126.6307876,34.9746848],[126.6306594,34.9749016],[126.6302973,34.975216],[126.6294594,34.975925],[126.6292548,34.9762015],[126.6290361,34.9765008],[126.629055,34.9771323],[126.6291353,34.9776184],[126.6291918,34.9779076],[126.6294804,34.9781512],[126.6299518,34.9784227],[126.6303272,34.9785144],[126.6306424,34.9785935],[126.6313611,34.9786867],[126.6314924,34.9787037],[126.6321565,34.9786581],[126.6326818,34.9786627],[126.633048,34.9786618],[126.6333851,34.9786932],[126.6335699,34.9787104],[126.6339232,34.9787408],[126.6339796,34.9787625],[126.6340835,34.9787699],[126.6341597,34.9787774],[126.6341818,34.9787796],[126.6343709,34.9787983],[126.634635,34.9788243],[126.6346995,34.9788458],[126.6347508,34.9788626],[126.6350108,34.978953],[126.63543,34.9790988],[126.6355723,34.9791478],[126.635637,34.9791708],[126.6357652,34.9792324],[126.6359255,34.9793087],[126.6360092,34.9793485],[126.6361365,34.9794042],[126.636232,34.9794459],[126.636275,34.9794649],[126.6363231,34.9794864],[126.6363605,34.9794954],[126.6364214,34.9794663],[126.6365401,34.9794095],[126.6366832,34.9793426],[126.6367718,34.9794105],[126.6369645,34.9795611],[126.6369813,34.9795743],[126.6370459,34.9796239],[126.6371484,34.9797026],[126.6371801,34.9797377],[126.6372698,34.9798364],[126.6375991,34.9801579],[126.6382147,34.9807201],[126.6383102,34.9808358],[126.6385714,34.9811617],[126.6388988,34.9815424],[126.6391311,34.9818098],[126.6391318,34.9818106],[126.639399,34.9821219],[126.6395897,34.9821954],[126.6399384,34.9823371],[126.6402359,34.9824707],[126.6405056,34.9825654],[126.6410069,34.9826965],[126.6413072,34.9827322],[126.6419782,34.9828976],[126.6428392,34.9830211],[126.6430908,34.9830243],[126.6431905,34.9830256],[126.643827,34.982997],[126.6442144,34.9829653],[126.644425,34.9829378],[126.6446989,34.9829525],[126.6448714,34.9829429],[126.6453923,34.9829146],[126.6456452,34.9828716],[126.6457534,34.9828533],[126.6459982,34.982795],[126.6461893,34.9827338],[126.6465514,34.9825691],[126.64659,34.9825451],[126.6465869,34.9825404],[126.6465037,34.9823929],[126.6462023,34.9818586],[126.6469377,34.9817178],[126.6476511,34.9817227],[126.6483356,34.9817274],[126.6492618,34.9818298],[126.6503514,34.981984],[126.6518766,34.9815805],[126.652083,34.9815395],[126.6523216,34.9814926],[126.6525322,34.9814595],[126.6528851,34.9814051],[126.6530935,34.9813723],[126.6539467,34.9814044],[126.6543132,34.9814267],[126.6550016,34.9814711],[126.6556161,34.9815126],[126.6558291,34.9815276],[126.6564165,34.9815935],[126.6571937,34.9818541],[126.6578624,34.9820948],[126.6585827,34.9824036],[126.6593255,34.9828486],[126.6597834,34.9831993],[126.6597974,34.98321],[126.659802,34.9832146],[126.6601966,34.9836062],[126.6606323,34.9841871],[126.6611387,34.9849464],[126.6611764,34.985003],[126.6613377,34.9855908],[126.6615763,34.9866284],[126.6616781,34.9868527],[126.6616797,34.9868563],[126.6620272,34.9876216],[126.6622035,34.9880173],[126.6622905,34.9882115],[126.6624202,34.9885049],[126.6625416,34.9888217],[126.6628574,34.9892926],[126.6629146,34.9893843],[126.6631255,34.9897155],[126.6633651,34.9900443],[126.663819,34.9906364],[126.6639617,34.9908398],[126.6641799,34.991112],[126.6644746,34.9914951],[126.6645763,34.991618],[126.664732,34.991806],[126.6649033,34.9920008],[126.6650063,34.9921287],[126.665285,34.9924348],[126.6654339,34.9925841],[126.6658807,34.9930321],[126.6667307,34.9938843],[126.66693,34.9941132],[126.6672305,34.9944453],[126.6674083,34.9946653],[126.6675596,34.9948389],[126.667748,34.9950334],[126.667932,34.9952022],[126.6681861,34.9954592],[126.6684756,34.9957621],[126.668762,34.9960499],[126.6692214,34.9965331],[126.6696927,34.996974],[126.6703083,34.9975149],[126.6709185,34.9980831],[126.6713964,34.9986921],[126.6714623,34.9987761],[126.6716828,34.9990544],[126.6719401,34.999379],[126.6721639,34.9996647],[126.6726012,35.0000405],[126.6735257,35.0008888],[126.6733811,35.0009898],[126.6736371,35.001462],[126.6747923,35.0021393],[126.6749789,35.00225],[126.6756169,35.0026284],[126.6761661,35.0029916],[126.6765877,35.0032821],[126.6768989,35.003421],[126.6770392,35.0034836],[126.6772406,35.0035042],[126.6773762,35.0035181],[126.6773467,35.0035846],[126.6772394,35.0038267],[126.6771011,35.0041367],[126.6771003,35.0041377],[126.6770033,35.0042596],[126.6769219,35.0043456],[126.6768184,35.0044587],[126.6768152,35.0044622],[126.6766691,35.0046218],[126.6765616,35.0052548],[126.6765776,35.0055028],[126.6762812,35.0065116],[126.6762915,35.0068875],[126.6763006,35.0070759],[126.6762143,35.0077131],[126.6762138,35.0077163],[126.676208,35.0077489],[126.6761928,35.0078355],[126.6761095,35.0082373],[126.6759148,35.0087918],[126.6758871,35.0088707],[126.6757755,35.0093505],[126.6757424,35.0099882],[126.675719,35.0104371],[126.6757088,35.0105774],[126.6759453,35.0114476],[126.67605,35.0118224],[126.6760953,35.0118971],[126.6765176,35.0125945],[126.6766775,35.012932],[126.677113,35.0138133],[126.6770695,35.0139523],[126.677012,35.0142095],[126.6769658,35.0144164],[126.6765596,35.0148318],[126.6765318,35.0148602],[126.6765334,35.0148692],[126.6765646,35.0150448],[126.6772527,35.015651],[126.6773497,35.0163036],[126.678032,35.0169276],[126.6786006,35.017167],[126.6792455,35.0176426],[126.6799607,35.0179579],[126.6802591,35.018135],[126.6808651,35.0185164],[126.6810717,35.0191658],[126.6812893,35.0198496],[126.6813426,35.0202565],[126.6813645,35.0204045],[126.6813646,35.0204049],[126.6813706,35.0204539],[126.6813807,35.0205414],[126.681388,35.0206042],[126.6814046,35.0206445],[126.6813305,35.0208411],[126.6810006,35.0216074],[126.6808982,35.0218776],[126.6808619,35.0219733],[126.6807439,35.0223197],[126.6806319,35.0226488],[126.680231,35.0232686],[126.6801964,35.0233219],[126.6800129,35.0236047],[126.6799828,35.0236512],[126.6798894,35.0238058],[126.6800593,35.0240965],[126.6801158,35.0241933],[126.6800888,35.0246069],[126.6800849,35.0246662],[126.6800841,35.0248381],[126.6808859,35.026219],[126.6809166,35.0262675],[126.6809772,35.0263634],[126.6809868,35.0264007],[126.6810592,35.0266795],[126.6811083,35.0268464],[126.682073,35.0273787],[126.6821659,35.0274299],[126.6817345,35.0283864],[126.6813722,35.029219],[126.6813698,35.0292329],[126.6813177,35.0295319],[126.6813036,35.0299227],[126.6813065,35.031304],[126.6812028,35.0323234],[126.6813293,35.0324756],[126.6814845,35.0326623],[126.6817205,35.0329478],[126.682017,35.0338009],[126.6822773,35.0345498],[126.6823402,35.0347309],[126.6822696,35.0350901],[126.6822039,35.0354235],[126.682194,35.0354694],[126.6820404,35.0361763],[126.6813766,35.0365689],[126.6812293,35.0366561],[126.681354,35.0373826],[126.6813333,35.0375265],[126.6811833,35.0386927],[126.6811827,35.0386982],[126.6811865,35.0387055],[126.6812055,35.0387431],[126.6812414,35.0389137],[126.6812405,35.0390957],[126.6812517,35.0392037],[126.6812654,35.0393357],[126.6813433,35.039419],[126.6814554,35.0395391],[126.6815998,35.0396971],[126.681842,35.0399384],[126.6821649,35.0406032],[126.6834048,35.0421085],[126.6836962,35.0424669],[126.6839756,35.0428024],[126.6842947,35.0430695],[126.6847425,35.0434328],[126.6856792,35.0442169],[126.685736,35.0442645],[126.6857427,35.04427],[126.6857187,35.0446751],[126.6857152,35.0447536],[126.6857432,35.0448891],[126.6857743,35.0450397],[126.6857971,35.0451401],[126.6858823,35.0455454],[126.6860336,35.0459732],[126.6864425,35.0465732],[126.6866076,35.0468169],[126.6868205,35.0471562],[126.6870244,35.0474813],[126.687287,35.0476745],[126.687406,35.04777],[126.6880685,35.0482601],[126.6884432,35.0486173],[126.6886364,35.0488042],[126.688703,35.0488685],[126.6889352,35.049076],[126.6891784,35.0492063],[126.6893526,35.0492996],[126.6895649,35.0494453],[126.6895901,35.0494638],[126.6897566,35.0495856],[126.6900305,35.0497723],[126.6902623,35.0499099],[126.6903197,35.0499467],[126.69102,35.0503573],[126.6914832,35.0505769],[126.6919826,35.0514648],[126.6926668,35.051485],[126.6932655,35.051519],[126.6935875,35.0515391],[126.693903,35.0515589],[126.6945144,35.0517737],[126.6948522,35.0518924],[126.6949365,35.0519209],[126.6949673,35.0519367],[126.6952441,35.0520793],[126.6958705,35.0518209],[126.6961025,35.0517252],[126.6965639,35.0520013],[126.6969488,35.0522316],[126.6971435,35.0534384],[126.6971732,35.0539754],[126.6971794,35.054086],[126.6972063,35.0545723],[126.6972211,35.0548403],[126.6972279,35.0549639],[126.6972776,35.0558601],[126.6971103,35.0558359],[126.6970881,35.0558327],[126.6962913,35.0557176],[126.6962783,35.0557157],[126.6938714,35.0553463],[126.693866,35.0553458],[126.6927345,35.0552498],[126.6923875,35.055237],[126.6919739,35.0552348],[126.6914774,35.055241],[126.6909387,35.055248],[126.6905306,35.0552051],[126.6904796,35.0551997],[126.6892846,35.0556142],[126.6884935,35.0558457],[126.688236,35.0559564],[126.6877006,35.0561375],[126.6871884,35.0562565],[126.6871052,35.0562758],[126.6870501,35.0563373],[126.6866295,35.0567158],[126.6864278,35.0569469],[126.6863403,35.0570271],[126.6860797,35.0572662],[126.6858339,35.0573404],[126.6855231,35.0573898],[126.68533,35.0575261],[126.6847583,35.0578492],[126.6843335,35.0581502],[126.6838597,35.0582134],[126.6831799,35.0583865],[126.6831743,35.0583879],[126.6818549,35.0573782],[126.6818226,35.0573709],[126.6817896,35.0573549],[126.6808198,35.0567563],[126.6801283,35.0562878],[126.6795302,35.0561021],[126.6788443,35.0557163],[126.6778251,35.0551757],[126.6777832,35.0551535],[126.6769046,35.0551731],[126.6768764,35.0551737],[126.6763195,35.0551251],[126.6757189,35.0550562],[126.675678,35.055043],[126.6754829,35.05498],[126.6752815,35.0550529],[126.6746851,35.0552686],[126.6746529,35.0552803],[126.6738512,35.0552801],[126.6735297,35.0552392],[126.673488,35.0552339],[126.6734375,35.0552436],[126.6727484,35.0553754],[126.67251,35.0553438],[126.6722142,35.0553067],[126.6721936,35.0553047],[126.6716898,35.0554027],[126.6713916,35.0553147],[126.6709526,35.0554057],[126.6705924,35.0554889],[126.6700127,35.0554734],[126.6699533,35.0554018],[126.6699512,35.055392],[126.6699327,35.0553812],[126.6699181,35.0553691],[126.6697323,35.0549532],[126.6696836,35.054844],[126.6694969,35.054426],[126.6683566,35.0542072],[126.6667563,35.0539612],[126.6658797,35.0538899],[126.6658609,35.0538939],[126.6645619,35.0544028],[126.6640059,35.0543306],[126.663484,35.0544865],[126.6629837,35.0549542],[126.6627754,35.0550263],[126.6624915,35.0551196],[126.6622004,35.0551327],[126.6619025,35.0551436],[126.6616603,35.0551968],[126.6613651,35.0552571],[126.6605795,35.0551648],[126.6602557,35.0551163],[126.6597967,35.0551305],[126.6593048,35.0550068],[126.6587095,35.0551102],[126.6583044,35.0551753],[126.6582556,35.0551807],[126.65817,35.0553858],[126.6580178,35.0557032],[126.6579531,35.0557831],[126.6579296,35.0558087],[126.6572688,35.0564447],[126.657134,35.0567947],[126.6569955,35.0571543],[126.6570067,35.0571695],[126.657083,35.0572921],[126.6570969,35.0573144],[126.6567856,35.0577714],[126.6566066,35.0580661],[126.6563833,35.0584338],[126.6563961,35.0593293],[126.6563984,35.059486],[126.6563914,35.0594981],[126.6563035,35.0596768],[126.656144,35.0600007],[126.6560318,35.0602382],[126.6559912,35.0603151],[126.6556945,35.0606667],[126.6552822,35.0613495],[126.6552393,35.0614206],[126.6550942,35.0615209],[126.654478,35.0619468],[126.6538729,35.0625458],[126.6538463,35.0625722],[126.6541636,35.0635228],[126.6541756,35.0635596],[126.6542021,35.063585],[126.6542355,35.0636125],[126.6542477,35.0636225],[126.6541207,35.0636563],[126.6537814,35.0637549],[126.6536992,35.0637866],[126.6536435,35.0638111],[126.6534307,35.0639189],[126.6532394,35.0640483],[126.6531256,35.0641418],[126.6530735,35.0641648],[126.6528904,35.0642349],[126.6526999,35.0642707],[126.6524985,35.0642406],[126.6523079,35.0642017],[126.6522533,35.0641875],[126.652208,35.0641658],[126.6521328,35.0640884],[126.6520011,35.0640606],[126.651956,35.0640462],[126.6518618,35.0639777],[126.6517967,35.0639635],[126.6516116,35.0639623],[126.6515605,35.0639492],[126.6514772,35.0639057],[126.6513877,35.063884],[126.6510422,35.0638111],[126.6506671,35.06375],[126.6504134,35.0637342],[126.650302,35.0637393],[126.650219,35.0637635],[126.6501745,35.0637821],[126.6501327,35.0637894],[126.6500016,35.0637815],[126.6496524,35.0637934],[126.6495043,35.0638073],[126.6494964,35.0639801],[126.6495102,35.0640697],[126.6495058,35.0642889],[126.6494817,35.064759],[126.6494089,35.0651818],[126.6494128,35.0652443],[126.6493339,35.0653456],[126.6493228,35.0654151],[126.6493046,35.0655294],[126.6492892,35.0655328],[126.6491497,35.0655636],[126.6490497,35.0655856],[126.6490598,35.0655154],[126.6490809,35.0653674],[126.6490371,35.0653825]]]}},
{"type":"Feature","properties":{"BASE_DATE":"20250630","ADM_CD":"36040380","ADM_NM":"노안면"},"geometry":{"type":"Polygon","coordinates":[[[126.7055257,35.1128653],[126.7055333,35.112887],[126.7054998,35.1128955],[126.7054731,35.1129023],[126.7054682,35.1129036],[126.7053961,35.1129228],[126.7054236,35.1130035],[126.7054038,35.1130143],[126.705355,35.1129421],[126.7053022,35.1129039],[126.7052172,35.1128592],[126.7051464,35.1128562],[126.7050584,35.1128894],[126.7050457,35.1128865],[126.7050229,35.1128814],[126.7049835,35.1128726],[126.7049846,35.1128647],[126.7049847,35.1128631],[126.7049844,35.1128616],[126.7049838,35.1128601],[126.7049829,35.1128587],[126.7049818,35.1128575],[126.7049803,35.1128564],[126.7049787,35.1128556],[126.7049769,35.112855],[126.7049751,35.1128547],[126.7049267,35.1128498],[126.704926,35.1128497],[126.7049241,35.1128498],[126.7049223,35.1128501],[126.7049206,35.1128506],[126.7049191,35.1128514],[126.7049177,35.1128524],[126.7049165,35.1128535],[126.7049155,35.1128548],[126.7049149,35.1128562],[126.7049147,35.1128568],[126.7048844,35.1128497],[126.7048644,35.112843],[126.7048068,35.1128236],[126.7047621,35.1128115],[126.7045951,35.1127566],[126.7041714,35.1127374],[126.7039417,35.112723],[126.7037802,35.1127225],[126.7035714,35.112741],[126.7033678,35.1127361],[126.7031575,35.1127263],[126.7028446,35.112713],[126.7026821,35.1127064],[126.70264,35.1127004],[126.7025035,35.1126757],[126.7024721,35.1126674],[126.7023347,35.1126292],[126.7023162,35.1126231],[126.7021815,35.1125559],[126.702065,35.1124945],[126.7019004,35.1124265],[126.7016841,35.1123414],[126.7016284,35.1123245],[126.701643,35.1122753],[126.7016505,35.1122513],[126.701652,35.1122458],[126.7016828,35.1121316],[126.701698,35.1121047],[126.7017701,35.1119762],[126.701721,35.1119334],[126.7016125,35.1118103],[126.7015517,35.1117552],[126.701426,35.1116355],[126.7012382,35.1114667],[126.7012357,35.1114643],[126.7011733,35.1114029],[126.701172,35.1113501],[126.7011714,35.1113258],[126.7009629,35.110972],[126.7009541,35.1109494],[126.7009408,35.1109152],[126.7008551,35.1108355],[126.7007567,35.1106513],[126.7007538,35.110642],[126.7007403,35.1105979],[126.7006697,35.1105408],[126.7004573,35.1103546],[126.700405,35.1102788],[126.7003495,35.1101446],[126.7003421,35.110127],[126.7002971,35.110073],[126.7002922,35.1100683],[126.7002375,35.110015],[126.7001644,35.1098913],[126.7001251,35.1097674],[126.7001148,35.1096456],[126.7001128,35.1096358],[126.7001075,35.1096099],[126.7000856,35.1095006],[126.7000634,35.1094402],[126.7000226,35.1093433],[126.7000391,35.1091954],[126.7000333,35.1090931],[126.6999629,35.1090338],[126.6998766,35.1089829],[126.6998672,35.1089763],[126.699835,35.1089663],[126.6995258,35.1088703],[126.6994462,35.1088107],[126.699113,35.1087257],[126.6990408,35.1087231],[126.6989798,35.108721],[126.6988066,35.1087159],[126.6986231,35.1086778],[126.6983702,35.1085333],[126.6982976,35.1084975],[126.698215,35.108457],[126.6983131,35.1083658],[126.698386,35.1082488],[126.6984035,35.1081482],[126.698404,35.1081456],[126.6984049,35.1081403],[126.6984043,35.1081345],[126.6983931,35.1080525],[126.6983962,35.1079812],[126.6983803,35.1079737],[126.6983726,35.1079702],[126.6983569,35.1079633],[126.6983164,35.1079402],[126.6983116,35.1079374],[126.6982397,35.1079072],[126.6979912,35.1078026],[126.6978374,35.1077325],[126.6977912,35.1077116],[126.6977467,35.1076916],[126.6976705,35.1076548],[126.6976691,35.1076541],[126.6975362,35.10759],[126.6975302,35.1075871],[126.6973398,35.1075813],[126.6973351,35.1075809],[126.6972796,35.1075759],[126.6972756,35.1075756],[126.6972739,35.1075755],[126.6972365,35.1075724],[126.6972322,35.1075722],[126.6971587,35.107568],[126.6970173,35.1075592],[126.6968461,35.1075992],[126.6965547,35.107665],[126.6964864,35.1076839],[126.6964436,35.1076583],[126.6964071,35.1076364],[126.6962342,35.1075318],[126.6962058,35.1075142],[126.6961196,35.107502],[126.6959744,35.1074862],[126.6959263,35.1075161],[126.6958983,35.1075332],[126.6958661,35.1075546],[126.6956942,35.1076687],[126.6955399,35.1078929],[126.6953919,35.1082054],[126.6953914,35.1082097],[126.6953442,35.1083026],[126.6953115,35.108339],[126.6952721,35.1083824],[126.69502,35.1086471],[126.6947682,35.1087239],[126.6946005,35.1087738],[126.6944703,35.1088126],[126.6943496,35.10886],[126.6942588,35.1088963],[126.6942207,35.1089083],[126.6942113,35.1089118],[126.6941972,35.108917],[126.6941725,35.1089261],[126.6941387,35.1089386],[126.6941171,35.1089479],[126.6939637,35.1090407],[126.6939446,35.1090511],[126.693914,35.1090678],[126.6938278,35.1090394],[126.693685,35.1090547],[126.6936085,35.1090535],[126.6935615,35.1090352],[126.6934671,35.109001],[126.6933695,35.1089488],[126.6933529,35.1089396],[126.6933192,35.108915],[126.6932526,35.1088661],[126.6932435,35.1088561],[126.693242,35.1087906],[126.6931628,35.108502],[126.6931211,35.1084652],[126.6930019,35.1084006],[126.69273,35.1083226],[126.6926634,35.1082937],[126.6925361,35.1082483],[126.6924406,35.1081614],[126.6924282,35.1081576],[126.6923526,35.1081343],[126.6921932,35.1080981],[126.692298,35.1082206],[126.6921768,35.108572],[126.6920959,35.1086868],[126.6919784,35.1088381],[126.6918763,35.1090886],[126.6918844,35.1091332],[126.6919123,35.1092858],[126.6919037,35.1095628],[126.6919004,35.1096228],[126.6917031,35.110037],[126.6914808,35.1103016],[126.6911023,35.1105512],[126.6904702,35.110919],[126.6901767,35.1110807],[126.6901691,35.1110843],[126.6898831,35.111223],[126.689744,35.1111877],[126.6893485,35.1110849],[126.6892719,35.1110414],[126.6892076,35.1110432],[126.6891497,35.111031],[126.6890239,35.1110322],[126.6887669,35.111023],[126.688558,35.111054],[126.6884753,35.1110798],[126.6883725,35.1111166],[126.6881523,35.1111969],[126.6881148,35.1112106],[126.6880388,35.1112378],[126.6874769,35.1114389],[126.6874102,35.1114598],[126.6874209,35.1114745],[126.6873431,35.1115094],[126.6871204,35.111612],[126.686968,35.1116647],[126.6869603,35.1116674],[126.6870123,35.1116077],[126.6868988,35.111654],[126.6867904,35.1116983],[126.6867721,35.1117058],[126.6868022,35.1117412],[126.6866129,35.1117652],[126.686458,35.1117812],[126.6864528,35.111775],[126.6864383,35.111758],[126.6862592,35.1117802],[126.6862292,35.1117838],[126.6860933,35.1118326],[126.6857298,35.1119604],[126.6856086,35.1120022],[126.6855254,35.1119904],[126.6854367,35.1120043],[126.6852881,35.1120142],[126.6852558,35.1120145],[126.6851952,35.1120146],[126.6848998,35.1120172],[126.6847958,35.1119839],[126.6846551,35.1119397],[126.6845339,35.1119002],[126.6844123,35.1118617],[126.6842249,35.1118028],[126.6840316,35.1117426],[126.6838828,35.1116985],[126.6835521,35.1115657],[126.6834654,35.11154],[126.6834564,35.1115367],[126.6834193,35.1115188],[126.6833869,35.1115032],[126.6833577,35.1114891],[126.6832834,35.1114533],[126.6832179,35.1114119],[126.6835759,35.1110865],[126.6836049,35.1110598],[126.6836011,35.1110698],[126.6835767,35.1111331],[126.6835748,35.111138],[126.6836553,35.111163],[126.6838908,35.1106995],[126.6841233,35.1102407],[126.6843658,35.1098352],[126.6845286,35.109547],[126.6845974,35.1094252],[126.6845808,35.1094015],[126.6845729,35.1093902],[126.6845948,35.10935],[126.6846624,35.10923],[126.6847827,35.1090164],[126.684922,35.1087593],[126.6850503,35.1085301],[126.685073,35.1084896],[126.6851024,35.1084371],[126.6850499,35.1084075],[126.6850315,35.1084092],[126.6849569,35.1084222],[126.6848924,35.1084412],[126.6848347,35.1084713],[126.6847721,35.1084802],[126.6847226,35.1084789],[126.6844917,35.1084492],[126.684465,35.1083477],[126.6844445,35.1082516],[126.6844305,35.1080893],[126.6844264,35.1080023],[126.684435,35.1079431],[126.684454,35.1078735],[126.6845151,35.1078153],[126.684556,35.1078208],[126.6846224,35.1077477],[126.6844242,35.1077281],[126.68438,35.1077219],[126.6842509,35.1077039],[126.6842495,35.107702],[126.6842418,35.1076911],[126.6842377,35.1076852],[126.6841563,35.1076896],[126.6841179,35.1076916],[126.6840976,35.1076359],[126.6842412,35.1076386],[126.6842406,35.1076455],[126.6843232,35.1076516],[126.6844363,35.1076509],[126.6844374,35.1076366],[126.6843593,35.1076206],[126.6842424,35.1075936],[126.6841617,35.1075833],[126.6840934,35.1075704],[126.6838267,35.1075288],[126.6837177,35.1074831],[126.6835939,35.1074549],[126.6834554,35.1074607],[126.6833667,35.1074465],[126.683295,35.107435],[126.6831589,35.1074132],[126.68305,35.1073956],[126.682748,35.1073986],[126.6827199,35.1073988],[126.6826961,35.1073993],[126.6823862,35.1074056],[126.6822559,35.1074168],[126.6821673,35.1074218],[126.6820764,35.107427],[126.6819369,35.1074358],[126.6819007,35.1074281],[126.6815886,35.1074716],[126.6811205,35.1075488],[126.6810264,35.107577],[126.6809672,35.1076043],[126.680903,35.1076371],[126.6808896,35.1076475],[126.6807766,35.1077311],[126.6806623,35.1078141],[126.680612,35.1078511],[126.6805247,35.1078509],[126.680469,35.1078507],[126.6805105,35.1078204],[126.6806055,35.1077536],[126.6806514,35.1077215],[126.6807045,35.1076843],[126.6808626,35.1075749],[126.680886,35.1075402],[126.6809886,35.1074913],[126.6809984,35.1074809],[126.680902,35.1074889],[126.6807585,35.1074928],[126.680499,35.1075097],[126.6801772,35.107532],[126.6800826,35.1075444],[126.6800107,35.1075508],[126.6799669,35.1074896],[126.6799022,35.1073952],[126.6798559,35.1073614],[126.6798053,35.1073224],[126.6797046,35.1072479],[126.6796272,35.107189],[126.6794067,35.1070471],[126.6793693,35.1069831],[126.6793634,35.10698],[126.6792933,35.1069429],[126.6792836,35.1069293],[126.6792736,35.106864],[126.6792726,35.10686],[126.6792694,35.1068483],[126.6792607,35.1067442],[126.6792556,35.1067205],[126.6792454,35.1066726],[126.6792302,35.1066427],[126.6791734,35.1065315],[126.6791477,35.1064811],[126.679129,35.1064505],[126.6791266,35.1064467],[126.6790756,35.106364],[126.6790311,35.1063309],[126.679,35.1063078],[126.6789684,35.1062732],[126.6789588,35.1062537],[126.6789436,35.1062293],[126.6788613,35.1061556],[126.6788275,35.1060821],[126.6788299,35.1060796],[126.6788516,35.1060564],[126.6788514,35.1060481],[126.6788505,35.1059897],[126.6788351,35.1059603],[126.6788144,35.1059255],[126.6787582,35.1058403],[126.6787125,35.1058931],[126.6786561,35.1059403],[126.6785782,35.1059764],[126.6785016,35.106012],[126.6784861,35.1059825],[126.6784822,35.1059749],[126.6784451,35.105966],[126.6783871,35.1059783],[126.6783572,35.1059917],[126.6782872,35.1060035],[126.6782295,35.1059931],[126.6781996,35.1059792],[126.6781611,35.1059613],[126.678114,35.1059184],[126.6780878,35.1059152],[126.6780872,35.1058944],[126.6780626,35.1058667],[126.6780573,35.105868],[126.6780261,35.1058751],[126.6779534,35.1058633],[126.6778817,35.1058491],[126.6777893,35.1058447],[126.6777385,35.105825],[126.6776827,35.1057725],[126.6775754,35.1056715],[126.6775493,35.1056423],[126.6775393,35.1056311],[126.6775301,35.1056038],[126.6775153,35.1056149],[126.6774999,35.1055758],[126.6774999,35.1055355],[126.6774505,35.1055096],[126.6773616,35.105485],[126.6773411,35.1054752],[126.6773064,35.1054591],[126.6772437,35.1054909],[126.6772438,35.105453],[126.6772862,35.1054335],[126.6773049,35.1054044],[126.6772945,35.1053727],[126.6772238,35.1053722],[126.6772237,35.1052869],[126.6772238,35.1052835],[126.6770498,35.105245],[126.6763292,35.1048869],[126.6757781,35.1050063],[126.6756014,35.1049969],[126.6752176,35.104972],[126.6750872,35.1051013],[126.6745661,35.1051299],[126.6737222,35.1051769],[126.6734115,35.1051919],[126.673401,35.1051924],[126.6733194,35.1051086],[126.6732455,35.1050327],[126.6729792,35.1049458],[126.6725267,35.1047388],[126.6719377,35.1047738],[126.6717624,35.1047843],[126.6711549,35.1048122],[126.6706372,35.1048346],[126.6698896,35.1046881],[126.6694209,35.1046024],[126.66895,35.1047164],[126.6686479,35.1047881],[126.668628,35.1047928],[126.6686072,35.104803],[126.6685561,35.1047463],[126.6685798,35.1046326],[126.6686685,35.1042061],[126.668623,35.104004],[126.6686192,35.1039871],[126.6685356,35.1036961],[126.6684971,35.1035448],[126.6684444,35.1031214],[126.6683994,35.1026095],[126.6682763,35.1021138],[126.6684317,35.1018673],[126.6685397,35.101372],[126.6687082,35.1009803],[126.6687779,35.100345],[126.6688284,35.0999214],[126.6688249,35.0997569],[126.6688224,35.0996385],[126.6688194,35.099198],[126.6688214,35.0990917],[126.6688195,35.099039],[126.6688174,35.0990219],[126.6688263,35.0989916],[126.6688303,35.0989416],[126.6688402,35.0987477],[126.6688082,35.0986776],[126.6686899,35.098388],[126.6686201,35.0982911],[126.6685212,35.0981064],[126.6685202,35.0980985],[126.668507,35.097553],[126.6685069,35.0975501],[126.6685094,35.0975446],[126.6684936,35.097402],[126.668492,35.0973875],[126.6684976,35.0973751],[126.6686824,35.0969661],[126.6688049,35.0968655],[126.6688119,35.0968597],[126.668889,35.0968103],[126.6689082,35.0968154],[126.669004,35.0968411],[126.6697884,35.0962637],[126.6698246,35.0962158],[126.6698643,35.0961819],[126.6698836,35.0961615],[126.6698885,35.0961535],[126.669916,35.0961083],[126.669996,35.0960287],[126.6699483,35.0959333],[126.6699954,35.0958858],[126.6700527,35.095831],[126.6700579,35.0958259],[126.6701198,35.0955549],[126.6702122,35.0952722],[126.6702798,35.0950786],[126.670441,35.0946733],[126.6704791,35.0945595],[126.6704828,35.0943079],[126.6704834,35.0942728],[126.6704845,35.0941599],[126.6704853,35.0940796],[126.6702803,35.0934579],[126.670342,35.0931618],[126.6703584,35.0930882],[126.6703735,35.0930204],[126.6703523,35.0927611],[126.6703203,35.0923185],[126.6702456,35.0919489],[126.6702504,35.0919034],[126.6702689,35.0917935],[126.6702874,35.0916837],[126.6702984,35.0916184],[126.6703637,35.0913278],[126.6704002,35.091201],[126.6704647,35.0909541],[126.6705114,35.0908923],[126.6705063,35.0908018],[126.6705059,35.0907941],[126.6705248,35.0907848],[126.6705961,35.0905272],[126.6707313,35.0902816],[126.6708321,35.0899565],[126.6708595,35.0898282],[126.6709546,35.0897173],[126.6709863,35.0895348],[126.6710598,35.0893083],[126.6711071,35.0891648],[126.6712482,35.0887371],[126.6713128,35.0883813],[126.6713206,35.0883381],[126.6714311,35.0877781],[126.6714794,35.0876007],[126.6715383,35.0873557],[126.6715979,35.0871072],[126.6716769,35.086858],[126.6716883,35.086809],[126.6717081,35.086724],[126.6717268,35.0866442],[126.6717463,35.0864493],[126.6717979,35.0863821],[126.6718109,35.0863417],[126.6719465,35.0859303],[126.6720842,35.085615],[126.6723833,35.0851182],[126.6724905,35.0848454],[126.672499,35.0848252],[126.6725646,35.0846692],[126.6725946,35.0845448],[126.672646,35.084453],[126.6728352,35.0842456],[126.6729178,35.0840043],[126.6729674,35.0838593],[126.6731041,35.0834758],[126.6731923,35.083315],[126.6733596,35.0829522],[126.6734009,35.0829083],[126.6734657,35.0828395],[126.6735877,35.082519],[126.6736091,35.0824625],[126.6736299,35.0824309],[126.6737917,35.0821842],[126.673913,35.0817981],[126.6739833,35.0816369],[126.673998,35.0815845],[126.6741003,35.0813521],[126.6741125,35.0813244],[126.6741693,35.0811829],[126.6742692,35.081109],[126.6743735,35.0810319],[126.6744437,35.080867],[126.6745255,35.080675],[126.6745664,35.0805245],[126.6746878,35.0801705],[126.6747045,35.0801429],[126.6747839,35.0800116],[126.6747783,35.079935],[126.6748095,35.0798192],[126.6749767,35.0796892],[126.6755214,35.0794453],[126.6758991,35.0791245],[126.6763769,35.0789195],[126.6764751,35.0789196],[126.6766137,35.078841],[126.6768385,35.0785186],[126.6768461,35.078486],[126.6768604,35.078425],[126.6769129,35.0783713],[126.6770782,35.0783044],[126.6770895,35.0782998],[126.6770954,35.0782909],[126.6772066,35.0781234],[126.6772127,35.0781228],[126.6772934,35.0781152],[126.6776278,35.0779215],[126.6777785,35.0777863],[126.6780215,35.0775681],[126.6780271,35.0775644],[126.6784192,35.0770237],[126.678631,35.0769123],[126.6788907,35.0764382],[126.6789962,35.0762587],[126.6791017,35.0760792],[126.6791748,35.0759205],[126.6792386,35.0757816],[126.6793454,35.0754261],[126.6794446,35.0751878],[126.6795482,35.0749742],[126.6795954,35.0747188],[126.6795711,35.074404],[126.6796089,35.0743523],[126.6800527,35.0737443],[126.6802323,35.0734641],[126.6803657,35.0732981],[126.6806424,35.0730773],[126.680927,35.0729299],[126.6813536,35.0726368],[126.6814595,35.0724764],[126.6819783,35.0718473],[126.6828089,35.0708288],[126.682867,35.0706129],[126.6828752,35.0705822],[126.6827172,35.0703842],[126.6824491,35.0701046],[126.6823264,35.0699767],[126.6823192,35.0698504],[126.6822844,35.0692378],[126.6822604,35.0690216],[126.6821989,35.0689175],[126.6821224,35.0687085],[126.6820107,35.0685082],[126.6819839,35.0683812],[126.6819656,35.0682945],[126.6819714,35.0682817],[126.6819901,35.0680113],[126.682002,35.0678328],[126.6824248,35.0672476],[126.6825739,35.0664284],[126.6823718,35.0658789],[126.6823121,35.0657167],[126.6813106,35.0650037],[126.6811125,35.0643563],[126.6809151,35.0638368],[126.6807728,35.0633363],[126.6806997,35.063167],[126.6800181,35.0623521],[126.6801199,35.0622312],[126.6803633,35.0619416],[126.6806771,35.0615279],[126.680686,35.0614933],[126.6808859,35.060724],[126.6809858,35.060339],[126.6826464,35.0600282],[126.6826801,35.0598427],[126.6828029,35.059168],[126.682989,35.0587771],[126.6831565,35.0584253],[126.6831743,35.0583879],[126.6831799,35.0583865],[126.6838597,35.0582134],[126.6843335,35.0581502],[126.6847583,35.0578492],[126.68533,35.0575261],[126.6855231,35.0573898],[126.6858339,35.0573404],[126.6860797,35.0572662],[126.6863403,35.0570271],[126.6864278,35.0569469],[126.6866295,35.0567158],[126.6870501,35.0563373],[126.6871052,35.0562758],[126.6871884,35.0562565],[126.6877006,35.0561375],[126.688236,35.0559564],[126.6884935,35.0558457],[126.6892846,35.0556142],[126.6904796,35.0551997],[126.6905306,35.0552051],[126.6909387,35.055248],[126.6914774,35.055241],[126.6919739,35.0552348],[126.6923875,35.055237],[126.6927345,35.0552498],[126.693866,35.0553458],[126.6938714,35.0553463],[126.6962783,35.0557157],[126.6962913,35.0557176],[126.6970881,35.0558327],[126.6971103,35.0558359],[126.6972776,35.0558601],[126.6972931,35.0558467],[126.6973492,35.0558505],[126.6977784,35.0558793],[126.6980717,35.0560831],[126.698945,35.0558079],[126.6995769,35.0551627],[126.6995971,35.0551421],[126.7001176,35.055107],[126.7002178,35.0550604],[126.7010529,35.0546755],[126.7012993,35.0543715],[126.7016446,35.0542816],[126.7021252,35.0542781],[126.7027399,35.054272],[126.7032743,35.0544454],[126.7037807,35.054532],[126.7037925,35.054534],[126.7041261,35.0545246],[126.7044033,35.0550145],[126.7046165,35.0552168],[126.7046832,35.0552801],[126.7048656,35.0557659],[126.7055321,35.0563092],[126.7057432,35.0564568],[126.7058387,35.0565236],[126.7058711,35.0565482],[126.7059771,35.0566283],[126.7066306,35.0571526],[126.707352,35.0573515],[126.707399,35.0573833],[126.7075739,35.0575016],[126.7081431,35.0581864],[126.7081924,35.0582486],[126.7082486,35.0583531],[126.7084152,35.0584987],[126.7087298,35.0587225],[126.7088197,35.0588341],[126.7088456,35.0588663],[126.708988,35.0589098],[126.7092411,35.0589074],[126.7095229,35.0590191],[126.7100097,35.0592032],[126.7101256,35.0592377],[126.7103563,35.0593929],[126.7104354,35.0594503],[126.7106461,35.0595734],[126.7108734,35.0597062],[126.7113024,35.0600338],[126.7116707,35.0603211],[126.7118522,35.0604424],[126.7120001,35.0605278],[126.7125741,35.0604415],[126.712691,35.0604244],[126.7128706,35.0604102],[126.7131518,35.0604273],[126.7135194,35.0604214],[126.7140339,35.060409],[126.7142962,35.0603723],[126.7143829,35.0604067],[126.7148972,35.0606109],[126.7148944,35.0606201],[126.7148853,35.0606499],[126.715314,35.0608109],[126.7153915,35.06084],[126.7154139,35.0608791],[126.7155537,35.0611235],[126.7156079,35.0612245],[126.7158218,35.0615134],[126.7158758,35.0616706],[126.7159889,35.0617388],[126.716411,35.062016],[126.7164672,35.0620529],[126.7165269,35.0620922],[126.7165293,35.0621215],[126.7165447,35.0621258],[126.7166057,35.0621428],[126.716669,35.0621476],[126.7168208,35.0621491],[126.7170314,35.0621642],[126.7170377,35.0621647],[126.7174856,35.0621968],[126.7175773,35.0622025],[126.7183099,35.0622537],[126.7185123,35.0622944],[126.7185959,35.0623121],[126.7186738,35.0623087],[126.7187609,35.0623147],[126.7188684,35.0623391],[126.7189457,35.0623464],[126.7190198,35.0623327],[126.7190333,35.0623261],[126.719075,35.062324],[126.7191385,35.0623209],[126.7192569,35.0623293],[126.7192952,35.0623246],[126.7193424,35.0623372],[126.7195201,35.0623808],[126.7195237,35.062417],[126.7195375,35.0624203],[126.7196953,35.0624648],[126.7197151,35.0624709],[126.7198564,35.0625078],[126.7200076,35.0625425],[126.7201575,35.0626736],[126.7202684,35.0627803],[126.7203573,35.0628153],[126.7204737,35.0628159],[126.7206071,35.0628729],[126.7207754,35.0629251],[126.7210386,35.0630316],[126.7212615,35.0631232],[126.7213462,35.0631572],[126.7215884,35.0633391],[126.7216122,35.0633515],[126.7216223,35.063357],[126.7218515,35.0634802],[126.721946,35.0635309],[126.722003,35.063553],[126.7220508,35.0636319],[126.7222091,35.0637275],[126.7223108,35.0637905],[126.7223393,35.0637773],[126.7224337,35.0638286],[126.7233171,35.0639069],[126.7240068,35.0638865],[126.7240129,35.0638853],[126.7240779,35.0638725],[126.7240916,35.0637586],[126.7242516,35.0637581],[126.7243556,35.0637266],[126.724351,35.0636913],[126.7243547,35.0636835],[126.7243582,35.063676],[126.7243676,35.0636566],[126.7244229,35.0636811],[126.7244854,35.0637149],[126.7245518,35.0637462],[126.7249956,35.0631874],[126.7250077,35.0631064],[126.7249975,35.0630667],[126.724986,35.0630425],[126.7249315,35.0629978],[126.724895,35.0629767],[126.7251971,35.0626064],[126.7254098,35.0627377],[126.7254159,35.0627406],[126.7255813,35.0628187],[126.7256353,35.0628704],[126.7258151,35.0630365],[126.7257547,35.0631118],[126.7257968,35.0631457],[126.7261428,35.0634248],[126.7263003,35.0635527],[126.726446,35.0637037],[126.7265157,35.0637643],[126.7266629,35.0638922],[126.7267573,35.0639478],[126.7268416,35.0639593],[126.7269113,35.063926],[126.7269164,35.0639197],[126.7269178,35.0639179],[126.726925,35.0639083],[126.7269275,35.0639049],[126.7269448,35.0638878],[126.7269808,35.0639178],[126.7272683,35.0640487],[126.7273663,35.0640687],[126.7274679,35.0641538],[126.7275535,35.064238],[126.7275592,35.0642372],[126.7276097,35.0642298],[126.7277447,35.0644304],[126.7279576,35.0647018],[126.7279955,35.0647318],[126.7280539,35.0648657],[126.7280832,35.0649328],[126.7280868,35.0649382],[126.728248,35.0649837],[126.7283819,35.0650376],[126.7284051,35.0650476],[126.7285634,35.0651152],[126.7287871,35.0652067],[126.7290635,35.0653388],[126.7293207,35.0654837],[126.729366,35.0655038],[126.7295573,35.0655884],[126.7298049,35.0657378],[126.7299429,35.065869],[126.7300606,35.0659842],[126.7301198,35.066042],[126.7302089,35.0662514],[126.7303364,35.0664746],[126.7303951,35.066574],[126.7304271,35.0666329],[126.7304522,35.0666565],[126.7305364,35.0668303],[126.7306001,35.0669731],[126.7306609,35.0671558],[126.7306818,35.0672187],[126.7306838,35.06722],[126.730734,35.0672588],[126.7307681,35.0672852],[126.7310304,35.0671068],[126.7314661,35.0670879],[126.7315199,35.0670866],[126.7315842,35.0670849],[126.7316577,35.0670826],[126.7317725,35.0669508],[126.7317601,35.0669319],[126.7317291,35.0668796],[126.7317192,35.0668635],[126.731626,35.0667134],[126.7315849,35.0666223],[126.731575,35.0666004],[126.7315063,35.0664577],[126.7318412,35.0659276],[126.7320313,35.0656849],[126.732216,35.0655832],[126.7323297,35.0655981],[126.732465,35.0656235],[126.732688,35.0656894],[126.7331739,35.0656776],[126.7333166,35.0656381],[126.7334771,35.0655936],[126.733696,35.0654622],[126.7339693,35.065358],[126.7343648,35.0653212],[126.7347765,35.0651126],[126.7351206,35.0650283],[126.7353662,35.0650536],[126.7356883,35.0649995],[126.7359467,35.0648694],[126.7361226,35.0647199],[126.7362349,35.0646729],[126.7363295,35.0647534],[126.7363923,35.0647308],[126.7365105,35.0646666],[126.7366509,35.0645892],[126.7366927,35.0645643],[126.7368371,35.0644673],[126.7369351,35.0644291],[126.7370478,35.0644018],[126.737069,35.0643411],[126.7370469,35.064308],[126.73705,35.0642708],[126.7369982,35.0641592],[126.7368956,35.0640839],[126.7368511,35.0640513],[126.7367815,35.0639863],[126.7367017,35.0639375],[126.7366724,35.0638829],[126.7366887,35.0638339],[126.7368136,35.063728],[126.7369981,35.0636071],[126.7370542,35.0635993],[126.7372518,35.0634837],[126.737298,35.0634309],[126.7374639,35.0633334],[126.7375396,35.0633077],[126.7376351,35.0632918],[126.737705,35.0632696],[126.7378135,35.0632382],[126.7380423,35.0632659],[126.7381811,35.0632224],[126.738445,35.0631398],[126.738465,35.0631336],[126.7385284,35.0630711],[126.738626,35.0630105],[126.7387598,35.0628985],[126.7388687,35.0627675],[126.7389076,35.0626946],[126.7391119,35.0625535],[126.739352,35.062485],[126.7395258,35.0624274],[126.7396389,35.0624231],[126.7396576,35.0623439],[126.7397015,35.0621889],[126.7396963,35.0620968],[126.7395699,35.0618229],[126.7395078,35.0617999],[126.7394366,35.0617737],[126.7393685,35.0617165],[126.7393711,35.0616178],[126.7394733,35.0614173],[126.7395548,35.0612059],[126.7395837,35.0611158],[126.7396001,35.0610646],[126.7396029,35.0610558],[126.739647,35.0609151],[126.7396631,35.060913],[126.7397313,35.0609043],[126.7397698,35.0608138],[126.7397667,35.0606557],[126.7397175,35.0606531],[126.7396502,35.0606026],[126.739393,35.0604097],[126.7392508,35.0603796],[126.7392412,35.0603722],[126.7392153,35.0603518],[126.7391497,35.0603001],[126.7391535,35.0602342],[126.7391549,35.0602094],[126.7391594,35.0601322],[126.7392179,35.0599707],[126.7391099,35.0596698],[126.7391972,35.0593811],[126.7391521,35.0592831],[126.7390026,35.0591743],[126.7389424,35.0591308],[126.7388805,35.0590866],[126.7387935,35.0590157],[126.7386588,35.058904],[126.7387132,35.0588471],[126.738738,35.058821],[126.7387628,35.0587947],[126.7388207,35.058725],[126.7389243,35.0585924],[126.7390282,35.0585398],[126.7392369,35.0585487],[126.7393252,35.0585157],[126.7394328,35.0584755],[126.7395325,35.058305],[126.7396662,35.0583009],[126.7398142,35.0582782],[126.7398378,35.0581931],[126.7397841,35.0581222],[126.739774,35.0580069],[126.7396924,35.0578389],[126.7394694,35.0576284],[126.7393784,35.0575603],[126.7392474,35.0575854],[126.7391356,35.0576069],[126.7390905,35.0578067],[126.7389684,35.0578605],[126.7388493,35.0576091],[126.7387852,35.0575148],[126.7386905,35.0573956],[126.7387131,35.0572655],[126.7387258,35.0571909],[126.7388047,35.0569484],[126.7390107,35.0568567],[126.7392872,35.0568552],[126.7393625,35.0568173],[126.7394699,35.0567631],[126.7395047,35.0566891],[126.7396042,35.0564775],[126.739801,35.0564329],[126.7399211,35.0564056],[126.7399423,35.0564003],[126.7399743,35.0563804],[126.7401529,35.056275],[126.7401739,35.0562703],[126.7403325,35.0562349],[126.7405416,35.0562404],[126.7406739,35.0561322],[126.7407188,35.0560954],[126.7408209,35.0561601],[126.7413529,35.0559637],[126.7415552,35.0557996],[126.7416352,35.0557347],[126.7418645,35.0557452],[126.7419723,35.0557489],[126.742492,35.0557963],[126.7425868,35.0559406],[126.7428331,35.055933],[126.7428505,35.0559288],[126.7430198,35.0558883],[126.743029,35.0558833],[126.7428317,35.0555948],[126.7426695,35.0553601],[126.7428531,35.0552017],[126.742829,35.0551789],[126.7426866,35.0550491],[126.7426372,35.0550267],[126.7426229,35.0550208],[126.7424501,35.0548885],[126.7423393,35.054732],[126.7423446,35.0547175],[126.7423811,35.0545478],[126.7422007,35.0543173],[126.7421855,35.0539166],[126.7421855,35.053916],[126.7421839,35.053875],[126.7422606,35.0536606],[126.7423137,35.0535985],[126.7423303,35.0535416],[126.7423261,35.0534727],[126.7423555,35.0534291],[126.7423528,35.0533558],[126.7420581,35.0530191],[126.7419433,35.0529575],[126.7417368,35.0528468],[126.7415307,35.0528447],[126.74153,35.0528186],[126.7414013,35.0527805],[126.7415001,35.0523666],[126.7416627,35.0522943],[126.7417565,35.0522277],[126.7421592,35.0519416],[126.7423224,35.0517877],[126.7423773,35.0516791],[126.7424375,35.0516227],[126.7424717,35.0514546],[126.7424771,35.0514076],[126.7425198,35.0513409],[126.7424757,35.0512517],[126.7424223,35.0511308],[126.742118,35.0509366],[126.7419001,35.0507134],[126.7418672,35.0506403],[126.7416252,35.0504289],[126.7413693,35.0503094],[126.7413309,35.0502917],[126.741203,35.0503733],[126.7411185,35.0504763],[126.7410394,35.0505062],[126.7408357,35.0505834],[126.7407329,35.0505484],[126.7407138,35.0505242],[126.7406256,35.0504125],[126.7403511,35.049703],[126.7403366,35.0496611],[126.7402978,35.0495488],[126.7402446,35.0493949],[126.7402444,35.0493909],[126.7402325,35.0491761],[126.7402288,35.049109],[126.7402212,35.0487862],[126.7402755,35.048308],[126.7404173,35.0483935],[126.7406041,35.0481662],[126.7406054,35.0481665],[126.7410473,35.0482829],[126.741726,35.0484617],[126.7423331,35.048509],[126.7432326,35.0485733],[126.7442154,35.0484023],[126.7451262,35.048334],[126.7456492,35.0484425],[126.7462744,35.048821],[126.7468145,35.0491505],[126.7471272,35.0493453],[126.7476117,35.0494924],[126.7478723,35.0495715],[126.7487091,35.0498256],[126.7493624,35.0503263],[126.7497113,35.0506973],[126.7500299,35.051119],[126.7502353,35.0513335],[126.750401,35.051547],[126.750454,35.0516345],[126.7507014,35.0518462],[126.7508689,35.0520342],[126.7509985,35.0521811],[126.7511726,35.0523426],[126.7512918,35.052488],[126.7514447,35.0526796],[126.7514655,35.0527392],[126.7514876,35.052879],[126.7515189,35.0531194],[126.7519388,35.0537022],[126.7519867,35.0537743],[126.752095,35.0539374],[126.7522835,35.0541951],[126.7524894,35.0544711],[126.7529075,35.0550334],[126.7533625,35.0554092],[126.7538511,35.0558111],[126.7541706,35.0560857],[126.7543764,35.0563157],[126.7549288,35.0567828],[126.7557202,35.0575503],[126.7561871,35.0578037],[126.7563994,35.0579682],[126.75656,35.0580937],[126.7567263,35.0582238],[126.7567372,35.0582444],[126.7562667,35.0586914],[126.7562508,35.0587065],[126.7558498,35.0590926],[126.7558154,35.0593749],[126.7558139,35.0594425],[126.7558111,35.0597216],[126.755816,35.0602085],[126.755828,35.0607304],[126.7558396,35.0609497],[126.7558505,35.061156],[126.755842,35.0611822],[126.7556927,35.0616295],[126.7555821,35.0619628],[126.7554663,35.0622936],[126.7553739,35.0625555],[126.7552787,35.0626667],[126.7550948,35.0628797],[126.7549272,35.0630724],[126.7547804,35.0632404],[126.7547282,35.0632991],[126.7546389,35.0633995],[126.754613,35.0634306],[126.7543261,35.063755],[126.7541473,35.0639114],[126.7537934,35.0641414],[126.7536416,35.0642428],[126.7533336,35.0644485],[126.7532287,35.0646491],[126.7531775,35.064756],[126.7531593,35.0649868],[126.7531515,35.0650592],[126.7531364,35.0652386],[126.7532149,35.0654107],[126.7533112,35.0656273],[126.7534284,35.0658844],[126.7534985,35.0660413],[126.7535826,35.066235],[126.7535906,35.0662536],[126.7538504,35.0665328],[126.7541385,35.0668516],[126.7543725,35.0669595],[126.7545837,35.0670664],[126.7548095,35.0671808],[126.7549644,35.0672593],[126.7557836,35.0677057],[126.7562723,35.0679961],[126.7569674,35.0683692],[126.7569787,35.0683753],[126.7575364,35.06849],[126.758249,35.0686411],[126.758827,35.068664],[126.7596148,35.0686936],[126.7606436,35.0686978],[126.7618871,35.0685748],[126.7621752,35.0685315],[126.7627738,35.0684358],[126.7630834,35.0683814],[126.7633096,35.0683415],[126.7634174,35.0683217],[126.7637773,35.0682554],[126.7638599,35.0682387],[126.763958,35.0682348],[126.7641382,35.0682278],[126.7643369,35.0682181],[126.7650978,35.0681808],[126.7652118,35.0681753],[126.7652258,35.0681746],[126.7655058,35.0681724],[126.7658788,35.0681684],[126.7662582,35.0681771],[126.7667065,35.068181],[126.7669977,35.0681813],[126.7677432,35.0683611],[126.7677538,35.0683612],[126.7678455,35.0683906],[126.7684519,35.0685769],[126.7685832,35.0686188],[126.7690183,35.0687979],[126.7691622,35.0688571],[126.7693472,35.068936],[126.7697631,35.0691968],[126.7700453,35.0693789],[126.7702887,35.0695358],[126.7704667,35.0696925],[126.770575,35.069754],[126.7706215,35.0697802],[126.7711505,35.0700622],[126.7713464,35.0701833],[126.7713373,35.070201],[126.7710875,35.0706869],[126.7710841,35.0706935],[126.7710258,35.0708795],[126.7709976,35.0710968],[126.7709764,35.0712776],[126.7709765,35.0712979],[126.7709941,35.0714352],[126.7710018,35.0714836],[126.7709674,35.0715341],[126.7709036,35.0716293],[126.7709005,35.0716339],[126.7708508,35.0716254],[126.7706616,35.0715929],[126.7705853,35.0716246],[126.7705791,35.0716271],[126.7705712,35.0719691],[126.7705719,35.0720013],[126.7705796,35.0723092],[126.7705772,35.072374],[126.7705675,35.0724104],[126.7705473,35.0724862],[126.7705459,35.0726674],[126.7705443,35.0726818],[126.7704598,35.0727492],[126.7703495,35.0728261],[126.7701624,35.0728863],[126.7700111,35.0729543],[126.7697622,35.0730279],[126.769569,35.0731286],[126.7693337,35.0732755],[126.7693239,35.0733467],[126.7693199,35.0733759],[126.7692649,35.0734406],[126.7689647,35.0736818],[126.7687544,35.0737354],[126.768639,35.0738433],[126.7684488,35.0740218],[126.7683294,35.0742669],[126.7682263,35.074369],[126.7680121,35.0745643],[126.7677859,35.0747002],[126.7677189,35.0747751],[126.7675049,35.074954],[126.767452,35.0750167],[126.7672657,35.0751524],[126.7672109,35.0752056],[126.7671695,35.0752552],[126.7669763,35.0754638],[126.7669366,35.0755699],[126.7669254,35.0755998],[126.7669256,35.075696],[126.766969,35.0758125],[126.7669869,35.0758606],[126.7669883,35.0759566],[126.7670013,35.076015],[126.7670519,35.076241],[126.7670337,35.0762609],[126.7670057,35.0762888],[126.7669713,35.0763124],[126.766911,35.0763397],[126.7668579,35.0763309],[126.7668269,35.0763257],[126.7668086,35.0763166],[126.7667677,35.0762963],[126.7667014,35.0762973],[126.7666684,35.0763484],[126.7666429,35.0763882],[126.7666418,35.0763926],[126.7666271,35.0764575],[126.7666223,35.0764618],[126.7665522,35.0765244],[126.766433,35.0766374],[126.7663342,35.0767953],[126.7661905,35.0769138],[126.7660454,35.0770705],[126.7658364,35.0773783],[126.7657979,35.077592],[126.7655449,35.0778168],[126.76551,35.0779728],[126.7655058,35.0779917],[126.7653785,35.0781323],[126.7651485,35.0783979],[126.7651342,35.0784133],[126.7651194,35.0784023],[126.7650726,35.0784532],[126.7650681,35.0784577],[126.7649821,35.0785461],[126.764852,35.0786843],[126.7648131,35.0787391],[126.7648074,35.0787472],[126.7648021,35.0787546],[126.7649264,35.0788504],[126.7649306,35.0788536],[126.7650666,35.0789877],[126.7651127,35.0790331],[126.7651812,35.0791113],[126.7651906,35.0791752],[126.7651481,35.0791852],[126.7651551,35.0793671],[126.7651577,35.0794332],[126.7651839,35.0795169],[126.7652212,35.079636],[126.7652383,35.0796822],[126.7653113,35.0798787],[126.765313,35.0798833],[126.7653968,35.0800471],[126.7654213,35.0800951],[126.7654501,35.0801797],[126.7655176,35.0803782],[126.7655916,35.0804681],[126.7656066,35.0804864],[126.7656838,35.0806746],[126.7657391,35.0807024],[126.7657122,35.0807635],[126.7656877,35.0808192],[126.7657056,35.0810364],[126.7657079,35.0810639],[126.7657314,35.0813503],[126.7657308,35.0814465],[126.7657308,35.0814582],[126.765747,35.0818373],[126.7657418,35.0818548],[126.7656978,35.0820121],[126.7656566,35.0821608],[126.7656566,35.0821621],[126.7656457,35.0827224],[126.7656457,35.0827255],[126.7655197,35.0831715],[126.7654486,35.0834109],[126.7653445,35.083688],[126.7651914,35.083744],[126.7651267,35.0837677],[126.7650981,35.0837558],[126.7649189,35.0836814],[126.7644838,35.0837634],[126.7641761,35.0838963],[126.7641588,35.0839056],[126.7640692,35.0839542],[126.7639012,35.0839694],[126.7638232,35.0839758],[126.7638049,35.0839774],[126.7637207,35.0840179],[126.7635674,35.0841129],[126.7633121,35.084271],[126.7634432,35.0847507],[126.7634895,35.0849205],[126.7634001,35.0853141],[126.7632811,35.0854381],[126.7632795,35.0854398],[126.7632462,35.0854646],[126.7629499,35.0856863],[126.7628469,35.0859541],[126.7628344,35.0863421],[126.76309,35.0862442],[126.7631471,35.0863385],[126.7631824,35.0863573],[126.7632859,35.0863302],[126.763396,35.0863112],[126.7634185,35.0863472],[126.7634517,35.0864094],[126.7634899,35.0864804],[126.7634925,35.0864832],[126.7634258,35.0865406],[126.763414,35.0866079],[126.7634194,35.0867622],[126.763448,35.0868113],[126.7631714,35.0868363],[126.7629858,35.0868984],[126.7628521,35.0868751],[126.7628104,35.0868815],[126.7628234,35.0871306],[126.7628398,35.0871471],[126.7628229,35.087233],[126.7627769,35.0872657],[126.7627387,35.0873106],[126.7626218,35.087448],[126.7626683,35.0875002],[126.7626547,35.0875145],[126.7620471,35.0881516],[126.7618339,35.0883602],[126.7617339,35.0885228],[126.761736,35.0885431],[126.7617542,35.088709],[126.7617826,35.0889568],[126.7617309,35.0890657],[126.7617437,35.0891973],[126.7617453,35.0893498],[126.7617453,35.0893515],[126.7620736,35.0896547],[126.7620438,35.0900032],[126.7619024,35.090964],[126.7618824,35.09101],[126.7618723,35.0910331],[126.7614063,35.0910095],[126.7613957,35.0910089],[126.7611374,35.0909865],[126.7610102,35.0910236],[126.7601751,35.091267],[126.7601552,35.0912758],[126.7597023,35.0914786],[126.7596959,35.0914814],[126.7587072,35.0916572],[126.7585265,35.0916487],[126.7582956,35.0916833],[126.758287,35.0916349],[126.7582799,35.091595],[126.7581845,35.0915868],[126.7581222,35.0915829],[126.7578262,35.0915644],[126.7578199,35.091564],[126.7576637,35.091521],[126.7575739,35.091436],[126.7575723,35.0914346],[126.7575682,35.09143],[126.7573865,35.0912271],[126.756708,35.0914475],[126.7566989,35.0914507],[126.7563423,35.0915775],[126.7559876,35.0917037],[126.7557486,35.0916304],[126.7557483,35.0916303],[126.7557063,35.0916175],[126.7550426,35.0914784],[126.7544509,35.0916825],[126.7544456,35.0916824],[126.754415,35.0916814],[126.754282,35.0916777],[126.7541189,35.0918742],[126.754072,35.0919307],[126.7539896,35.0920175],[126.7539304,35.0920799],[126.7539895,35.0926426],[126.7540104,35.0926589],[126.7541271,35.09275],[126.7540163,35.0928428],[126.7539976,35.0928586],[126.7535982,35.0930901],[126.7537565,35.0934204],[126.7536763,35.0934146],[126.7536687,35.0935646],[126.7536676,35.0935792],[126.7536623,35.0936526],[126.7535584,35.0937613],[126.7535545,35.093808],[126.753569,35.0938778],[126.7535743,35.0938878],[126.7535915,35.0939199],[126.7535956,35.0939277],[126.7534563,35.0941581],[126.753395,35.0942597],[126.7531977,35.0945788],[126.7531398,35.0946523],[126.7530497,35.0947051],[126.7530289,35.0946823],[126.7529213,35.0947767],[126.7527917,35.0949256],[126.7527793,35.0949426],[126.7522747,35.0952665],[126.752378,35.0953771],[126.7523515,35.0954452],[126.7523278,35.0955061],[126.7522301,35.0955731],[126.7522445,35.0956252],[126.7522446,35.0956257],[126.752267,35.0957059],[126.7522736,35.0957297],[126.7520465,35.0958729],[126.7520276,35.0958848],[126.7520214,35.0958887],[126.7517915,35.0960264],[126.7518625,35.096187],[126.75187,35.0962039],[126.7518783,35.0962169],[126.751874,35.0962208],[126.7516287,35.096416],[126.7511981,35.0967587],[126.750995,35.0968943],[126.7509835,35.0969446],[126.7508085,35.0972836],[126.750842,35.0975549],[126.7508476,35.0978601],[126.7508495,35.0979649],[126.7507871,35.0980793],[126.7506087,35.0984064],[126.7505324,35.0983824],[126.7502857,35.098801],[126.7500388,35.0990492],[126.7498352,35.0992878],[126.7497096,35.0994954],[126.7496018,35.0996913],[126.7492581,35.1000386],[126.7491233,35.1002909],[126.7490998,35.100365],[126.7491024,35.1004095],[126.7490955,35.100497],[126.7490921,35.1005404],[126.7490725,35.1006179],[126.7490371,35.1007582],[126.7490467,35.100802],[126.7490967,35.1010313],[126.7491359,35.1011194],[126.7491883,35.1014148],[126.749154,35.1014126],[126.7491599,35.1014418],[126.749167,35.1014776],[126.7490761,35.1016151],[126.7487876,35.1018704],[126.7486828,35.1019368],[126.7480765,35.1021613],[126.7476292,35.1025402],[126.7470797,35.1023869],[126.74704,35.1023758],[126.7470129,35.102398],[126.7469467,35.1023454],[126.7469072,35.1023297],[126.7468115,35.1022921],[126.7467215,35.1022557],[126.7464101,35.102465],[126.746291,35.1025447],[126.7461523,35.1026519],[126.7459059,35.1029107],[126.7458743,35.1029439],[126.7454285,35.1032511],[126.745391,35.1032769],[126.7451818,35.1034193],[126.7451751,35.1034254],[126.7446141,35.1039524],[126.7446246,35.1040362],[126.7446246,35.1040368],[126.7446226,35.1040381],[126.7445951,35.1040559],[126.7445769,35.1040678],[126.7445424,35.10409],[126.7445389,35.1040923],[126.7438945,35.1045082],[126.7438001,35.1045992],[126.7437279,35.1046691],[126.7436121,35.1046115],[126.7431562,35.1048128],[126.7431374,35.1049122],[126.7431786,35.1049362],[126.7431771,35.1049393],[126.7431526,35.1049998],[126.7431129,35.1050762],[126.7431088,35.1051329],[126.7431074,35.1051349],[126.7429848,35.1053097],[126.7427144,35.1055207],[126.7427082,35.1055256],[126.7425558,35.1056143],[126.7424979,35.1056398],[126.7422661,35.1057419],[126.7420811,35.1058152],[126.7418897,35.1058602],[126.7417664,35.1058824],[126.7415805,35.1059189],[126.7414208,35.1059503],[126.7411455,35.1060383],[126.7408433,35.1059931],[126.7406214,35.1061046],[126.740514,35.1061661],[126.7404066,35.1062275],[126.7403916,35.1062378],[126.7402876,35.1063089],[126.7402169,35.106363],[126.7401418,35.1063981],[126.7399274,35.1064982],[126.7398907,35.1065141],[126.7397019,35.1065522],[126.7396371,35.1065939],[126.7396122,35.1066099],[126.7395471,35.1066573],[126.7394364,35.1067155],[126.739041,35.1070773],[126.7390061,35.1071084],[126.7388897,35.1072377],[126.7385748,35.1074741],[126.7384413,35.1075659],[126.7384266,35.107576],[126.7383462,35.1076106],[126.738308,35.1076257],[126.7382357,35.1076544],[126.7380623,35.1077026],[126.7378501,35.1077754],[126.7376114,35.1078572],[126.737437,35.1079359],[126.737,35.1080574],[126.7365148,35.1082038],[126.7364374,35.1082271],[126.7357295,35.1079982],[126.735686,35.1079914],[126.7356089,35.107976],[126.7356031,35.1079749],[126.735524,35.1079593],[126.735494,35.107947],[126.7354583,35.1080093],[126.7354447,35.1080476],[126.7354388,35.1080738],[126.7354516,35.1081195],[126.735454,35.1081362],[126.7354551,35.1081443],[126.7354553,35.1081507],[126.7354605,35.1082958],[126.7354836,35.108297],[126.7354838,35.1082984],[126.7355131,35.1085189],[126.7354559,35.1089008],[126.7354376,35.1090594],[126.7353542,35.1092407],[126.7353454,35.1092597],[126.7353366,35.1092787],[126.7353358,35.1092806],[126.7353355,35.1092808],[126.7352865,35.1093004],[126.7350954,35.1094641],[126.7350849,35.1094755],[126.7348823,35.109696],[126.7346283,35.1100633],[126.7345357,35.1102306],[126.7344918,35.11031],[126.7344921,35.110318],[126.7344962,35.1104226],[126.7344953,35.1104274],[126.7343677,35.1110993],[126.7342569,35.1113105],[126.734266,35.1111672],[126.7342729,35.1110597],[126.7341667,35.1111011],[126.7340915,35.1111304],[126.7340029,35.1112781],[126.7337278,35.1116035],[126.7335325,35.1118345],[126.7334889,35.1118893],[126.7334179,35.1119505],[126.7331837,35.1121507],[126.7330578,35.1122668],[126.7328986,35.1124674],[126.7328763,35.1124955],[126.7328629,35.1125517],[126.73285,35.1125446],[126.7328192,35.1125886],[126.7328176,35.1126003],[126.7328015,35.1127225],[126.732798,35.1127273],[126.7327667,35.1127702],[126.7327066,35.1128095],[126.732656,35.1128554],[126.7325335,35.112893],[126.7325195,35.1128989],[126.7324398,35.112932],[126.7324366,35.1129301],[126.7323795,35.1128826],[126.7322921,35.1128488],[126.7322821,35.1128449],[126.7322522,35.1128086],[126.7322375,35.1127956],[126.7320614,35.112715],[126.7320527,35.112711],[126.7320496,35.1127096],[126.7319528,35.1126451],[126.7318736,35.112595],[126.7318218,35.1125656],[126.7318456,35.1125043],[126.7318095,35.1123799],[126.7317174,35.1123089],[126.7316106,35.1122067],[126.7315565,35.1121479],[126.7314194,35.1121355],[126.7312549,35.1121128],[126.7312324,35.1121355],[126.7311728,35.1121292],[126.7311554,35.1120989],[126.731024,35.1120928],[126.7308779,35.1121152],[126.7308328,35.1121201],[126.730673,35.1121377],[126.7306805,35.1120978],[126.7307095,35.112074],[126.7307977,35.1120363],[126.7308167,35.1120208],[126.7308232,35.1120155],[126.7308483,35.1119857],[126.7308394,35.1118671],[126.730841,35.1117562],[126.7308129,35.1116441],[126.7307526,35.1115789],[126.7307483,35.1115743],[126.7307297,35.1115549],[126.7306416,35.1114621],[126.7306402,35.1114596],[126.7306193,35.1114206],[126.730584,35.1114129],[126.7305816,35.1114137],[126.730579,35.1113855],[126.7306234,35.1113668],[126.730592,35.1112919],[126.7305896,35.1112402],[126.7305809,35.1111026],[126.7305684,35.1109009],[126.7305628,35.110875],[126.7305115,35.1106392],[126.7304718,35.1104818],[126.7304756,35.1104811],[126.7304775,35.1104806],[126.7304792,35.1104799],[126.7304807,35.1104789],[126.7304819,35.1104778],[126.730483,35.1104765],[126.7304837,35.110475],[126.7304841,35.1104735],[126.7304842,35.110472],[126.7304839,35.1104704],[126.7304838,35.11047],[126.7304781,35.110448],[126.7305662,35.1104336],[126.7305587,35.1104005],[126.7305072,35.1104104],[126.7304907,35.1103554],[126.7304425,35.1103655],[126.7304342,35.1103327],[126.7304414,35.110317],[126.730501,35.110187],[126.7305133,35.1101604],[126.7307173,35.1097293],[126.7307467,35.1097045],[126.7312153,35.1093083],[126.7311953,35.1087771],[126.7311952,35.1087727],[126.7310637,35.1086718],[126.7310591,35.1086768],[126.731051,35.1086714],[126.7309245,35.1085862],[126.7309281,35.1085814],[126.7312817,35.1081088],[126.7310305,35.1079741],[126.7308963,35.1078895],[126.7307531,35.1077413],[126.7307252,35.107739],[126.7305133,35.1077215],[126.7303762,35.1077112],[126.7303606,35.10771],[126.7303346,35.1077051],[126.7296058,35.1075653],[126.7293386,35.1075218],[126.728931,35.1074797],[126.7284371,35.1074173],[126.7284131,35.1074143],[126.7283866,35.107411],[126.7280659,35.1074163],[126.7276715,35.1074692],[126.7274095,35.1075229],[126.7272008,35.1075455],[126.7271648,35.1075606],[126.726862,35.1076884],[126.7266473,35.1077508],[126.7265934,35.1077665],[126.7262363,35.107846],[126.7260958,35.1078821],[126.7256403,35.1079619],[126.7255922,35.1079704],[126.725313,35.108005],[126.7252184,35.1080159],[126.7250715,35.1080155],[126.7249063,35.1080145],[126.7246822,35.1080524],[126.7244693,35.1080932],[126.7241153,35.1081987],[126.7235934,35.1083531],[126.7234482,35.1082984],[126.7233423,35.1082525],[126.7232805,35.1082258],[126.7231515,35.1082566],[126.723009,35.1082477],[126.7228481,35.108234],[126.7226926,35.1082519],[126.7224497,35.1083123],[126.7222436,35.1082789],[126.7220711,35.108256],[126.7217144,35.1082356],[126.7215169,35.1082536],[126.7212177,35.1082803],[126.7210925,35.1082689],[126.7208831,35.1082358],[126.7206522,35.1082574],[126.7206003,35.1082623],[126.7202317,35.1082928],[126.7201676,35.1082981],[126.7201677,35.1083011],[126.7201682,35.1083134],[126.7201672,35.1083503],[126.7197998,35.1083907],[126.7196721,35.1084046],[126.7195486,35.1084169],[126.7194997,35.1084234],[126.7191085,35.1085666],[126.7189473,35.1086887],[126.7186792,35.1088617],[126.7181286,35.1093269],[126.7177491,35.1096322],[126.7174744,35.1098206],[126.7174057,35.1098677],[126.7168956,35.1101355],[126.7168516,35.1102639],[126.7167256,35.1103771],[126.7166478,35.1104204],[126.7166329,35.1104255],[126.716617,35.1104308],[126.7163815,35.1105099],[126.7163803,35.1104996],[126.7163098,35.1105223],[126.7162148,35.1105867],[126.7160115,35.1106839],[126.7159779,35.1107],[126.7159585,35.1107034],[126.7158486,35.1107228],[126.7158521,35.1107359],[126.7158528,35.1107387],[126.7157462,35.1107478],[126.7154886,35.1107396],[126.714932,35.11057],[126.714718,35.1105443],[126.7143528,35.1103994],[126.7142643,35.1103559],[126.7139967,35.1102963],[126.7139003,35.1102469],[126.7136414,35.110187],[126.7135856,35.1101741],[126.7135796,35.1101709],[126.7134034,35.1100807],[126.7131176,35.1100168],[126.7127333,35.1099144],[126.712124,35.1099138],[126.7120198,35.1099146],[126.7115713,35.1099145],[126.7113761,35.109916],[126.7107795,35.1098731],[126.7107824,35.1098675],[126.7107953,35.1098422],[126.7107935,35.1098415],[126.7106029,35.1097741],[126.7103612,35.1097044],[126.7101455,35.1095761],[126.7099604,35.1094897],[126.7091324,35.1094434],[126.7091214,35.1094428],[126.7091157,35.1094782],[126.7091139,35.1094894],[126.7089581,35.1095854],[126.7088271,35.1094703],[126.7086225,35.1095326],[126.7086169,35.1095374],[126.7085976,35.109554],[126.7085668,35.1095921],[126.7084208,35.1097728],[126.7083899,35.1097947],[126.708387,35.1097968],[126.7080284,35.1101303],[126.7079875,35.1101764],[126.7077899,35.1103986],[126.7072567,35.1109222],[126.7071682,35.1110093],[126.7070624,35.1111133],[126.7067421,35.1114285],[126.7066696,35.1115227],[126.7065424,35.1116853],[126.7064437,35.1118158],[126.706362,35.1119238],[126.7063009,35.1120046],[126.7061323,35.1122287],[126.7059001,35.1125077],[126.7057755,35.1126364],[126.7056657,35.1127257],[126.7055483,35.1128231],[126.7055223,35.1128445],[126.7055216,35.1128562],[126.7055257,35.1128653]]]}},
{"type":"Feature","properties":{"BASE_DATE":"20250630","ADM_CD":"36040390","ADM_NM":"금천면"},"geometry":{"type":"Polygon","coordinates":[[[126.7744173,35.0527196],[126.7739377,35.0527797],[126.7736543,35.0528078],[126.773383,35.0528374],[126.772796,35.052906],[126.7721015,35.0530866],[126.7706184,35.0536789],[126.769411,35.0539298],[126.7692107,35.0539714],[126.7683405,35.0545565],[126.7681474,35.0548424],[126.7679393,35.0551335],[126.7677827,35.0553375],[126.7674773,35.0556994],[126.7674568,35.0557838],[126.7674121,35.0559433],[126.7674056,35.0559666],[126.767344,35.0563581],[126.7673763,35.056687],[126.7673794,35.0567132],[126.767383,35.0567306],[126.7674118,35.0568686],[126.7674718,35.0571542],[126.7675398,35.0575736],[126.7675957,35.057802],[126.7676195,35.0579018],[126.7676738,35.0581296],[126.7677652,35.0585414],[126.7678268,35.0587409],[126.767838,35.0587775],[126.7678692,35.0588789],[126.7681943,35.0595333],[126.76828,35.0597061],[126.7683766,35.0598402],[126.768612,35.0601706],[126.7686318,35.0601983],[126.7686311,35.0602631],[126.7686299,35.0605445],[126.7686293,35.0606573],[126.7685368,35.0609974],[126.7684863,35.0611809],[126.7684451,35.0613564],[126.7684319,35.0614128],[126.7684074,35.0614533],[126.7680517,35.0620422],[126.7677943,35.0624377],[126.7676227,35.0626623],[126.7675412,35.0627734],[126.7674678,35.0628724],[126.767396,35.0629475],[126.7668533,35.0635136],[126.7662859,35.0638826],[126.7657044,35.0641023],[126.7651088,35.0643619],[126.7649245,35.0643333],[126.7647712,35.0643111],[126.764596,35.0642858],[126.7644872,35.0642701],[126.7640556,35.0641959],[126.763554,35.0641126],[126.7632896,35.0640666],[126.7631395,35.0640401],[126.762814,35.0639847],[126.762468,35.0638554],[126.7622021,35.0637582],[126.7619569,35.0636761],[126.7616342,35.0635679],[126.7615053,35.0635272],[126.7613504,35.0634411],[126.7609736,35.0632317],[126.7608407,35.0631593],[126.7607352,35.0631035],[126.7605161,35.0629874],[126.7601945,35.0627854],[126.7599536,35.0626343],[126.759633,35.0624514],[126.7595651,35.062362],[126.7595006,35.0622732],[126.759487,35.0622555],[126.7594191,35.0621636],[126.7593071,35.0620143],[126.7591514,35.0618066],[126.7591286,35.0617289],[126.7591203,35.0617007],[126.7591175,35.0616912],[126.7589624,35.0611628],[126.7587652,35.0605388],[126.7585715,35.0601345],[126.7585004,35.0599896],[126.7581356,35.0594573],[126.7577256,35.059005],[126.7570077,35.0584554],[126.7567427,35.0582487],[126.7567372,35.0582444],[126.7567263,35.0582238],[126.75656,35.0580937],[126.7563994,35.0579682],[126.7561871,35.0578037],[126.7557202,35.0575503],[126.7549288,35.0567828],[126.7543764,35.0563157],[126.7541706,35.0560857],[126.7538511,35.0558111],[126.7533625,35.0554092],[126.7529075,35.0550334],[126.7524894,35.0544711],[126.7522835,35.0541951],[126.752095,35.0539374],[126.7519867,35.0537743],[126.7519388,35.0537022],[126.7515189,35.0531194],[126.7514876,35.052879],[126.7514655,35.0527392],[126.7514447,35.0526796],[126.7512918,35.052488],[126.7511726,35.0523426],[126.7509985,35.0521811],[126.7508689,35.0520342],[126.7507014,35.0518462],[126.750454,35.0516345],[126.750401,35.051547],[126.7502353,35.0513335],[126.7500299,35.051119],[126.7497113,35.0506973],[126.7493624,35.0503263],[126.7487091,35.0498256],[126.7478723,35.0495715],[126.7476117,35.0494924],[126.7471272,35.0493453],[126.7468145,35.0491505],[126.7462744,35.048821],[126.7456492,35.0484425],[126.7451262,35.048334],[126.7442154,35.0484023],[126.7432326,35.0485733],[126.7423331,35.048509],[126.741726,35.0484617],[126.7410473,35.0482829],[126.7406054,35.0481665],[126.7406041,35.0481662],[126.7383872,35.0467048],[126.7383762,35.0466975],[126.7377598,35.0462033],[126.737389,35.0459038],[126.7373155,35.0458322],[126.73719,35.0457461],[126.737057,35.0456425],[126.7368888,35.0455083],[126.7366252,35.0452761],[126.7365335,35.0451902],[126.7361922,35.0448638],[126.7357099,35.0444022],[126.7355691,35.0442997],[126.7350599,35.0437778],[126.7347412,35.0433351],[126.7345366,35.0430836],[126.7344568,35.0429847],[126.7343675,35.0428753],[126.7341951,35.0426525],[126.7340974,35.0425265],[126.7340769,35.0424834],[126.7340397,35.0424055],[126.734004,35.0423532],[126.7339387,35.0422596],[126.7338624,35.0421494],[126.7338213,35.0420915],[126.7337622,35.0421279],[126.7336546,35.0421419],[126.7335767,35.0421195],[126.7334917,35.0420526],[126.7332193,35.0421092],[126.7331217,35.0421305],[126.733052,35.0421756],[126.7330464,35.0421954],[126.7329705,35.0421698],[126.7329812,35.0421612],[126.733075,35.0420851],[126.7332109,35.0420281],[126.7335359,35.041944],[126.7336164,35.0419393],[126.7336791,35.0419825],[126.7337537,35.0419359],[126.7336243,35.0416401],[126.7335555,35.0414825],[126.733441,35.0412604],[126.7332652,35.0409214],[126.7331953,35.040762],[126.7331625,35.0406872],[126.7330188,35.0403592],[126.7329865,35.0402936],[126.7329145,35.0400783],[126.7328284,35.0398219],[126.7327668,35.0396818],[126.7327347,35.0396083],[126.7326793,35.0394827],[126.732649,35.0394172],[126.7325584,35.0392115],[126.7325613,35.0391997],[126.7325331,35.0390656],[126.7325295,35.0390543],[126.7323586,35.0385305],[126.732303,35.0380745],[126.7322723,35.037407],[126.7322761,35.036422],[126.7323058,35.0358678],[126.732314,35.0357834],[126.7323363,35.0355551],[126.7323357,35.0354291],[126.7324339,35.0351769],[126.7325281,35.0350453],[126.732758,35.0344877],[126.7329874,35.033932],[126.7332887,35.0334595],[126.7333578,35.0333519],[126.7334815,35.0331923],[126.7338535,35.0331444],[126.7343609,35.0328732],[126.7346536,35.0327167],[126.7350339,35.0322683],[126.7350797,35.0322088],[126.7354461,35.0321419],[126.7360681,35.0317169],[126.7361001,35.0316353],[126.7362327,35.0314046],[126.7363031,35.0312748],[126.736528,35.0305805],[126.7365026,35.030371],[126.7361892,35.0298886],[126.7360442,35.0292266],[126.736069,35.0291165],[126.7360951,35.0290003],[126.7361611,35.0287207],[126.7361801,35.0286653],[126.7362655,35.0283888],[126.736274,35.0279512],[126.7362663,35.0269368],[126.7362649,35.0260625],[126.736267,35.0260318],[126.7363105,35.0253853],[126.7363769,35.0252764],[126.7365084,35.0250606],[126.7367699,35.0246611],[126.736955,35.0243032],[126.7372459,35.0237283],[126.7372351,35.0235977],[126.7373512,35.0234707],[126.737583,35.0230315],[126.7377705,35.0227646],[126.737839,35.0226216],[126.7380797,35.022102],[126.7380909,35.0220666],[126.7382499,35.0214589],[126.7383557,35.0213215],[126.7383326,35.0204285],[126.7381222,35.0199547],[126.7385914,35.0199382],[126.7389021,35.0199274],[126.7390442,35.0199787],[126.7392193,35.0199589],[126.7394991,35.0199387],[126.7395306,35.020075],[126.7395743,35.0201522],[126.7396547,35.0204415],[126.739707,35.0206017],[126.7397632,35.0205503],[126.7398434,35.0205287],[126.7399082,35.0205227],[126.7399848,35.0205314],[126.7399582,35.0202938],[126.7398839,35.0199093],[126.7399021,35.0198728],[126.7399041,35.019833],[126.7398583,35.0197006],[126.7397927,35.0193889],[126.7397007,35.0190822],[126.7397011,35.0190318],[126.7397555,35.018932],[126.7398183,35.0188257],[126.7399136,35.0186192],[126.7399352,35.0185183],[126.7399808,35.018413],[126.7400156,35.0182572],[126.7400183,35.0181843],[126.7400138,35.0181095],[126.7399105,35.017857],[126.7398554,35.0177273],[126.7397971,35.0174976],[126.7397156,35.0172566],[126.7397095,35.0169857],[126.7396477,35.0168013],[126.7395876,35.0166189],[126.7395668,35.0165471],[126.7395481,35.0164914],[126.7395266,35.0163641],[126.7395452,35.0161248],[126.7395445,35.0157898],[126.7395443,35.0156499],[126.7395192,35.0155716],[126.7394688,35.0154144],[126.7395013,35.0153883],[126.7395338,35.0153601],[126.7395937,35.0151979],[126.7396751,35.0149671],[126.7397853,35.0146772],[126.7398692,35.0145094],[126.7400154,35.0142097],[126.7400189,35.0142043],[126.7401007,35.0140605],[126.7401001,35.014059],[126.7401051,35.0140504],[126.7401085,35.0140444],[126.7401721,35.0139311],[126.7401865,35.0139017],[126.7404,35.0135699],[126.7405391,35.0134118],[126.7405431,35.0134305],[126.7405504,35.0134218],[126.7405036,35.0132012],[126.7404799,35.0130894],[126.7403859,35.0126468],[126.74003,35.0115117],[126.7400248,35.0114929],[126.7398283,35.0108626],[126.73949,35.0097716],[126.7394703,35.009719],[126.7391716,35.0089489],[126.7390919,35.0087426],[126.7390828,35.0087101],[126.7390875,35.0086901],[126.7392229,35.0085317],[126.739228,35.0085399],[126.7392536,35.0085288],[126.739238,35.0085038],[126.7392148,35.0085004],[126.7389959,35.0083498],[126.7389914,35.0083373],[126.7389719,35.0083336],[126.7389515,35.008253],[126.7389973,35.0082885],[126.7391458,35.0083869],[126.7392644,35.0084648],[126.7392786,35.0084709],[126.7392968,35.0084816],[126.7393423,35.0085152],[126.7410932,35.0096513],[126.7418332,35.0101251],[126.7418712,35.0101507],[126.7419015,35.0101175],[126.742131,35.0098792],[126.7425825,35.0094101],[126.7425967,35.0093985],[126.7440215,35.0079133],[126.7440659,35.0078658],[126.7447664,35.0071349],[126.7451378,35.0067503],[126.7451498,35.0067371],[126.745179,35.0067045],[126.7452534,35.0066334],[126.7452551,35.0066316],[126.7445903,35.0065847],[126.7445588,35.0065824],[126.744513,35.0065791],[126.7444778,35.0065766],[126.7440135,35.0065426],[126.7440137,35.0065422],[126.7440236,35.0065184],[126.7440744,35.0064621],[126.7440734,35.0064089],[126.743891,35.0061666],[126.7438683,35.0061366],[126.7438785,35.00611],[126.7438813,35.006018],[126.7438795,35.0059947],[126.7438774,35.0059676],[126.7439027,35.0058391],[126.743982,35.005736],[126.744148,35.0055267],[126.7441487,35.0055121],[126.7441512,35.0054617],[126.7441528,35.0054288],[126.7441629,35.0053482],[126.7441592,35.0052151],[126.7441092,35.0050682],[126.7441146,35.004959],[126.7440807,35.0048843],[126.7440741,35.0048346],[126.7440961,35.0048287],[126.7441097,35.0048251],[126.7441348,35.0048341],[126.744145,35.0048376],[126.7442656,35.0048791],[126.7443057,35.0048769],[126.7444301,35.0049246],[126.7445671,35.0050033],[126.7446067,35.0050058],[126.7447353,35.0050312],[126.7447891,35.0050358],[126.7448661,35.0050436],[126.7449042,35.0050639],[126.74492,35.0050735],[126.744976,35.0051136],[126.7451004,35.0051698],[126.7451655,35.0052006],[126.7452074,35.0052013],[126.745225,35.0052065],[126.7452735,35.0052208],[126.7454066,35.0052593],[126.7454319,35.0052691],[126.7454619,35.0052839],[126.7455337,35.005323],[126.7456405,35.005368],[126.7456983,35.0053203],[126.7457671,35.0052731],[126.7458268,35.0052234],[126.7458514,35.005221],[126.7459347,35.005205],[126.7459688,35.0051959],[126.7459618,35.0051826],[126.7459475,35.0051555],[126.7459353,35.0051321],[126.7460373,35.0050675],[126.7461453,35.0050346],[126.7463206,35.005028],[126.746397,35.0050235],[126.7464737,35.0050421],[126.7465681,35.0050639],[126.746609,35.0049368],[126.7466203,35.0048881],[126.7466482,35.004742],[126.7466331,35.0046701],[126.7466373,35.0045172],[126.7466485,35.0044766],[126.7466559,35.0044499],[126.7466555,35.0044116],[126.7465319,35.0042845],[126.7464341,35.0041837],[126.7464073,35.0041562],[126.7461551,35.0039955],[126.7460087,35.0039022],[126.7459016,35.0038053],[126.7458769,35.0037829],[126.74585,35.0037687],[126.7456641,35.0036704],[126.7456501,35.0036645],[126.7454776,35.0035376],[126.7454641,35.0034486],[126.7454344,35.0033652],[126.7454245,35.0033375],[126.7454295,35.0031875],[126.7453592,35.0031113],[126.7452599,35.0030798],[126.7451505,35.0030452],[126.7450291,35.0029928],[126.7450222,35.0029898],[126.7449241,35.0028617],[126.745055,35.002641],[126.7450652,35.0024625],[126.7450608,35.0024431],[126.7450532,35.0024085],[126.7450188,35.0023936],[126.7450106,35.0023705],[126.7449946,35.0023258],[126.7449222,35.002247],[126.7448181,35.0022051],[126.7447662,35.0021574],[126.7447796,35.0021365],[126.7448109,35.0020878],[126.744817,35.0020781],[126.7448615,35.0020466],[126.7448768,35.002044],[126.7448832,35.0020429],[126.7449012,35.0020399],[126.7448998,35.002019],[126.7448995,35.0020145],[126.7448995,35.002014],[126.7449754,35.0019923],[126.7450132,35.0019815],[126.7451028,35.0019558],[126.7452253,35.0019694],[126.7453754,35.001957],[126.7456819,35.0018804],[126.745706,35.0018745],[126.7459336,35.0017657],[126.7459579,35.0017568],[126.7460291,35.001731],[126.7461279,35.0016952],[126.7461896,35.0016778],[126.7463107,35.0016437],[126.7463461,35.0016338],[126.7465766,35.0015693],[126.7466665,35.0015442],[126.7468159,35.0015165],[126.7469314,35.0014951],[126.7470411,35.0014747],[126.7470768,35.0014646],[126.7471235,35.0014514],[126.7471783,35.0014359],[126.7472077,35.0014276],[126.7472724,35.0014093],[126.7474707,35.0014344],[126.7475836,35.0014547],[126.7477513,35.0014985],[126.7477533,35.001499],[126.7477538,35.0014986],[126.747814,35.0014514],[126.7478604,35.001436],[126.7479961,35.0014763],[126.7481132,35.0015059],[126.7481327,35.0015093],[126.7482979,35.0015381],[126.7483171,35.0015415],[126.7483683,35.001523],[126.748404,35.0015102],[126.748417,35.0014996],[126.7484744,35.001453],[126.7485069,35.0014266],[126.7485572,35.0013465],[126.748621,35.001282],[126.7487386,35.0012652],[126.7488148,35.001245],[126.7490023,35.0012071],[126.7491621,35.0011752],[126.749299,35.0012062],[126.7493733,35.001223],[126.7494792,35.0012507],[126.7495327,35.0012635],[126.7495582,35.0012695],[126.7495647,35.001271],[126.7496588,35.0012896],[126.7498276,35.0013236],[126.7502437,35.0013703],[126.7505114,35.0014213],[126.7506317,35.0014301],[126.7507131,35.001436],[126.750796,35.0014421],[126.7508707,35.0014334],[126.7509894,35.0014463],[126.7511351,35.0014338],[126.7512374,35.0014483],[126.7513131,35.0014709],[126.7513406,35.001479],[126.7515392,35.0014879],[126.7515636,35.0014803],[126.7518154,35.0014017],[126.7518679,35.0013853],[126.75191,35.0013721],[126.7519441,35.0013615],[126.752044,35.0013102],[126.7522693,35.0011947],[126.7523961,35.0011296],[126.7525189,35.0010991],[126.7525529,35.0010783],[126.7525541,35.0010775],[126.7528756,35.0008826],[126.7529749,35.0008227],[126.7530274,35.0007665],[126.7530928,35.0006965],[126.753118,35.0006822],[126.7531545,35.0006613],[126.7532443,35.0006101],[126.7532524,35.000605],[126.7534082,35.0005067],[126.7534732,35.0004882],[126.7534924,35.0004958],[126.7535884,35.0004899],[126.7536853,35.0005064],[126.7538009,35.0005559],[126.7539306,35.0006298],[126.7539374,35.0006362],[126.7539594,35.000657],[126.7540239,35.0006713],[126.7541159,35.0006717],[126.7541419,35.0006547],[126.7542027,35.0006661],[126.7542701,35.0006788],[126.7542752,35.0006797],[126.75439,35.0006806],[126.7544608,35.0006767],[126.7546146,35.0007239],[126.7546405,35.0007318],[126.7547085,35.0007408],[126.7547556,35.000729],[126.7547792,35.0007256],[126.7548246,35.000704],[126.7548502,35.0006907],[126.7548952,35.0007503],[126.7550037,35.0008548],[126.7551237,35.0009207],[126.7551916,35.0009604],[126.7553159,35.0008991],[126.75533,35.0008722],[126.7553663,35.0008465],[126.7554853,35.0007806],[126.7556233,35.000741],[126.7557514,35.0007335],[126.7557562,35.0007205],[126.7559891,35.0006643],[126.7561174,35.0006699],[126.7564163,35.000648],[126.7566276,35.0005887],[126.7567977,35.0005411],[126.7570192,35.000495],[126.7571096,35.00046],[126.7571206,35.0004501],[126.7571629,35.000412],[126.7572287,35.0002596],[126.7572627,35.0002184],[126.7573074,35.0001644],[126.7574051,35.0000795],[126.7576374,34.9999705],[126.7577156,34.9999872],[126.7578067,34.9999587],[126.7578559,34.9998668],[126.7578793,34.999824],[126.7579025,34.9997267],[126.7579131,34.9996299],[126.7579507,34.9995818],[126.7579823,34.9995622],[126.7580536,34.999555],[126.7582093,34.9995493],[126.758331,34.9995816],[126.758446,34.9995925],[126.7585188,34.9995816],[126.7585575,34.9995331],[126.7585882,34.9995302],[126.7586584,34.9995767],[126.7587149,34.9996407],[126.7587396,34.9996535],[126.7587874,34.9996711],[126.758852,34.9996668],[126.7588854,34.9996501],[126.7589434,34.9996321],[126.7589405,34.9996016],[126.7589437,34.9995873],[126.7589547,34.9995412],[126.7589499,34.9995031],[126.7589437,34.9994533],[126.7590181,34.9993871],[126.759068,34.9993428],[126.7590396,34.99934],[126.7590449,34.9993143],[126.7590537,34.9991836],[126.7592606,34.9991078],[126.7594372,34.9990703],[126.7595752,34.998999],[126.7597524,34.9990413],[126.7599672,34.9990982],[126.7601388,34.9991257],[126.7603101,34.99909],[126.7603795,34.9990781],[126.7604685,34.999048],[126.7604826,34.9990447],[126.7605509,34.9990289],[126.7606444,34.9988205],[126.7607608,34.998576],[126.760857,34.9984262],[126.760897,34.9983246],[126.7609587,34.998237],[126.7609991,34.9981658],[126.7610319,34.9981425],[126.761087,34.9981008],[126.7611131,34.998062],[126.7612828,34.9978099],[126.7614195,34.997602],[126.7614592,34.997468],[126.7614585,34.997406],[126.7614583,34.9973823],[126.7614871,34.9972661],[126.7614959,34.9972307],[126.7614826,34.9971383],[126.761465,34.997016],[126.7614774,34.9969896],[126.7614843,34.9969747],[126.7614819,34.9968733],[126.761479,34.9967887],[126.7616192,34.9965188],[126.7618733,34.9964267],[126.7619884,34.996292],[126.7620837,34.9961649],[126.7621129,34.9960355],[126.7620927,34.9959628],[126.7620016,34.995871],[126.7619398,34.9958204],[126.7619337,34.9958003],[126.7619303,34.9957904],[126.7619226,34.9957682],[126.7619076,34.9957421],[126.7618775,34.9957122],[126.761886,34.9956486],[126.7618807,34.9955931],[126.7618665,34.9955088],[126.7618588,34.9954779],[126.7618262,34.9953644],[126.7617814,34.9952632],[126.7617167,34.9950826],[126.7617083,34.9950026],[126.761708,34.9950008],[126.7616952,34.9949245],[126.7615923,34.9948559],[126.7613254,34.994694],[126.7612391,34.9946088],[126.7611807,34.9945512],[126.7611505,34.9944995],[126.7611444,34.9944787],[126.7611122,34.9943873],[126.7611105,34.9942773],[126.7611167,34.9940807],[126.7611634,34.993996],[126.7611929,34.9937804],[126.7612022,34.9937612],[126.7612662,34.9936063],[126.7612559,34.9934635],[126.7612421,34.9933928],[126.7612423,34.9933906],[126.7612451,34.9933405],[126.7613961,34.9929556],[126.7614202,34.9928943],[126.7614471,34.9928218],[126.7615214,34.9926631],[126.7615619,34.9925935],[126.7615822,34.9925036],[126.7615736,34.9924698],[126.7615579,34.9923866],[126.7614675,34.9920019],[126.7614239,34.9916248],[126.7614959,34.9914966],[126.7614542,34.9914161],[126.7613905,34.9913263],[126.7613729,34.991293],[126.7613166,34.9911863],[126.7612298,34.9910369],[126.7611991,34.9909934],[126.7611429,34.9909121],[126.7611357,34.9907745],[126.7611022,34.9907666],[126.7611203,34.9907225],[126.7609842,34.9906939],[126.7607512,34.990645],[126.760556,34.9905598],[126.7605678,34.9903712],[126.7605667,34.9901329],[126.7604413,34.9898741],[126.7604294,34.9898494],[126.7603828,34.9897661],[126.7603009,34.9896941],[126.7602321,34.9896336],[126.7601357,34.9895329],[126.7600252,34.9893853],[126.7599886,34.9893524],[126.7598661,34.9892267],[126.759772,34.9890905],[126.7597018,34.9888785],[126.7596984,34.9888161],[126.7596884,34.9886374],[126.7596549,34.9885315],[126.7596261,34.9884722],[126.759568,34.9884115],[126.7595674,34.988411],[126.759477,34.9883291],[126.7594215,34.9882734],[126.7594046,34.9882513],[126.7593782,34.9882085],[126.7593706,34.9881962],[126.7593402,34.988166],[126.7593363,34.9881637],[126.7592878,34.9881338],[126.7592263,34.9880458],[126.759201,34.9880098],[126.7591749,34.9879812],[126.7590306,34.9878235],[126.7589743,34.9877617],[126.7589094,34.9876128],[126.7589017,34.9875723],[126.758883,34.9875132],[126.7588384,34.9874293],[126.7589716,34.987185],[126.7590341,34.9870703],[126.7590852,34.9869459],[126.7592158,34.9867688],[126.7591976,34.9866795],[126.7591828,34.9866284],[126.7591696,34.9865828],[126.7591332,34.9864984],[126.7592106,34.9863853],[126.7593463,34.9861648],[126.7594441,34.9859916],[126.7594774,34.9859493],[126.7595063,34.9859123],[126.7596287,34.9857107],[126.759702,34.9856207],[126.759737,34.9855765],[126.7597481,34.9855242],[126.7597521,34.9855134],[126.7597989,34.9853858],[126.7598619,34.985151],[126.7598758,34.985116],[126.7598834,34.985104],[126.7599751,34.9849638],[126.7599911,34.9848824],[126.7600107,34.984765],[126.7600188,34.9846585],[126.7600259,34.9845361],[126.7600347,34.9844376],[126.7600556,34.9843229],[126.7601126,34.9841908],[126.7601457,34.9840954],[126.7602575,34.9837363],[126.7603474,34.9834415],[126.7603797,34.9832665],[126.7604084,34.9831471],[126.7604486,34.9830838],[126.7605677,34.9828961],[126.7606256,34.9825957],[126.7607081,34.9824341],[126.7607398,34.9823721],[126.7609054,34.9822637],[126.7609346,34.9822482],[126.7609704,34.9822396],[126.7609845,34.9822276],[126.7610838,34.982175],[126.7611895,34.9821099],[126.7613418,34.9821222],[126.7614893,34.9821483],[126.7616773,34.9821951],[126.7619171,34.9822393],[126.7621211,34.9822907],[126.7621884,34.9823051],[126.7622236,34.982315],[126.7622493,34.9823223],[126.7622617,34.9822805],[126.7622841,34.9822047],[126.7624159,34.9820145],[126.7624423,34.9819792],[126.762581,34.9818238],[126.7626095,34.9817991],[126.762935,34.9814746],[126.7630612,34.9813813],[126.763096,34.9812593],[126.7631105,34.9812239],[126.7631443,34.9811829],[126.7631595,34.9811516],[126.7632121,34.9810746],[126.7632093,34.9810475],[126.7632282,34.9809486],[126.7632625,34.9808466],[126.7633181,34.9808022],[126.763391,34.980744],[126.7634198,34.9806548],[126.7635055,34.9805175],[126.7634995,34.9804858],[126.7635175,34.9803968],[126.7635292,34.980339],[126.7635233,34.9803272],[126.763539,34.9802909],[126.7635642,34.9801665],[126.7635497,34.9800966],[126.7635428,34.9800757],[126.7635496,34.9800453],[126.7635641,34.9800194],[126.7635877,34.9799842],[126.7636393,34.9799477],[126.7636933,34.9799557],[126.7637457,34.9799418],[126.7638126,34.9799397],[126.7638799,34.9799684],[126.7639359,34.9799922],[126.7640097,34.9799868],[126.7640462,34.9799658],[126.7644582,34.9796385],[126.764476,34.9796169],[126.7645883,34.9795674],[126.7646368,34.9795425],[126.7646786,34.9795209],[126.7647809,34.9795031],[126.7648507,34.9794708],[126.7648925,34.9794042],[126.7649117,34.9794251],[126.7649248,34.9794238],[126.7649682,34.9794334],[126.7650483,34.979431],[126.7652729,34.9794241],[126.7659667,34.9793857],[126.7662646,34.9793701],[126.7663012,34.979366],[126.7663382,34.9793629],[126.7664765,34.9793408],[126.7664993,34.9792326],[126.7665024,34.9792181],[126.766646,34.9790413],[126.7667331,34.9789437],[126.7667529,34.9789306],[126.7668199,34.9788258],[126.7669104,34.9787225],[126.7671597,34.9784499],[126.7674043,34.978285],[126.7674216,34.9782758],[126.7674674,34.9782514],[126.7676092,34.9781588],[126.7680156,34.9780241],[126.76842,34.9778937],[126.7686485,34.9778419],[126.7689795,34.9777794],[126.7690546,34.9777625],[126.769138,34.9777436],[126.7692582,34.9777882],[126.7694029,34.9778419],[126.7693794,34.9780337],[126.7693983,34.9780704],[126.7694167,34.9781304],[126.7694313,34.978159],[126.7694816,34.9782572],[126.7694787,34.9782622],[126.7695543,34.9782945],[126.7696303,34.9784491],[126.7696724,34.9785494],[126.7694297,34.9785849],[126.7694279,34.9786168],[126.7694223,34.9787497],[126.7694177,34.9788586],[126.7694112,34.9789013],[126.7694461,34.9789568],[126.7695384,34.9791277],[126.7696307,34.9793085],[126.7696516,34.9796099],[126.7696533,34.979669],[126.7696547,34.9797188],[126.7696441,34.9797653],[126.7696289,34.9798315],[126.7695741,34.9800045],[126.7694964,34.9801065],[126.7694546,34.9804305],[126.7694033,34.9805814],[126.7694078,34.9807528],[126.7694024,34.98081],[126.7693894,34.9808749],[126.7693992,34.981021],[126.7694067,34.9811312],[126.7693603,34.9812966],[126.76935,34.9813459],[126.7693468,34.9813691],[126.7693643,34.9814005],[126.7693762,34.981445],[126.769492,34.9816301],[126.7695329,34.9818622],[126.7695854,34.9821888],[126.7695953,34.9821975],[126.7696117,34.9822117],[126.7696158,34.9822281],[126.7696326,34.9822975],[126.7696918,34.9823872],[126.7697475,34.982432],[126.7697608,34.9824572],[126.769771,34.9824742],[126.7697716,34.9825609],[126.7698053,34.9825798],[126.7698117,34.9826036],[126.7698338,34.9826334],[126.7698408,34.9826403],[126.7698806,34.9826787],[126.7699317,34.982684],[126.76999,34.982688],[126.7700043,34.9826888],[126.7700354,34.9827093],[126.7701205,34.98271],[126.7701758,34.9827914],[126.770176,34.9827917],[126.7702363,34.9828452],[126.7702745,34.9828534],[126.7703192,34.9828629],[126.7703903,34.9828722],[126.7704317,34.9829136],[126.770551,34.9829745],[126.7705555,34.9829768],[126.7705503,34.982984],[126.7702699,34.9833702],[126.7706193,34.9838823],[126.7710772,34.9843802],[126.7711214,34.9844645],[126.7711913,34.9845977],[126.7712958,34.9846882],[126.7713686,34.9847534],[126.7714637,34.9848647],[126.7716834,34.9851718],[126.7717899,34.9853206],[126.7717342,34.9854033],[126.7717191,34.9854257],[126.7718042,34.9857029],[126.7719238,34.9860515],[126.7723696,34.9869413],[126.7724296,34.9870611],[126.7724836,34.9870692],[126.772502,34.9870719],[126.7725934,34.9870779],[126.7726785,34.9871238],[126.7727031,34.9871475],[126.7727549,34.9872207],[126.7728151,34.9873398],[126.77283,34.9874101],[126.7728472,34.9874779],[126.7728735,34.987532],[126.7728842,34.9875423],[126.7729236,34.9875789],[126.7729541,34.9875927],[126.7729849,34.9876053],[126.7730036,34.9876143],[126.7730638,34.9876869],[126.7731085,34.987724],[126.7733288,34.9878967],[126.773344,34.9878912],[126.7733719,34.9878803],[126.7733635,34.9878133],[126.773402,34.9877105],[126.7734931,34.987638],[126.7734939,34.9875944],[126.7735921,34.9875907],[126.773642,34.9875944],[126.7736603,34.987596],[126.7736765,34.9876537],[126.7736848,34.9876647],[126.773697,34.9876844],[126.7737505,34.9878431],[126.7739068,34.9877937],[126.7739892,34.9877415],[126.7740677,34.9876931],[126.7741452,34.9876213],[126.7742605,34.9875092],[126.7742889,34.9874901],[126.7744493,34.9873783],[126.7745512,34.987282],[126.7746386,34.9871985],[126.7746836,34.9871566],[126.774775,34.9867427],[126.7748615,34.9866568],[126.7750259,34.9864955],[126.7751485,34.9862918],[126.7751451,34.9862649],[126.7751402,34.9862174],[126.7751369,34.9861855],[126.7751178,34.9859997],[126.7751295,34.985847],[126.7750866,34.9854865],[126.7750861,34.9852864],[126.775094,34.9852396],[126.7751168,34.9851251],[126.7751673,34.9849528],[126.7753001,34.9846764],[126.7753235,34.9846284],[126.775349,34.9846238],[126.7753653,34.9846209],[126.775445,34.9846061],[126.7755682,34.9846175],[126.7756089,34.9846217],[126.7756993,34.9846308],[126.7756231,34.9847002],[126.7756538,34.984776],[126.7756761,34.9849342],[126.7757072,34.9849777],[126.775767,34.9849942],[126.7758709,34.9849428],[126.7758844,34.9849362],[126.7759489,34.9849145],[126.7760053,34.9849032],[126.776072,34.9848794],[126.7760877,34.9848738],[126.7761005,34.9848668],[126.7761098,34.9848582],[126.7761169,34.9848515],[126.7761345,34.9848539],[126.7761638,34.9848578],[126.7762303,34.9848643],[126.776351,34.9848663],[126.7763339,34.9849097],[126.7764412,34.9849332],[126.7765624,34.9849779],[126.776722,34.9850276],[126.776883,34.9851136],[126.7770432,34.9851865],[126.7770451,34.9852217],[126.7771388,34.9852661],[126.7771912,34.9852589],[126.7772268,34.9852526],[126.7773265,34.9852364],[126.7776011,34.9851921],[126.7776917,34.9851769],[126.7777017,34.9851754],[126.7778841,34.9851472],[126.7781389,34.9851075],[126.7782445,34.9850929],[126.7784392,34.9850326],[126.7786019,34.9849786],[126.7788002,34.9849103],[126.7789327,34.984861],[126.7791264,34.9847893],[126.7792674,34.9847646],[126.7793332,34.9847311],[126.7793461,34.984765],[126.7794863,34.9847466],[126.7796242,34.9846515],[126.7796614,34.9846289],[126.7797267,34.9845863],[126.7797517,34.9845795],[126.779767,34.9845753],[126.7798004,34.984566],[126.7798987,34.984596],[126.7799808,34.9845055],[126.780042,34.9844335],[126.7801288,34.9844528],[126.7801554,34.9844461],[126.780158,34.9844455],[126.7802277,34.984428],[126.780272,34.9844691],[126.7802635,34.9845041],[126.7802485,34.9845658],[126.7802299,34.9845948],[126.7802075,34.9846294],[126.7801979,34.9846433],[126.7801357,34.9847197],[126.7801273,34.9847281],[126.7800685,34.9847824],[126.7800071,34.9848439],[126.7799201,34.9850133],[126.77989,34.9850841],[126.7799352,34.9850878],[126.780008,34.9850933],[126.7800893,34.9851361],[126.7801131,34.9851883],[126.7801476,34.9852617],[126.7801269,34.9853102],[126.7801099,34.9853364],[126.7800279,34.9854555],[126.7799877,34.9855062],[126.7799905,34.9855346],[126.7799919,34.9855624],[126.7800361,34.9855825],[126.7800976,34.9856149],[126.7801413,34.9856475],[126.7801793,34.9856538],[126.7801775,34.9856817],[126.7801721,34.9857597],[126.780051,34.9861228],[126.7800402,34.9861557],[126.7800646,34.9862054],[126.7798815,34.986623],[126.7799616,34.9866826],[126.779986,34.9867593],[126.7800111,34.9868322],[126.780013,34.9868468],[126.7800318,34.9869944],[126.780044,34.9870967],[126.7800159,34.9871263],[126.7799624,34.9871225],[126.7799477,34.9871207],[126.7798642,34.9871937],[126.7797064,34.9873316],[126.7796706,34.9874319],[126.7796627,34.9875211],[126.7795276,34.9878106],[126.779448,34.9878618],[126.7793704,34.9878805],[126.7793463,34.9878861],[126.7792862,34.9879001],[126.7792474,34.9879088],[126.7792065,34.9879619],[126.7791808,34.9880862],[126.7791672,34.9881501],[126.7791328,34.9882004],[126.7789778,34.9883305],[126.7789441,34.9884264],[126.7789238,34.9885536],[126.7789448,34.9886365],[126.7789248,34.9887185],[126.7789016,34.9888118],[126.7789169,34.9889363],[126.7789306,34.9889592],[126.7789577,34.9890048],[126.7789919,34.9890422],[126.7790496,34.9890752],[126.7790676,34.989104],[126.779035,34.9892668],[126.7790177,34.9893006],[126.7789788,34.9893484],[126.7789111,34.9894316],[126.7786787,34.9895977],[126.7786056,34.9895834],[126.7785516,34.989585],[126.7783307,34.9897868],[126.7784447,34.9898677],[126.7786169,34.9899117],[126.7787653,34.989959],[126.7788106,34.9899821],[126.7788353,34.9899831],[126.7789141,34.9900101],[126.7789417,34.9900419],[126.7789653,34.9900689],[126.7789748,34.9900798],[126.7789808,34.9900867],[126.779025,34.9901374],[126.779057,34.9901741],[126.7790669,34.9901814],[126.7790736,34.9901715],[126.7791168,34.990193],[126.7792776,34.9903898],[126.779298,34.9904137],[126.7793529,34.9904782],[126.7795197,34.9905714],[126.7799343,34.9908088],[126.7801346,34.990912],[126.7804032,34.9910473],[126.7806525,34.9911466],[126.7811526,34.9913728],[126.7812771,34.9914117],[126.7812968,34.9914158],[126.7814259,34.9914429],[126.7815048,34.9914435],[126.7817641,34.991424],[126.7819953,34.9914026],[126.7822702,34.9913176],[126.7823235,34.9913023],[126.7823459,34.9912958],[126.7825076,34.9913049],[126.782805,34.9913256],[126.7831007,34.9915145],[126.7834346,34.9916859],[126.7834224,34.9917871],[126.7834744,34.9918051],[126.7835479,34.9918291],[126.7836531,34.9918635],[126.7838862,34.9919113],[126.783984,34.9919219],[126.7840943,34.9919312],[126.7841695,34.9919278],[126.7842878,34.9919082],[126.7843356,34.9919002],[126.7844088,34.9918713],[126.7845706,34.9918356],[126.7848141,34.9918399],[126.7849783,34.9918286],[126.7853097,34.9918535],[126.7853422,34.9919089],[126.7853595,34.9919383],[126.7853634,34.9919704],[126.7853767,34.9920292],[126.7853679,34.9920369],[126.7853788,34.992058],[126.7854103,34.9921078],[126.7854659,34.992198],[126.7855117,34.9922582],[126.7855314,34.9922881],[126.7856523,34.9924779],[126.785717,34.9925632],[126.7857628,34.9926405],[126.7858291,34.9927173],[126.7858832,34.9927829],[126.7860133,34.9929406],[126.7860632,34.9930012],[126.7861474,34.9931033],[126.7860847,34.9932507],[126.7860099,34.9934242],[126.7859902,34.9934701],[126.7858824,34.993724],[126.7858997,34.9937785],[126.7859033,34.9937918],[126.7859589,34.9937837],[126.7860281,34.9937419],[126.7861308,34.9937082],[126.7862016,34.993703],[126.7862864,34.9936917],[126.7864192,34.9936741],[126.7864486,34.9937238],[126.7864513,34.993748],[126.7863982,34.9937597],[126.7863792,34.993793],[126.7863994,34.99381],[126.7864581,34.9939352],[126.7864804,34.9940238],[126.7864906,34.9940643],[126.7865162,34.9941911],[126.7865345,34.994207],[126.7865811,34.9943447],[126.7866053,34.9943608],[126.786623,34.9943726],[126.7866275,34.9943811],[126.7866507,34.9944216],[126.7866536,34.994427],[126.7866611,34.9944433],[126.7866674,34.9944463],[126.7866722,34.9944486],[126.7866841,34.9944618],[126.7868152,34.9945463],[126.7868205,34.9945598],[126.7867864,34.9945956],[126.7867024,34.9946377],[126.7866751,34.9946539],[126.7866807,34.9947304],[126.7866823,34.9948094],[126.7866815,34.9948494],[126.786684,34.9948511],[126.7867151,34.9948713],[126.7868445,34.9948484],[126.7868736,34.9948457],[126.7869442,34.994839],[126.786947,34.9948605],[126.786883,34.9948736],[126.7868664,34.994877],[126.7869,34.9949583],[126.7869043,34.9949687],[126.7869226,34.9950471],[126.7869001,34.9951488],[126.7869007,34.9952048],[126.7869358,34.9953759],[126.7869362,34.9954187],[126.7869386,34.9954825],[126.7868698,34.9956529],[126.7868692,34.9956639],[126.787002,34.9957896],[126.7870129,34.9958008],[126.7870508,34.9958403],[126.7871081,34.9960212],[126.7871398,34.9960698],[126.7871816,34.9961172],[126.7872487,34.9963183],[126.7872994,34.9963898],[126.7873218,34.9964273],[126.7873704,34.9965816],[126.7873703,34.9966477],[126.7873766,34.9967462],[126.7873838,34.9967739],[126.7873935,34.99683],[126.7873952,34.9968677],[126.7874093,34.9969306],[126.7874425,34.9970722],[126.7874708,34.9971593],[126.7874894,34.9972204],[126.7874996,34.9972643],[126.7875332,34.9973682],[126.7876456,34.9974512],[126.787663,34.9975956],[126.787792,34.997847],[126.7878559,34.9979626],[126.7878755,34.9979954],[126.7879747,34.9981712],[126.7880505,34.998269],[126.788078,34.998305],[126.7881632,34.9984166],[126.7881769,34.9984361],[126.7881894,34.9984596],[126.7882016,34.9984837],[126.7882148,34.9985067],[126.7882388,34.998545],[126.7882628,34.9987074],[126.7883098,34.9988829],[126.7883885,34.9992326],[126.788455,34.9994582],[126.7884774,34.999543],[126.7884876,34.9995765],[126.7885415,34.9996064],[126.7886954,34.9997654],[126.7888025,34.9998782],[126.7888557,34.9999342],[126.7889182,34.9999969],[126.7889299,35.0000086],[126.7889461,35.0000175],[126.7891256,35.0001258],[126.7892205,35.000151],[126.7892364,35.0001613],[126.7892591,35.00017],[126.7894101,35.0002209],[126.7894247,35.0002258],[126.789531,35.0002141],[126.7895479,35.0002123],[126.7896103,35.0001895],[126.7896343,35.0001877],[126.7897105,35.0001924],[126.789724,35.0001932],[126.789783,35.0001844],[126.7897899,35.0001845],[126.7898227,35.0001853],[126.7898509,35.0001711],[126.7898512,35.000171],[126.7898518,35.0001707],[126.7898683,35.0001623],[126.790271,35.0000502],[126.7904172,35.0000068],[126.7905403,34.999972],[126.7907107,34.9999062],[126.7907214,34.999902],[126.7908071,34.9998531],[126.7908254,34.9998427],[126.7909752,34.9997572],[126.7910323,34.9997233],[126.7910322,34.9997228],[126.7910236,34.9997],[126.7910498,34.9997141],[126.7910657,34.9997468],[126.7912393,34.9996496],[126.791373,34.9995909],[126.7915857,34.9995143],[126.7920254,34.9993595],[126.7920771,34.9993412],[126.7922172,34.9992924],[126.7923109,34.9992622],[126.7924064,34.9992315],[126.7926704,34.9991418],[126.7927655,34.9991066],[126.7929595,34.9990329],[126.7929945,34.9990205],[126.7929851,34.9990053],[126.7929643,34.9989718],[126.7930906,34.9989169],[126.7930896,34.99895],[126.7931144,34.9989384],[126.793473,34.9987932],[126.7936828,34.9987077],[126.7938536,34.9986372],[126.7940064,34.9985879],[126.7939751,34.9986416],[126.793948,34.9986883],[126.7939119,34.9987484],[126.7939074,34.9987583],[126.7938654,34.9988287],[126.7938283,34.9988897],[126.7937506,34.9989997],[126.7937474,34.9990021],[126.7937223,34.9990351],[126.7936749,34.9991013],[126.7935858,34.9992223],[126.7936296,34.9993348],[126.7936003,34.999464],[126.7935814,34.9995498],[126.7935404,34.9997143],[126.7935216,34.9997905],[126.793501,34.9998441],[126.7934915,34.9999203],[126.7934697,35.0000198],[126.7934101,35.0002723],[126.7933743,35.0003404],[126.7933845,35.0003659],[126.7934122,35.0004245],[126.7932723,35.0006073],[126.7931795,35.0008525],[126.7931634,35.0008751],[126.7930255,35.0010686],[126.7929028,35.0012956],[126.7927799,35.0014124],[126.7927449,35.0014455],[126.7926498,35.0015259],[126.7926111,35.001555],[126.7926095,35.0016188],[126.7925888,35.0016167],[126.7925355,35.0016451],[126.7924957,35.0017556],[126.7924662,35.0019757],[126.792429,35.002073],[126.792405,35.0021357],[126.7922538,35.0022645],[126.7920376,35.0024134],[126.7919942,35.0024636],[126.7919251,35.0025177],[126.7918932,35.0025488],[126.7917778,35.002685],[126.791702,35.0027659],[126.791638,35.0028076],[126.791608,35.0028382],[126.7914226,35.003031],[126.7913975,35.0030507],[126.7912844,35.0031303],[126.7911684,35.0032103],[126.7911222,35.0032318],[126.7910533,35.0033504],[126.7909949,35.0034198],[126.7909665,35.0035343],[126.7909294,35.003691],[126.7909752,35.0039069],[126.790984,35.0040576],[126.7910174,35.004204],[126.7909557,35.0042817],[126.7909287,35.0042952],[126.7908923,35.0043369],[126.7908589,35.0044443],[126.7908861,35.0044958],[126.7909467,35.0046135],[126.7910422,35.0047975],[126.7910453,35.0048036],[126.7911167,35.004921],[126.7911183,35.0049794],[126.7910959,35.0050154],[126.7910701,35.0050625],[126.7910016,35.005114],[126.7909514,35.005154],[126.790881,35.0051842],[126.7907761,35.0052122],[126.7907189,35.0052503],[126.7906754,35.0053223],[126.7906387,35.0053912],[126.7905413,35.0055752],[126.7904916,35.0056699],[126.7904681,35.0056964],[126.7904752,35.0057314],[126.7904772,35.0058068],[126.7904657,35.0058352],[126.7904485,35.0058778],[126.7903798,35.0059687],[126.7903282,35.0060223],[126.7902864,35.006067],[126.7902503,35.0061234],[126.7901216,35.0062104],[126.7900259,35.0062961],[126.7900199,35.0063454],[126.7900116,35.0063666],[126.7901955,35.0063815],[126.7903755,35.0063937],[126.7904297,35.0063874],[126.7907276,35.0063691],[126.7907377,35.0063694],[126.7907542,35.006375],[126.7907884,35.0063867],[126.7909458,35.0064415],[126.7911085,35.0064925],[126.7913338,35.0065854],[126.7914045,35.0066211],[126.7915554,35.0066783],[126.7915631,35.00668],[126.7917643,35.0067703],[126.79178,35.0067764],[126.7917973,35.006783],[126.7919573,35.0068444],[126.7920191,35.0068375],[126.7920971,35.0068266],[126.7922491,35.0068054],[126.7922782,35.0068093],[126.7924191,35.0067807],[126.7924584,35.0067952],[126.7925259,35.006819],[126.7926902,35.0068785],[126.7927563,35.006902],[126.7927825,35.0069114],[126.7928166,35.0069676],[126.7929019,35.0070093],[126.7929868,35.0069996],[126.7930094,35.0069996],[126.7930837,35.0069382],[126.7931019,35.0068681],[126.7931018,35.0068252],[126.7931403,35.0068251],[126.7931777,35.0068113],[126.793226,35.0068131],[126.7931514,35.0068739],[126.7931454,35.0069535],[126.7931369,35.007],[126.7931341,35.0070104],[126.7931311,35.0070271],[126.7929005,35.0072827],[126.7928141,35.007324],[126.7927494,35.007384],[126.79271,35.0074175],[126.7926448,35.0074623],[126.7925759,35.007477],[126.7925552,35.0074765],[126.7922172,35.0077643],[126.7922138,35.0077671],[126.792217,35.0077732],[126.792253,35.0078418],[126.7922943,35.0079268],[126.7922469,35.0079908],[126.7922482,35.008006],[126.7922524,35.0080929],[126.7922736,35.0081703],[126.7922708,35.0081827],[126.7922553,35.0082411],[126.7922496,35.0082626],[126.7922473,35.0082785],[126.7922482,35.0083034],[126.7923928,35.0084316],[126.7924463,35.0085444],[126.7925656,35.0086909],[126.7925646,35.0087133],[126.7925459,35.0087147],[126.7925464,35.008692],[126.7924124,35.0085383],[126.7923668,35.0084452],[126.7923433,35.0084129],[126.792296,35.0083707],[126.7922807,35.0083605],[126.7922335,35.0083288],[126.792219,35.008319],[126.7921458,35.0082444],[126.792014,35.0080913],[126.7919335,35.0080612],[126.7918561,35.0079609],[126.7918011,35.0078871],[126.7916967,35.0077735],[126.7915924,35.0076317],[126.791552,35.0076023],[126.7915042,35.0075675],[126.7914568,35.0075329],[126.7914186,35.007505],[126.7913349,35.0074439],[126.7913337,35.007443],[126.7911752,35.0073563],[126.7909218,35.0073043],[126.7907029,35.0072285],[126.790493,35.0071535],[126.7901245,35.0070827],[126.7901197,35.0070824],[126.7900759,35.0070799],[126.7900098,35.0070762],[126.7899399,35.0070722],[126.7899082,35.0070723],[126.7898446,35.0070726],[126.7896602,35.0070735],[126.7896371,35.0070736],[126.7895162,35.0070586],[126.7889482,35.0069884],[126.788902,35.0069827],[126.7888787,35.0069814],[126.7887578,35.0069682],[126.7886307,35.0069536],[126.7884681,35.0069682],[126.7884733,35.0069837],[126.7884757,35.006991],[126.7881932,35.0069764],[126.7877927,35.0069129],[126.7875724,35.0067928],[126.7874622,35.0067513],[126.787321,35.00669],[126.7871875,35.0066829],[126.7870905,35.0066828],[126.7869786,35.0066826],[126.7866994,35.0065669],[126.7866925,35.0065774],[126.7866388,35.0065699],[126.7864947,35.0065047],[126.7864515,35.0064696],[126.7864357,35.0064634],[126.7863233,35.0064209],[126.7862212,35.0063957],[126.7861027,35.0063687],[126.7859219,35.0063881],[126.7857124,35.0063359],[126.7855529,35.0063055],[126.7855386,35.0063052],[126.7854531,35.0063037],[126.7852695,35.0063374],[126.7851543,35.006389],[126.784994,35.0064618],[126.7849835,35.0064682],[126.7849638,35.0064759],[126.7848984,35.0065013],[126.784889,35.0064867],[126.7848247,35.0063745],[126.7847851,35.0063179],[126.7847835,35.0063157],[126.7847809,35.0063164],[126.7847121,35.0063327],[126.7846441,35.0063624],[126.7845761,35.006423],[126.7845781,35.0064257],[126.7846159,35.006476],[126.7844768,35.0065588],[126.7843923,35.0065944],[126.7842561,35.006681],[126.7842811,35.0067183],[126.7841828,35.0067539],[126.7841118,35.0067795],[126.7840024,35.006808],[126.7839806,35.0068156],[126.7839591,35.0068229],[126.7838461,35.0068147],[126.783829,35.0068306],[126.7837251,35.0068345],[126.7836863,35.0068374],[126.7834307,35.0069099],[126.7833995,35.0069245],[126.7833857,35.0069332],[126.7833194,35.0069644],[126.7832859,35.0070161],[126.783251,35.0070763],[126.7831535,35.0071208],[126.7831261,35.007138],[126.7829908,35.0072249],[126.7829351,35.0072607],[126.7829162,35.007275],[126.7827793,35.0074015],[126.7827462,35.0074222],[126.7825659,35.0075676],[126.7825318,35.0076469],[126.7824301,35.0078105],[126.7824257,35.0078175],[126.78235,35.007894],[126.7821682,35.0080354],[126.7820736,35.008131],[126.7820605,35.0081441],[126.7819806,35.0082195],[126.7818965,35.0083052],[126.7818661,35.0083231],[126.7818129,35.0083912],[126.7817961,35.0084138],[126.7817583,35.0084648],[126.7816596,35.0085642],[126.7816493,35.0085745],[126.7815303,35.0086464],[126.7814317,35.008706],[126.7813786,35.0087553],[126.781331,35.008781],[126.7813204,35.0087868],[126.7812909,35.0088096],[126.7809512,35.0090721],[126.7809378,35.0091872],[126.780933,35.0092285],[126.7809104,35.0093319],[126.7808878,35.0093962],[126.7808847,35.0094052],[126.7808793,35.009414],[126.78083,35.0094963],[126.7808238,35.0095163],[126.7808267,35.0095268],[126.7808313,35.009543],[126.7808333,35.0095464],[126.7810126,35.0098513],[126.7810271,35.0098774],[126.7810629,35.0099404],[126.7811659,35.0100522],[126.7811773,35.0100684],[126.7811918,35.0100892],[126.7812277,35.0101406],[126.7812505,35.0101826],[126.7812444,35.0101998],[126.7812856,35.0102294],[126.7813208,35.0102608],[126.7813539,35.0103035],[126.7814681,35.0104516],[126.7814969,35.0104884],[126.7815522,35.0105525],[126.7816226,35.0105982],[126.7816186,35.0106111],[126.781558,35.0106387],[126.7815564,35.0106394],[126.7815326,35.0106947],[126.7813747,35.0108643],[126.7812294,35.0110255],[126.7811236,35.0112043],[126.7811121,35.0112238],[126.7811062,35.0112336],[126.7810866,35.0112453],[126.7810612,35.0112617],[126.7808834,35.0111993],[126.7806477,35.0111305],[126.7805695,35.0110704],[126.7805656,35.0110113],[126.7805653,35.0109741],[126.7805121,35.0108961],[126.7803886,35.0107884],[126.7802162,35.010745],[126.7801736,35.0107343],[126.7801635,35.0107317],[126.78015,35.0107337],[126.7800745,35.0107449],[126.7799599,35.0107619],[126.7796661,35.0108324],[126.7796441,35.0108488],[126.7795835,35.0108183],[126.7795132,35.0108119],[126.779479,35.0107663],[126.779456,35.0107141],[126.7793787,35.0105872],[126.7793523,35.0105461],[126.7793433,35.0105384],[126.7792819,35.0104705],[126.7791996,35.010392],[126.7791444,35.0103357],[126.7791405,35.0103317],[126.7790588,35.0102922],[126.7788331,35.0102765],[126.7787745,35.0103198],[126.778748,35.0103435],[126.7787361,35.0103244],[126.7787342,35.0103214],[126.7787078,35.010279],[126.7786639,35.0102083],[126.7786634,35.0102074],[126.7786336,35.0101596],[126.7786046,35.0101128],[126.778438,35.0098447],[126.7782944,35.0096136],[126.7782942,35.0096133],[126.7782379,35.0095227],[126.7782366,35.0095207],[126.7782175,35.0094899],[126.7782088,35.0094758],[126.7778974,35.0094866],[126.7779122,35.0095081],[126.7779387,35.0095463],[126.7780098,35.0096493],[126.7780524,35.0097109],[126.778354,35.0101475],[126.7784672,35.0103112],[126.7784997,35.0103583],[126.7785518,35.0104337],[126.7785742,35.0104661],[126.7785797,35.010474],[126.7785967,35.0104987],[126.7785866,35.0105117],[126.7785771,35.0105478],[126.7784628,35.01065],[126.7784443,35.0106665],[126.7783915,35.0107433],[126.7783741,35.0107962],[126.77835,35.0108699],[126.7783204,35.0109047],[126.7783253,35.0109757],[126.7780479,35.011033],[126.7779394,35.0110555],[126.7778423,35.01106],[126.7775757,35.0109656],[126.7775426,35.010967],[126.77746,35.0108117],[126.7774236,35.0107772],[126.7774142,35.010721],[126.7773964,35.0106626],[126.7772971,35.0105428],[126.777283,35.0105258],[126.7772153,35.0104929],[126.7771637,35.0104679],[126.7769173,35.0102792],[126.7768222,35.01019],[126.7766906,35.0100666],[126.7765636,35.0099443],[126.7765623,35.0099431],[126.7765235,35.0099057],[126.776463,35.0099443],[126.7762151,35.0096796],[126.7760132,35.0096077],[126.7759141,35.0095907],[126.7758919,35.0095888],[126.775878,35.0095877],[126.7757142,35.0095754],[126.7756099,35.0095529],[126.7755407,35.0095381],[126.7754951,35.0094889],[126.775408,35.0094431],[126.7753957,35.0094747],[126.7751222,35.0092305],[126.7747711,35.0089016],[126.7746198,35.0087802],[126.7746017,35.0087658],[126.7745759,35.008745],[126.7743226,35.0085432],[126.7741418,35.0084402],[126.7740753,35.0084021],[126.7740545,35.0083799],[126.7740439,35.0083687],[126.7739026,35.0082919],[126.7737537,35.0082006],[126.7736097,35.0081301],[126.7733631,35.0079755],[126.7732241,35.0079179],[126.7732419,35.0079011],[126.7732684,35.0078708],[126.7732056,35.007823],[126.7729416,35.0075789],[126.7729337,35.0075722],[126.7724628,35.0072926],[126.7724157,35.0072753],[126.7723882,35.0072652],[126.7721562,35.0071675],[126.7717084,35.0070266],[126.7714355,35.0069373],[126.7713661,35.0069183],[126.7713335,35.0069372],[126.7713162,35.0069522],[126.7712677,35.0069775],[126.7712211,35.0069913],[126.7712127,35.0069916],[126.7711702,35.0069934],[126.7711308,35.006995],[126.7710234,35.0069819],[126.7709272,35.0069649],[126.7709136,35.0069625],[126.7708395,35.0069495],[126.7708009,35.0069426],[126.7707738,35.0069379],[126.7707455,35.0069329],[126.7707308,35.0069303],[126.7707301,35.0069302],[126.770711,35.0069252],[126.7706777,35.0069345],[126.7705429,35.0069262],[126.7703016,35.0069112],[126.7702649,35.0069093],[126.7702514,35.0069085],[126.7700325,35.0068961],[126.7699211,35.0068932],[126.7698095,35.0068903],[126.7697494,35.0068949],[126.7695871,35.0069071],[126.7695833,35.0069352],[126.7695904,35.0071282],[126.7695905,35.0071317],[126.769593,35.0071988],[126.7695843,35.0072706],[126.7695838,35.007274],[126.7695584,35.0073365],[126.7695101,35.0074261],[126.7695069,35.0074724],[126.7694317,35.0075071],[126.7692763,35.0075788],[126.7688926,35.0077149],[126.7688437,35.0077345],[126.7687744,35.0077623],[126.7686719,35.0077011],[126.7686559,35.0076935],[126.7686185,35.0076758],[126.7685957,35.0076657],[126.7685854,35.0076611],[126.7685621,35.0076936],[126.7684791,35.007863],[126.7684261,35.0078232],[126.7681839,35.0078051],[126.7680096,35.0077708],[126.7678684,35.0077238],[126.767699,35.0076736],[126.7677154,35.007631],[126.7675099,35.0075692],[126.7673971,35.0075278],[126.7672867,35.007481],[126.7672819,35.0074281],[126.7672982,35.0073931],[126.7673513,35.0073332],[126.7674057,35.0073477],[126.7674335,35.0073552],[126.7674613,35.0072967],[126.7675079,35.0071987],[126.7675094,35.0071956],[126.7674063,35.0071788],[126.7673874,35.0071758],[126.7669591,35.0071077],[126.7668479,35.0071195],[126.7667892,35.0071475],[126.7667905,35.0071585],[126.7667954,35.0072001],[126.7667972,35.0072157],[126.7667307,35.0072744],[126.766642,35.0073144],[126.7666383,35.0073161],[126.7665776,35.0073466],[126.7665361,35.0073681],[126.7663535,35.007507],[126.7663334,35.0075168],[126.7662222,35.0075935],[126.7661372,35.0076507],[126.7661018,35.0076743],[126.7661428,35.0077358],[126.7661796,35.0077264],[126.7662225,35.0077267],[126.766269,35.0077383],[126.7662803,35.0077452],[126.7662953,35.0077544],[126.766322,35.0077789],[126.7663333,35.0077988],[126.766338,35.0078113],[126.7663401,35.0078167],[126.7663263,35.0078911],[126.7663155,35.0079487],[126.7663273,35.0079833],[126.7663587,35.0080228],[126.7663678,35.0080335],[126.7664826,35.0081694],[126.7666029,35.008296],[126.7665308,35.0083443],[126.7666463,35.0084689],[126.7666746,35.0084993],[126.7667573,35.0085846],[126.7670383,35.0088742],[126.7672305,35.0090722],[126.767264,35.0091067],[126.7673112,35.0091554],[126.7673147,35.0091589],[126.7673301,35.0091749],[126.7673556,35.0092011],[126.7676142,35.0094675],[126.767675,35.0095302],[126.7678855,35.0097471],[126.7679279,35.0097908],[126.768003,35.0098682],[126.7680048,35.00987],[126.7680484,35.009915],[126.7682235,35.0102102],[126.7682388,35.0102359],[126.7682704,35.0102892],[126.7683983,35.0105049],[126.7684048,35.0105159],[126.768514,35.0106999],[126.7685142,35.0107002],[126.7687338,35.0110704],[126.7689035,35.0113567],[126.7690173,35.0115485],[126.7690788,35.0116523],[126.7692333,35.0119124],[126.7693387,35.0120903],[126.7694272,35.0120909],[126.7694739,35.0121483],[126.769539,35.0122356],[126.7695884,35.0122999],[126.7696215,35.0123893],[126.7696449,35.0124489],[126.7696461,35.0124518],[126.7696998,35.0124464],[126.7697275,35.0124701],[126.7697293,35.0124717],[126.7697792,35.0125142],[126.7698055,35.0125228],[126.7698087,35.0125238],[126.7698151,35.0125324],[126.7699296,35.0126847],[126.7699369,35.0126972],[126.7700038,35.0128116],[126.7700256,35.0128488],[126.7700613,35.0129378],[126.7700964,35.0130252],[126.7701474,35.0131011],[126.7702029,35.0131836],[126.7702106,35.0131941],[126.7703287,35.0133547],[126.7703762,35.0134218],[126.770431,35.0134972],[126.7705912,35.0136251],[126.7706217,35.0136616],[126.7707164,35.0137746],[126.7708191,35.0139349],[126.7708839,35.014113],[126.7708978,35.0141431],[126.7709196,35.0141901],[126.7709218,35.0141948],[126.770963,35.014284],[126.7710899,35.0144327],[126.7711003,35.0144421],[126.7711134,35.014454],[126.7712655,35.0146145],[126.7714415,35.0148002],[126.7714933,35.0148548],[126.7716201,35.0149886],[126.7716483,35.0150155],[126.7717897,35.0151502],[126.7718962,35.0153091],[126.771904,35.0153244],[126.771958,35.0154308],[126.7719816,35.0154772],[126.7720895,35.0156356],[126.7721701,35.0157689],[126.7721878,35.015798],[126.7722599,35.0159714],[126.7722658,35.0159817],[126.7723184,35.0160732],[126.7724335,35.0162734],[126.7724357,35.0162772],[126.7725123,35.0164105],[126.7725427,35.0164633],[126.7727432,35.0167862],[126.7727797,35.0168685],[126.7728133,35.0169442],[126.7728469,35.0170025],[126.7729103,35.0171126],[126.7729149,35.0171206],[126.7729663,35.017301],[126.7729842,35.0173392],[126.7730411,35.0174657],[126.7730413,35.0174662],[126.7730781,35.0175625],[126.7731157,35.017661],[126.7731163,35.0176723],[126.7731167,35.0176814],[126.7731124,35.0176984],[126.7730965,35.0177221],[126.7730632,35.017743],[126.7730644,35.0177451],[126.7730678,35.0177512],[126.7730911,35.0177933],[126.7731048,35.0178181],[126.7731075,35.0178229],[126.7731107,35.0178286],[126.7731245,35.0178536],[126.7731314,35.0178661],[126.7731546,35.0178678],[126.773155,35.0178678],[126.7731902,35.017878],[126.7732111,35.0178939],[126.7732214,35.0179016],[126.7733071,35.0180682],[126.773427,35.0183212],[126.7734369,35.0183488],[126.7734467,35.0183756],[126.7734711,35.0184166],[126.7735329,35.0185203],[126.7735439,35.0185388],[126.7736087,35.0186477],[126.773681,35.0187689],[126.7736888,35.0187657],[126.7737258,35.0188335],[126.7739885,35.0193155],[126.7740617,35.0194498],[126.7740867,35.0194957],[126.7741081,35.0195348],[126.7741502,35.0196121],[126.7741958,35.0196957],[126.7742225,35.0197446],[126.7742215,35.01976],[126.7742202,35.0197808],[126.7742165,35.0198403],[126.774222,35.0198517],[126.7742661,35.0199436],[126.7743356,35.0200887],[126.7743667,35.0201535],[126.7743704,35.0201785],[126.7743779,35.0202297],[126.774393,35.0203332],[126.7743938,35.0203386],[126.7744504,35.0204363],[126.7744886,35.0205023],[126.7745224,35.0205698],[126.7745723,35.0206694],[126.7746799,35.0208294],[126.7746846,35.0208401],[126.7747549,35.0209994],[126.7748187,35.0211727],[126.7748806,35.0212961],[126.7749024,35.0213396],[126.7750005,35.0215021],[126.7751067,35.021701],[126.775144,35.0217709],[126.7751615,35.0218037],[126.7751771,35.0218329],[126.7752437,35.0219343],[126.7752453,35.0219368],[126.7753076,35.0220316],[126.7753308,35.0220668],[126.7753388,35.0220792],[126.7753414,35.022083],[126.775381,35.0221428],[126.7753821,35.0221449],[126.7754167,35.0222136],[126.7754201,35.0222204],[126.7754399,35.022268],[126.7754421,35.022273],[126.7754645,35.0223222],[126.7755044,35.022453],[126.7755122,35.0224755],[126.7755443,35.0225864],[126.7756804,35.0230251],[126.7757162,35.0231844],[126.7757165,35.0231858],[126.7757207,35.0232048],[126.7757716,35.0233677],[126.7758004,35.0234737],[126.7758226,35.0235557],[126.7758741,35.0236316],[126.7758783,35.0236421],[126.7758804,35.0236472],[126.7758945,35.0237282],[126.7759231,35.0237698],[126.7759323,35.0237832],[126.7760039,35.0238873],[126.7760055,35.0238911],[126.7760148,35.023913],[126.7760339,35.023958],[126.7760401,35.0239724],[126.7760665,35.0240347],[126.7760762,35.0240575],[126.7761154,35.02412],[126.7761774,35.0242191],[126.7762704,35.0243832],[126.7763401,35.0245304],[126.7763415,35.0245279],[126.7764062,35.0246833],[126.776403,35.0246868],[126.7764843,35.0248946],[126.7765494,35.0251394],[126.776552,35.025149],[126.7765552,35.0251611],[126.7766035,35.0253549],[126.77663,35.0253761],[126.7766565,35.0253974],[126.7766663,35.0254156],[126.7767193,35.0254806],[126.7767196,35.0254809],[126.7767591,35.0255293],[126.7767623,35.0255363],[126.7767673,35.0255477],[126.7768249,35.0256766],[126.7768393,35.0257091],[126.7768459,35.0257284],[126.7768511,35.025744],[126.7768733,35.0257852],[126.7769179,35.0258852],[126.7769226,35.0258958],[126.7769296,35.0259237],[126.7769429,35.0259762],[126.7769458,35.0259878],[126.7769545,35.0260223],[126.7769611,35.0260675],[126.7769649,35.0260935],[126.7770197,35.0262689],[126.7770859,35.026441],[126.7771161,35.0264917],[126.777183,35.0266038],[126.7772718,35.0267691],[126.7773027,35.0268467],[126.77734,35.0269405],[126.7773465,35.0269608],[126.7773532,35.0269817],[126.7773679,35.027028],[126.777393,35.0271005],[126.7774029,35.0271294],[126.7774262,35.0271969],[126.7774273,35.0272001],[126.7774316,35.0272125],[126.7774579,35.0272888],[126.7775427,35.0274531],[126.7775437,35.027455],[126.7776459,35.0276163],[126.7777285,35.0277833],[126.7778932,35.0280225],[126.7779075,35.0280433],[126.7779223,35.028078],[126.7779256,35.0280857],[126.7781059,35.0285066],[126.7781007,35.0285193],[126.7780732,35.0285862],[126.7780683,35.0285979],[126.7780468,35.0286501],[126.7781166,35.0286946],[126.7782127,35.028756],[126.7782494,35.0288401],[126.7781885,35.0288829],[126.7781789,35.0288897],[126.7781895,35.0289186],[126.778194,35.0289308],[126.7782456,35.0289376],[126.7782857,35.028943],[126.7783708,35.0289542],[126.7783733,35.0289632],[126.7783764,35.0289748],[126.7783884,35.0290192],[126.7783959,35.0290469],[126.7784111,35.0291031],[126.7784262,35.0291588],[126.7784436,35.0292232],[126.7784619,35.0292744],[126.7784874,35.0293459],[126.7785643,35.0295614],[126.7785824,35.029612],[126.7785916,35.0296473],[126.7786106,35.0297206],[126.7786417,35.0298376],[126.7786683,35.0299376],[126.7786693,35.0299415],[126.778698,35.0300571],[126.7787182,35.0301352],[126.778731,35.0301846],[126.7787414,35.0302354],[126.778767,35.0303616],[126.7787711,35.0303984],[126.778773,35.0304153],[126.7787752,35.030434],[126.7787771,35.030451],[126.7787821,35.0304957],[126.7787826,35.030509],[126.7787876,35.0306437],[126.7787931,35.0307933],[126.7787944,35.0308289],[126.778795,35.0308436],[126.7787786,35.0308549],[126.7787555,35.0308708],[126.7787379,35.0308829],[126.7787282,35.0308895],[126.7787324,35.0309299],[126.7787627,35.0309444],[126.7787683,35.0309471],[126.7787988,35.0309616],[126.7788,35.0309969],[126.7787959,35.0310618],[126.7787876,35.0311928],[126.7787805,35.0313044],[126.778777,35.0315444],[126.7787766,35.0315698],[126.7787758,35.0316236],[126.7787755,35.03165],[126.7787748,35.0316937],[126.7787645,35.0317287],[126.7787526,35.0317691],[126.7787402,35.0318113],[126.7787247,35.0319477],[126.7787244,35.0319501],[126.7787137,35.0320287],[126.7787072,35.032076],[126.778707,35.0320777],[126.7787063,35.0320829],[126.7787391,35.0320925],[126.7787971,35.0321097],[126.7788163,35.0321153],[126.7790488,35.032184],[126.7791692,35.0322195],[126.7791715,35.0322202],[126.7794522,35.0322944],[126.779616,35.0323376],[126.7796241,35.0323397],[126.7796267,35.0323404],[126.7801408,35.0324695],[126.780389,35.0325248],[126.7805004,35.0325497],[126.7807636,35.0326084],[126.780781,35.032612],[126.7808217,35.0326203],[126.7811815,35.0326939],[126.7811861,35.0326948],[126.781262,35.0327104],[126.7814348,35.0327415],[126.7815499,35.0327622],[126.7815675,35.0327654],[126.7818325,35.0328131],[126.7820179,35.032842],[126.7821647,35.0328649],[126.7822003,35.0328704],[126.7822284,35.0328748],[126.7822608,35.0328798],[126.7822918,35.0328847],[126.7823493,35.0328936],[126.782422,35.0329037],[126.7825347,35.0329192],[126.7828196,35.0329585],[126.7828706,35.0329641],[126.7829844,35.0329766],[126.7830308,35.0329823],[126.7832838,35.0330136],[126.7833299,35.0330194],[126.7834274,35.0330314],[126.7834869,35.0330388],[126.7836971,35.0330585],[126.7837755,35.0330658],[126.7839074,35.0330781],[126.7841438,35.033097],[126.7841836,35.0331002],[126.7843413,35.0331128],[126.7846071,35.0331301],[126.7846126,35.0331304],[126.7846404,35.0331318],[126.7849311,35.0331464],[126.7852065,35.0331603],[126.7853431,35.033164],[126.7857042,35.0331738],[126.785707,35.0331711],[126.7857093,35.0331689],[126.7857556,35.033124],[126.7858081,35.0330732],[126.7858373,35.0330498],[126.7858972,35.0330018],[126.7859686,35.0329555],[126.7859484,35.0329949],[126.7859098,35.0330704],[126.7858504,35.033122],[126.7858737,35.0331409],[126.7858288,35.0332286],[126.7856796,35.033302],[126.7856434,35.0333198],[126.7856415,35.0333207],[126.7856267,35.0333273],[126.7853832,35.0334374],[126.7852692,35.033489],[126.7851151,35.0335586],[126.7850638,35.0335885],[126.7847261,35.0337903],[126.7846738,35.0338138],[126.7846528,35.0338253],[126.7844949,35.0338958],[126.7842988,35.0340142],[126.78409,35.0341358],[126.7836322,35.0342629],[126.7835523,35.0342658],[126.7832302,35.0342786],[126.7832281,35.0342787],[126.783223,35.0342789],[126.7829936,35.034283],[126.7828974,35.0343508],[126.782895,35.0343545],[126.7828014,35.0344978],[126.7827542,35.0345451],[126.7826784,35.0346963],[126.7826107,35.034944],[126.7825735,35.03508],[126.782565,35.0351113],[126.7825546,35.0351391],[126.7824967,35.0352949],[126.7824055,35.0355402],[126.7824266,35.0358574],[126.78244,35.0360679],[126.7824649,35.036458],[126.7824337,35.0365571],[126.7824406,35.0366389],[126.7824368,35.0367363],[126.7823754,35.0368007],[126.782355,35.0368221],[126.7823219,35.0368706],[126.7823076,35.0368906],[126.7822856,35.0369071],[126.7822118,35.0369738],[126.7822528,35.0369734],[126.7822814,35.036961],[126.7822893,35.0369882],[126.782261,35.0370262],[126.7822499,35.0370536],[126.782234,35.0370929],[126.782227,35.0371558],[126.7822259,35.0371655],[126.7821969,35.0372138],[126.782183,35.037255],[126.7821442,35.0373706],[126.7821281,35.0374421],[126.7821236,35.0374555],[126.7821165,35.0374767],[126.7820524,35.0374461],[126.7820242,35.0374327],[126.7818187,35.0373318],[126.7815793,35.0371763],[126.7815291,35.0372265],[126.7814908,35.0372649],[126.7814411,35.0373384],[126.7814312,35.0373883],[126.7811954,35.0376417],[126.7809087,35.0379059],[126.7806805,35.0380843],[126.7806218,35.0381155],[126.7805206,35.0382031],[126.7804096,35.0382992],[126.7803541,35.038393],[126.7803278,35.0384416],[126.7803083,35.0384955],[126.7803107,35.03864],[126.7804522,35.0390982],[126.7804606,35.039119],[126.7806014,35.039271],[126.780582,35.0392943],[126.7805542,35.0393077],[126.7804267,35.0394949],[126.7803551,35.0396033],[126.7806017,35.0397464],[126.7806787,35.0397696],[126.7808173,35.0398594],[126.7810049,35.0399512],[126.7810992,35.0399925],[126.7812364,35.0400337],[126.7814501,35.0401175],[126.7814896,35.0401312],[126.7816179,35.0401759],[126.7818312,35.0402524],[126.7824235,35.0406229],[126.7824425,35.0407687],[126.7824909,35.0409952],[126.7822827,35.0412302],[126.782289,35.0412571],[126.7823329,35.0413296],[126.7823753,35.041403],[126.7824758,35.0415696],[126.7825794,35.0417071],[126.7826623,35.0421815],[126.7826635,35.0422169],[126.782664,35.0422327],[126.7826234,35.042373],[126.7826156,35.0424001],[126.7824579,35.0424925],[126.7825266,35.0425686],[126.7825293,35.0425712],[126.782655,35.0426879],[126.7826335,35.0427374],[126.7826732,35.0428195],[126.7826882,35.0428816],[126.7827515,35.0429436],[126.7827291,35.0429771],[126.7826845,35.0430423],[126.7826865,35.0431883],[126.7826909,35.0432402],[126.7827282,35.0432743],[126.782738,35.0433453],[126.7827643,35.0434094],[126.7827636,35.0435561],[126.7827446,35.0436098],[126.7827354,35.043672],[126.7827129,35.0437175],[126.7826457,35.0437987],[126.7825884,35.0438254],[126.7825622,35.0438513],[126.782517,35.0438853],[126.7823861,35.043977],[126.7823242,35.0440205],[126.7821897,35.0441362],[126.7821416,35.0441998],[126.7820675,35.0442614],[126.7820471,35.0443155],[126.782036,35.0443701],[126.7820286,35.0444176],[126.7820294,35.044545],[126.7820363,35.0445916],[126.7820302,35.0446154],[126.7820045,35.0446145],[126.7819985,35.044648],[126.781983,35.0447414],[126.7819796,35.0447565],[126.7819614,35.0448278],[126.781943,35.0449177],[126.7819757,35.0449524],[126.781982,35.0449603],[126.7820025,35.0450253],[126.7820277,35.0450907],[126.7820815,35.0452212],[126.7820848,35.0453004],[126.7821163,35.0453725],[126.7821206,35.0454761],[126.7821343,35.0455255],[126.7821558,35.045549],[126.7821844,35.0455825],[126.7821826,35.0456222],[126.7822971,35.045699],[126.7823221,35.0457316],[126.7823861,35.045827],[126.7823864,35.0458464],[126.7823196,35.0458775],[126.7822591,35.0459277],[126.7822137,35.0459553],[126.7821419,35.0460016],[126.7820798,35.0460531],[126.782125,35.046135],[126.7821471,35.0461688],[126.7821776,35.0461705],[126.7822292,35.0461717],[126.7822655,35.0461624],[126.7823531,35.0462043],[126.7825029,35.0462936],[126.7825298,35.0463067],[126.7824488,35.0463729],[126.7823601,35.0464755],[126.7822894,35.046618],[126.7822569,35.0466704],[126.7822223,35.0467085],[126.7821904,35.0467292],[126.7821045,35.0467549],[126.7820415,35.0467843],[126.7818853,35.046876],[126.7817074,35.0470494],[126.7816407,35.0471348],[126.7816014,35.0471784],[126.7813075,35.047375],[126.7811666,35.0475274],[126.7811075,35.0476673],[126.781042,35.0481424],[126.7810439,35.0483118],[126.7811391,35.0488827],[126.7812037,35.0491048],[126.7811259,35.0496067],[126.7811038,35.0496317],[126.7809042,35.049857],[126.7804148,35.0503868],[126.7801079,35.0506561],[126.7800282,35.0509591],[126.7799698,35.0511089],[126.7798727,35.0512284],[126.7794454,35.0514257],[126.7788135,35.0517992],[126.7785629,35.0519473],[126.7781892,35.0519737],[126.7773535,35.0518696],[126.7768174,35.0518949],[126.7768106,35.0518952],[126.7763392,35.0520821],[126.7761638,35.0523615],[126.7763971,35.0528364],[126.7764049,35.0528458],[126.7766429,35.0531329],[126.7763461,35.0529515],[126.7761033,35.052803],[126.7759032,35.0527726],[126.7758546,35.0527652],[126.7755077,35.0527163],[126.7748969,35.0526697],[126.7744173,35.0527196]]]}},
{"type":"Feature","properties":{"BASE_DATE":"20250630","ADM_CD":"36040400","ADM_NM":"산포면"},"geometry":{"type":"Polygon","coordinates":[[[126.7960908,35.0603796],[126.7960846,35.060404],[126.7960574,35.0605115],[126.7959601,35.0607256],[126.795943,35.0607633],[126.7957626,35.060927],[126.7955499,35.061039],[126.7955005,35.0610663],[126.7953101,35.0611053],[126.7952277,35.0611222],[126.7950501,35.0611225],[126.7948957,35.0611229],[126.7946227,35.0610365],[126.7943859,35.0608623],[126.7943143,35.0608063],[126.7943074,35.0607989],[126.7942861,35.0607765],[126.7942588,35.0607484],[126.7940283,35.0605132],[126.7938316,35.0602949],[126.7937851,35.0602312],[126.7935882,35.0601239],[126.7934174,35.060075],[126.7930871,35.0600493],[126.7929705,35.0600399],[126.7928101,35.0600269],[126.792755,35.0600225],[126.7925269,35.060031],[126.7925202,35.0600342],[126.7924389,35.0600602],[126.7921345,35.0601577],[126.7920193,35.0601933],[126.7919559,35.0602148],[126.7918943,35.0602356],[126.7917561,35.0603067],[126.7915675,35.0604882],[126.7913861,35.0604467],[126.7913659,35.0604318],[126.7912255,35.060337],[126.7911465,35.060237],[126.7910531,35.0601129],[126.7909888,35.0598168],[126.7909603,35.0596783],[126.7908943,35.0595132],[126.7908227,35.0593973],[126.7907391,35.0592634],[126.7906546,35.0591979],[126.7905134,35.0591488],[126.7905003,35.0591457],[126.7903366,35.0591621],[126.7903135,35.0591645],[126.7901967,35.0591736],[126.7901882,35.0591711],[126.7900669,35.0591355],[126.7897596,35.059021],[126.7896484,35.0590349],[126.7896315,35.0590323],[126.7895181,35.0590424],[126.7893834,35.058986],[126.7887984,35.0584975],[126.7887433,35.0584549],[126.7886975,35.0584303],[126.7886851,35.0583927],[126.7886572,35.0583256],[126.7886124,35.0581996],[126.7885193,35.0579887],[126.7885062,35.057969],[126.7885038,35.0579614],[126.7884437,35.0578782],[126.7884188,35.0578355],[126.788405,35.0578136],[126.7883708,35.0577951],[126.7882838,35.0577252],[126.7882594,35.0576867],[126.7882551,35.05768],[126.7881784,35.057612],[126.7881329,35.0575755],[126.7880776,35.0575642],[126.7880072,35.0575368],[126.7879881,35.0575294],[126.7878625,35.0574527],[126.7878041,35.0574237],[126.7877438,35.0574554],[126.7875793,35.0574796],[126.7874332,35.0574077],[126.7873888,35.0574273],[126.7873569,35.0574304],[126.7873268,35.0574291],[126.7873083,35.0574283],[126.7870755,35.0574147],[126.7870528,35.0573998],[126.7870528,35.057321],[126.7870529,35.0572814],[126.7870135,35.0572576],[126.7867583,35.0571034],[126.7867311,35.0570936],[126.7866777,35.0570743],[126.7865252,35.0570191],[126.7865238,35.0570178],[126.786496,35.0569965],[126.7864808,35.0569874],[126.7862219,35.0567954],[126.7862003,35.056778],[126.7859799,35.0565995],[126.7857818,35.05647],[126.7857538,35.056367],[126.7857124,35.0562149],[126.7857084,35.056103],[126.7856577,35.0559698],[126.7855675,35.0558763],[126.7854986,35.0558109],[126.7854922,35.0558048],[126.785211,35.0556458],[126.7851988,35.0556388],[126.7850631,35.0555601],[126.7849217,35.0555273],[126.7847041,35.0554814],[126.7846434,35.0554803],[126.7845101,35.0554778],[126.7842224,35.055335],[126.7841948,35.0553239],[126.7839623,35.0552299],[126.7837989,35.0551695],[126.7837841,35.0551678],[126.7836717,35.0551546],[126.7835394,35.0551975],[126.783529,35.0552121],[126.7834467,35.0552759],[126.783322,35.0553146],[126.7832168,35.0552875],[126.7831543,35.0552657],[126.7830735,35.0551338],[126.7829437,35.0549218],[126.7826675,35.0546361],[126.7824596,35.0543902],[126.7823484,35.0543131],[126.7822405,35.0542601],[126.7820858,35.0541632],[126.7818223,35.0539949],[126.781587,35.0538446],[126.7813385,35.0539003],[126.781336,35.0539009],[126.7809245,35.0539932],[126.7807115,35.0540818],[126.780538,35.0541539],[126.7797784,35.0542659],[126.7789968,35.0542423],[126.778884,35.0542389],[126.7787345,35.0541928],[126.7786854,35.0541777],[126.7785402,35.0541328],[126.778042,35.053988],[126.7766754,35.0531528],[126.7766429,35.0531329],[126.7764049,35.0528458],[126.7763971,35.0528364],[126.7761638,35.0523615],[126.7763392,35.0520821],[126.7768106,35.0518952],[126.7768174,35.0518949],[126.7773535,35.0518696],[126.7781892,35.0519737],[126.7785629,35.0519473],[126.7788135,35.0517992],[126.7794454,35.0514257],[126.7798727,35.0512284],[126.7799698,35.0511089],[126.7800282,35.0509591],[126.7801079,35.0506561],[126.7804148,35.0503868],[126.7809042,35.049857],[126.7811038,35.0496317],[126.7811259,35.0496067],[126.7812037,35.0491048],[126.7811391,35.0488827],[126.7810439,35.0483118],[126.781042,35.0481424],[126.7811075,35.0476673],[126.7811666,35.0475274],[126.7813075,35.047375],[126.7816014,35.0471784],[126.7816407,35.0471348],[126.7817074,35.0470494],[126.7818853,35.046876],[126.7820415,35.0467843],[126.7821045,35.0467549],[126.7821904,35.0467292],[126.7822223,35.0467085],[126.7822569,35.0466704],[126.7822894,35.046618],[126.7823601,35.0464755],[126.7824488,35.0463729],[126.7825298,35.0463067],[126.7825029,35.0462936],[126.7823531,35.0462043],[126.7822655,35.0461624],[126.7822292,35.0461717],[126.7821776,35.0461705],[126.7821471,35.0461688],[126.782125,35.046135],[126.7820798,35.0460531],[126.7821419,35.0460016],[126.7822137,35.0459553],[126.7822591,35.0459277],[126.7823196,35.0458775],[126.7823864,35.0458464],[126.7823861,35.045827],[126.7823221,35.0457316],[126.7822971,35.045699],[126.7821826,35.0456222],[126.7821844,35.0455825],[126.7821558,35.045549],[126.7821343,35.0455255],[126.7821206,35.0454761],[126.7821163,35.0453725],[126.7820848,35.0453004],[126.7820815,35.0452212],[126.7820277,35.0450907],[126.7820025,35.0450253],[126.781982,35.0449603],[126.7819757,35.0449524],[126.781943,35.0449177],[126.7819614,35.0448278],[126.7819796,35.0447565],[126.781983,35.0447414],[126.7819985,35.044648],[126.7820045,35.0446145],[126.7820302,35.0446154],[126.7820363,35.0445916],[126.7820294,35.044545],[126.7820286,35.0444176],[126.782036,35.0443701],[126.7820471,35.0443155],[126.7820675,35.0442614],[126.7821416,35.0441998],[126.7821897,35.0441362],[126.7823242,35.0440205],[126.7823861,35.043977],[126.782517,35.0438853],[126.7825622,35.0438513],[126.7825884,35.0438254],[126.7826457,35.0437987],[126.7827129,35.0437175],[126.7827354,35.043672],[126.7827446,35.0436098],[126.7827636,35.0435561],[126.7827643,35.0434094],[126.782738,35.0433453],[126.7827282,35.0432743],[126.7826909,35.0432402],[126.7826865,35.0431883],[126.7826845,35.0430423],[126.7827291,35.0429771],[126.7827515,35.0429436],[126.7826882,35.0428816],[126.7826732,35.0428195],[126.7826335,35.0427374],[126.782655,35.0426879],[126.7825293,35.0425712],[126.7825266,35.0425686],[126.7824579,35.0424925],[126.7826156,35.0424001],[126.7826234,35.042373],[126.782664,35.0422327],[126.7826635,35.0422169],[126.7826623,35.0421815],[126.7825794,35.0417071],[126.7824758,35.0415696],[126.7823753,35.041403],[126.7823329,35.0413296],[126.782289,35.0412571],[126.7822827,35.0412302],[126.7824909,35.0409952],[126.7824425,35.0407687],[126.7824235,35.0406229],[126.7818312,35.0402524],[126.7816179,35.0401759],[126.7814896,35.0401312],[126.7814501,35.0401175],[126.7812364,35.0400337],[126.7810992,35.0399925],[126.7810049,35.0399512],[126.7808173,35.0398594],[126.7806787,35.0397696],[126.7806017,35.0397464],[126.7803551,35.0396033],[126.7804267,35.0394949],[126.7805542,35.0393077],[126.780582,35.0392943],[126.7806014,35.039271],[126.7804606,35.039119],[126.7804522,35.0390982],[126.7803107,35.03864],[126.7803083,35.0384955],[126.7803278,35.0384416],[126.7803541,35.038393],[126.7804096,35.0382992],[126.7805206,35.0382031],[126.7806218,35.0381155],[126.7806805,35.0380843],[126.7809087,35.0379059],[126.7811954,35.0376417],[126.7814312,35.0373883],[126.7814411,35.0373384],[126.7814908,35.0372649],[126.7815291,35.0372265],[126.7815793,35.0371763],[126.7818187,35.0373318],[126.7820242,35.0374327],[126.7820524,35.0374461],[126.7821165,35.0374767],[126.7821236,35.0374555],[126.7821281,35.0374421],[126.7821442,35.0373706],[126.782183,35.037255],[126.7821969,35.0372138],[126.7822259,35.0371655],[126.782227,35.0371558],[126.782234,35.0370929],[126.7822499,35.0370536],[126.782261,35.0370262],[126.7822893,35.0369882],[126.7822814,35.036961],[126.7822528,35.0369734],[126.7822118,35.0369738],[126.7822856,35.0369071],[126.7823076,35.0368906],[126.7823219,35.0368706],[126.782355,35.0368221],[126.7823754,35.0368007],[126.7824368,35.0367363],[126.7824406,35.0366389],[126.7824337,35.0365571],[126.7824649,35.036458],[126.78244,35.0360679],[126.7824266,35.0358574],[126.7824055,35.0355402],[126.7824967,35.0352949],[126.7825546,35.0351391],[126.782565,35.0351113],[126.7825735,35.03508],[126.7826107,35.034944],[126.7826784,35.0346963],[126.7827542,35.0345451],[126.7828014,35.0344978],[126.782895,35.0343545],[126.7828974,35.0343508],[126.7829936,35.034283],[126.783223,35.0342789],[126.7832281,35.0342787],[126.7832302,35.0342786],[126.7835523,35.0342658],[126.7836322,35.0342629],[126.78409,35.0341358],[126.7842988,35.0340142],[126.7844949,35.0338958],[126.7846528,35.0338253],[126.7846738,35.0338138],[126.7847261,35.0337903],[126.7850638,35.0335885],[126.7851151,35.0335586],[126.7852692,35.033489],[126.7853832,35.0334374],[126.7856267,35.0333273],[126.7856415,35.0333207],[126.7856434,35.0333198],[126.7856796,35.033302],[126.7858288,35.0332286],[126.7858737,35.0331409],[126.7858504,35.033122],[126.7859098,35.0330704],[126.7859484,35.0329949],[126.7859686,35.0329555],[126.7861437,35.0328418],[126.7862092,35.0327993],[126.7862307,35.0327789],[126.7862575,35.0327536],[126.7862911,35.0326897],[126.7863703,35.032647],[126.7863959,35.0326332],[126.7866354,35.0321584],[126.7866515,35.0321266],[126.7866733,35.0319552],[126.7866749,35.0319427],[126.7866634,35.0319396],[126.7866483,35.0319354],[126.7866924,35.0318429],[126.7867131,35.0318084],[126.7867349,35.0317787],[126.7867875,35.0317071],[126.7868695,35.0315956],[126.7868818,35.0315839],[126.7869414,35.0315139],[126.7869925,35.031449],[126.787025,35.0313959],[126.7870663,35.031333],[126.7871914,35.031134],[126.7872662,35.0309986],[126.7872868,35.0309662],[126.7873373,35.0308976],[126.7873494,35.0308772],[126.787354,35.0308466],[126.7873704,35.0307886],[126.7874294,35.03058],[126.7874712,35.0305225],[126.7874438,35.0305175],[126.787543,35.0303416],[126.7875713,35.0302163],[126.7877748,35.0298209],[126.7877987,35.0298341],[126.7878314,35.0297788],[126.7878402,35.0297855],[126.7880073,35.029913],[126.7880259,35.0299272],[126.7882026,35.0300574],[126.7885639,35.0302991],[126.7886307,35.0304428],[126.7886508,35.0304647],[126.788701,35.0305196],[126.7887723,35.0305188],[126.7889531,35.0305565],[126.7890862,35.0305978],[126.7892321,35.0306629],[126.789397,35.0307454],[126.7896052,35.0308698],[126.7897534,35.0309573],[126.7897678,35.0309623],[126.7899078,35.0310189],[126.7899175,35.031024],[126.7899876,35.0309235],[126.7900256,35.030803],[126.7900382,35.0307282],[126.789984,35.0306135],[126.7899316,35.0305344],[126.7899012,35.0305238],[126.7898776,35.0305014],[126.7898412,35.0304977],[126.7898176,35.0304737],[126.7898423,35.030467],[126.7898363,35.0304555],[126.7898108,35.0304068],[126.7897461,35.0302824],[126.7897447,35.0302798],[126.7896439,35.0300948],[126.7894962,35.0299253],[126.7894711,35.0298463],[126.7894352,35.0297336],[126.7894348,35.0297278],[126.7894254,35.0295848],[126.7895376,35.0294764],[126.7896712,35.0293961],[126.7897561,35.0293463],[126.7897857,35.0293289],[126.789948,35.0292333],[126.7899476,35.0292437],[126.7899669,35.0292449],[126.7900533,35.0292505],[126.7901563,35.0292282],[126.7903847,35.0292578],[126.7905749,35.0293589],[126.790653,35.0293895],[126.7907897,35.0294875],[126.7908579,35.0295164],[126.7910784,35.0296112],[126.7910677,35.0297492],[126.7910264,35.0297744],[126.7909445,35.0298589],[126.7908199,35.0299871],[126.7907594,35.030061],[126.7907341,35.0301003],[126.7907036,35.0301863],[126.7906677,35.0302301],[126.7906445,35.0302733],[126.7906285,35.0303712],[126.7906294,35.0304383],[126.7906344,35.0305069],[126.7906396,35.0305245],[126.7906498,35.0305587],[126.7906988,35.0306695],[126.7907005,35.0306733],[126.7907257,35.0307706],[126.7907223,35.0308439],[126.7906962,35.0308711],[126.7906942,35.0308732],[126.7907799,35.0312508],[126.790612,35.0313043],[126.7906132,35.0312913],[126.790594,35.0313092],[126.7905949,35.0313125],[126.7906037,35.0313447],[126.7906107,35.0313703],[126.790616,35.0313898],[126.7906258,35.0314109],[126.7906612,35.031487],[126.7906923,35.0315561],[126.7907467,35.0316218],[126.7908072,35.0317036],[126.7908212,35.0317041],[126.7908426,35.031705],[126.7908756,35.0317063],[126.7908927,35.031707],[126.7909053,35.0317075],[126.7910007,35.0317277],[126.7911557,35.0317622],[126.791256,35.0317578],[126.7912843,35.0317401],[126.7912999,35.0317489],[126.791376,35.0317285],[126.7913949,35.0317372],[126.7914304,35.0317275],[126.7915539,35.0316592],[126.79161,35.0316141],[126.7916175,35.0315977],[126.7916122,35.0315624],[126.7916566,35.0315381],[126.7916843,35.031542],[126.7917131,35.031521],[126.7917044,35.0314934],[126.7918189,35.0314096],[126.7919987,35.0313704],[126.7920009,35.0313711],[126.7920141,35.031335],[126.7920639,35.0313087],[126.7920657,35.0312955],[126.7920654,35.0312811],[126.7920684,35.0312681],[126.7920785,35.031264],[126.7920869,35.03126],[126.7921302,35.0312398],[126.7921374,35.0312374],[126.7921404,35.0312385],[126.7921937,35.0312316],[126.7922104,35.0312325],[126.7922122,35.0312326],[126.7922141,35.0312053],[126.7923616,35.0312073],[126.7923841,35.0312393],[126.792417,35.0313146],[126.7923921,35.0313244],[126.792396,35.0313497],[126.7924259,35.0313985],[126.792405,35.0314073],[126.7924014,35.0314085],[126.7924036,35.0314157],[126.7924169,35.0314283],[126.7924241,35.0314353],[126.7924421,35.0314319],[126.792448,35.031432],[126.7924948,35.0315149],[126.7924905,35.0315165],[126.7924872,35.0315327],[126.7924797,35.0315506],[126.7924679,35.0315529],[126.7924847,35.0315721],[126.792532,35.0316262],[126.7925342,35.0316326],[126.7925529,35.031686],[126.7925291,35.0317326],[126.7924558,35.0317735],[126.7923907,35.0318537],[126.7923371,35.0318933],[126.7923287,35.0319151],[126.792322,35.0319325],[126.7922786,35.0319844],[126.7922685,35.0320016],[126.7922651,35.0320082],[126.7922681,35.0320583],[126.7922781,35.0320946],[126.7922672,35.0321823],[126.7922577,35.0322228],[126.7922594,35.0322286],[126.7922589,35.0322509],[126.7925488,35.0323052],[126.792817,35.0323963],[126.7929944,35.0324199],[126.7930194,35.0323826],[126.7930497,35.0323908],[126.7930725,35.0323969],[126.793083,35.0323997],[126.7931131,35.0324079],[126.7931148,35.0324083],[126.7931372,35.0324144],[126.7931401,35.0324152],[126.7931424,35.0324129],[126.7931606,35.0323944],[126.7932034,35.0323507],[126.7933327,35.0323194],[126.7934307,35.0322915],[126.7936192,35.0322679],[126.7937944,35.0323093],[126.793906,35.0323363],[126.7940217,35.0323633],[126.7941485,35.0323943],[126.7942584,35.032401],[126.7944005,35.0323803],[126.7946067,35.0323401],[126.7948287,35.0322933],[126.7949889,35.0322625],[126.7949911,35.0322695],[126.7950418,35.0322582],[126.795046,35.0322588],[126.795094,35.0322554],[126.7953308,35.0322093],[126.795484,35.0321517],[126.7955239,35.0321363],[126.7955709,35.0321183],[126.7955841,35.0321309],[126.795606,35.0321521],[126.7956669,35.0321505],[126.7957233,35.0321288],[126.7957961,35.0321186],[126.7958236,35.0321148],[126.7959204,35.0321139],[126.7959408,35.0321159],[126.7960259,35.0321245],[126.7960343,35.0321254],[126.7961133,35.0321333],[126.7961396,35.032136],[126.7962404,35.0321123],[126.7963462,35.03205],[126.7963579,35.0320431],[126.7963665,35.032038],[126.7964599,35.031932],[126.7966206,35.0317463],[126.796792,35.031545],[126.7968154,35.0315202],[126.7967919,35.0314819],[126.7967846,35.0314756],[126.7967998,35.0314482],[126.7968098,35.0314302],[126.7968205,35.0314152],[126.796904,35.0312682],[126.7969949,35.0311006],[126.7970474,35.0309987],[126.7970803,35.0309346],[126.7971217,35.0308597],[126.7971378,35.0308306],[126.797171,35.0307905],[126.7971633,35.0307842],[126.7971708,35.0307706],[126.7972247,35.0306688],[126.7972574,35.030607],[126.7973708,35.0304467],[126.7974197,35.0303907],[126.79752,35.0302853],[126.7974527,35.0302256],[126.7974574,35.0302225],[126.7974762,35.0302098],[126.7975047,35.0301906],[126.7975635,35.0301489],[126.7976407,35.0300841],[126.7977889,35.0299436],[126.797839,35.0299071],[126.7978964,35.0299069],[126.7979372,35.0299212],[126.7979382,35.0301333],[126.7979376,35.0305],[126.7979373,35.0306934],[126.7979372,35.0307387],[126.7979409,35.0307327],[126.7980089,35.0306197],[126.7980679,35.0304855],[126.7981518,35.0302936],[126.7981823,35.0302266],[126.7982171,35.0301501],[126.7982824,35.0299537],[126.798347,35.0298213],[126.7983496,35.0297826],[126.7983727,35.0297563],[126.7983793,35.0297375],[126.7982238,35.0296498],[126.7981392,35.0296025],[126.7980832,35.0295637],[126.7980644,35.0295467],[126.7980298,35.0295152],[126.7980007,35.0292886],[126.7979973,35.0291968],[126.7980025,35.0291898],[126.7980282,35.0291558],[126.7980508,35.0291126],[126.7981125,35.0289931],[126.7982076,35.028831],[126.7982633,35.0287331],[126.7983274,35.0286111],[126.7983502,35.0285675],[126.7984432,35.0284044],[126.7985168,35.0282702],[126.7985334,35.02824],[126.7986251,35.0280752],[126.7986692,35.027963],[126.7986932,35.0279017],[126.7987082,35.0278669],[126.7987397,35.0277931],[126.7987458,35.0277789],[126.7987662,35.0277312],[126.7987689,35.0277252],[126.7988402,35.0275618],[126.798933,35.0273984],[126.7989847,35.0272794],[126.7989907,35.0272658],[126.7990074,35.0272274],[126.799044,35.0271459],[126.7990474,35.0271377],[126.7990503,35.027131],[126.7990669,35.0270953],[126.7990738,35.0270804],[126.7990803,35.0270546],[126.7990843,35.0270438],[126.7990886,35.0270322],[126.7990916,35.0270243],[126.7990947,35.0270159],[126.7991512,35.0270067],[126.7991613,35.0270051],[126.7991806,35.0269827],[126.7991933,35.0269678],[126.7992685,35.0268802],[126.7993752,35.0267555],[126.7993968,35.0267302],[126.7994544,35.0266829],[126.7995232,35.0265949],[126.7996299,35.0264332],[126.7997019,35.0263136],[126.7998217,35.0261274],[126.799835,35.0261068],[126.7998532,35.0261114],[126.7998931,35.0260459],[126.7999198,35.0260442],[126.8000198,35.0259391],[126.800036,35.0259233],[126.8000856,35.0258749],[126.8001055,35.0258533],[126.8001536,35.025795],[126.8001521,35.0257699],[126.800284,35.0255827],[126.8003807,35.0255211],[126.8006462,35.0253521],[126.800659,35.025344],[126.8007632,35.0252777],[126.8008858,35.0251996],[126.8009692,35.0251842],[126.8011466,35.0251512],[126.8012041,35.0251409],[126.8013252,35.0251194],[126.8014114,35.0251024],[126.8017405,35.0250468],[126.801877,35.0250198],[126.8020377,35.0249678],[126.8021614,35.0248761],[126.8022549,35.0248826],[126.8023139,35.0248469],[126.8024172,35.0247842],[126.8024308,35.0247601],[126.8024437,35.0247414],[126.8025674,35.0249273],[126.802663,35.0250996],[126.8027143,35.0251922],[126.802738,35.0252192],[126.8027815,35.0252138],[126.8031026,35.0254114],[126.8032592,35.0255077],[126.803319,35.0255158],[126.8033368,35.0255217],[126.8033364,35.0255191],[126.8033248,35.0254453],[126.8037075,35.0255565],[126.8037691,35.0255664],[126.8038136,35.0255786],[126.8038484,35.0255848],[126.8039235,35.0255981],[126.8041565,35.0256352],[126.8043446,35.0256601],[126.8045275,35.0256308],[126.8046649,35.0255959],[126.8046957,35.0253991],[126.8047243,35.0252496],[126.8047398,35.0250976],[126.8047462,35.0248672],[126.8047465,35.0246838],[126.8047782,35.0245081],[126.8047789,35.0245009],[126.8048181,35.0241434],[126.8048354,35.0241195],[126.8048286,35.0239938],[126.8048283,35.0239897],[126.8048286,35.0238475],[126.8048489,35.0237505],[126.8048851,35.0236117],[126.8050086,35.0233973],[126.8051058,35.023213],[126.8051158,35.0231956],[126.8051164,35.0231946],[126.8052516,35.0229595],[126.805391,35.0227649],[126.8054366,35.0227012],[126.8054767,35.0226716],[126.8055248,35.0225947],[126.8055606,35.0225043],[126.8055627,35.0224807],[126.8055697,35.0224817],[126.8055849,35.0223276],[126.8055852,35.0221566],[126.8055929,35.0220818],[126.8056576,35.0218865],[126.8056605,35.0218766],[126.805682,35.0218038],[126.80569,35.0216952],[126.8056705,35.0216016],[126.8056703,35.0216005],[126.8056759,35.0215854],[126.8056948,35.021535],[126.8056963,35.0215309],[126.8056744,35.0215176],[126.8057081,35.0215056],[126.8057195,35.0214931],[126.8057301,35.0214304],[126.8057368,35.021406],[126.8057668,35.0213119],[126.8057891,35.0212708],[126.8057897,35.0212695],[126.8058109,35.0212207],[126.805842,35.0211579],[126.8058438,35.0211542],[126.8058588,35.0211233],[126.8059063,35.0209832],[126.8059061,35.0209765],[126.805922,35.0208834],[126.8059766,35.0207642],[126.8059928,35.0206633],[126.805996,35.0204911],[126.8059968,35.0204666],[126.8060336,35.020304],[126.8060714,35.0201487],[126.8060772,35.0200574],[126.8060527,35.0199837],[126.8060518,35.0199809],[126.8060041,35.0198471],[126.8059989,35.0198097],[126.8061071,35.0197744],[126.8061834,35.0197601],[126.8062515,35.0196964],[126.806301,35.0196132],[126.8062995,35.0194782],[126.8062973,35.0194069],[126.8062943,35.0193061],[126.806284,35.0192485],[126.8062428,35.0190184],[126.8062462,35.0189726],[126.8062508,35.0189092],[126.8062846,35.0189206],[126.806293,35.0187744],[126.8062807,35.0187047],[126.8062782,35.0186904],[126.8062777,35.0186892],[126.8062203,35.0185442],[126.8062127,35.018476],[126.8061903,35.0183805],[126.806195,35.0183502],[126.8062057,35.0182805],[126.8062479,35.0181636],[126.8062444,35.0180294],[126.8062398,35.0179595],[126.8062396,35.0179563],[126.8062395,35.017882],[126.8062316,35.0177977],[126.8061907,35.0177822],[126.8061991,35.0177474],[126.8061877,35.0176895],[126.8061523,35.0175399],[126.806146,35.017529],[126.8061647,35.017546],[126.8062196,35.0175482],[126.8062463,35.0175492],[126.8062736,35.0175503],[126.8062873,35.0175457],[126.8063333,35.0175305],[126.8063743,35.017517],[126.8063762,35.0175165],[126.8063636,35.0174769],[126.806353,35.0174437],[126.8063599,35.0171975],[126.8063883,35.0171692],[126.806387,35.0171069],[126.8063642,35.0170802],[126.8063632,35.0170664],[126.8063264,35.0165097],[126.8063262,35.0163933],[126.8063261,35.0163612],[126.8063009,35.0161826],[126.8062967,35.0161158],[126.8062965,35.0161128],[126.8063365,35.0160539],[126.8063833,35.0159811],[126.8065198,35.0158421],[126.8066503,35.0157053],[126.8068493,35.0155088],[126.8070405,35.0153233],[126.8072883,35.0150784],[126.8073053,35.0150623],[126.8073092,35.0150586],[126.8074023,35.0149245],[126.8075621,35.0146318],[126.8075989,35.01446],[126.8076432,35.0143785],[126.8076564,35.0143258],[126.8076565,35.0143025],[126.807658,35.0141732],[126.8076706,35.0141067],[126.8077519,35.0138148],[126.8077273,35.0137774],[126.8077641,35.0137057],[126.8077721,35.0135772],[126.8079225,35.0130347],[126.8079276,35.0130164],[126.8078986,35.0126236],[126.8079039,35.0122428],[126.8078988,35.0119493],[126.8078671,35.0116394],[126.8077658,35.0113144],[126.8076881,35.0110702],[126.807624,35.011042],[126.8074911,35.0110565],[126.8073816,35.0110424],[126.8073803,35.0110422],[126.8073786,35.0109335],[126.8073763,35.010784],[126.8072588,35.0107393],[126.8069854,35.0105711],[126.8069288,35.0103124],[126.8072598,35.010076],[126.8072855,35.0096142],[126.8072947,35.0095008],[126.8072461,35.009348],[126.807187,35.0092614],[126.8071442,35.0091815],[126.8071272,35.0091018],[126.807083,35.0090153],[126.8070825,35.009011],[126.8068259,35.008991],[126.8069586,35.0087711],[126.8069615,35.0087678],[126.8068576,35.0087283],[126.8066327,35.0086427],[126.8066171,35.0086367],[126.8070659,35.0082998],[126.8072331,35.0081546],[126.8072439,35.0081462],[126.8072808,35.0081176],[126.8072832,35.0081157],[126.8072695,35.0080947],[126.8072326,35.0080577],[126.8072294,35.0080546],[126.8072379,35.0079612],[126.8074153,35.0078394],[126.8074417,35.0078955],[126.8074148,35.0078371],[126.807476,35.0077872],[126.8075617,35.0077173],[126.8075765,35.0077053],[126.8075535,35.007701],[126.8075328,35.0076971],[126.8076088,35.007454],[126.80763,35.0072789],[126.8076697,35.0072167],[126.8076975,35.0071378],[126.8077277,35.0068034],[126.8077295,35.0067833],[126.8077936,35.0065289],[126.8078036,35.0064733],[126.8078064,35.0064576],[126.8078255,35.0063682],[126.8078559,35.0061996],[126.8074309,35.0060785],[126.8072292,35.006026],[126.8070621,35.006072],[126.8069714,35.0060899],[126.8069617,35.0061019],[126.8069267,35.0061019],[126.8068499,35.0061154],[126.8068332,35.0061183],[126.8067738,35.0061287],[126.8066821,35.0061453],[126.8065034,35.0062027],[126.8064069,35.0062335],[126.8063026,35.0062872],[126.8062574,35.0063089],[126.8061,35.0063559],[126.8060549,35.0063756],[126.8059866,35.0064055],[126.8058321,35.0065185],[126.805756,35.0065687],[126.8054964,35.0067016],[126.8053865,35.0067708],[126.8053671,35.0067308],[126.8053634,35.0067276],[126.8052508,35.006745],[126.8052152,35.0067423],[126.8052106,35.0067366],[126.8051605,35.0067517],[126.8051078,35.0067833],[126.8050613,35.0068111],[126.805048,35.0068079],[126.805026,35.0068107],[126.8048998,35.0068301],[126.8047886,35.0069274],[126.8046938,35.0070488],[126.8046266,35.0071283],[126.8046185,35.0071352],[126.8045468,35.0071962],[126.8044788,35.0072344],[126.8044228,35.0072521],[126.8043541,35.0072572],[126.8043329,35.0072588],[126.8042073,35.0072044],[126.8041705,35.0071949],[126.8041214,35.0071824],[126.8038601,35.0071731],[126.8037699,35.0072106],[126.8036341,35.0072798],[126.8035519,35.0073133],[126.8033918,35.0073696],[126.8032506,35.007411],[126.80294,35.0074747],[126.8028247,35.0075052],[126.8026711,35.0075777],[126.802432,35.0076991],[126.8022708,35.0077624],[126.8021528,35.0078228],[126.8020379,35.0078854],[126.8018771,35.0079946],[126.8015727,35.0081806],[126.801505,35.0082137],[126.8014626,35.0082238],[126.8013875,35.0082145],[126.8013069,35.0081914],[126.8013026,35.0081902],[126.8012118,35.0081904],[126.8011304,35.0082086],[126.8010299,35.0082492],[126.8009144,35.0083128],[126.8008358,35.0083761],[126.8007488,35.0084628],[126.8006151,35.0085704],[126.8005243,35.0086208],[126.8004294,35.0086602],[126.8003463,35.0086718],[126.8002397,35.0086935],[126.8001642,35.0087233],[126.7998725,35.0088832],[126.7998683,35.0089006],[126.7998634,35.0089211],[126.7998694,35.0089435],[126.7999531,35.0090071],[126.7999179,35.0091029],[126.7999072,35.00912],[126.7998359,35.0091278],[126.7998281,35.0091114],[126.7998224,35.0090994],[126.7996378,35.009105],[126.7995359,35.0091259],[126.7993825,35.0091704],[126.7990747,35.009269],[126.7989599,35.0093211],[126.798784,35.0094201],[126.7986655,35.0095174],[126.7985651,35.0095733],[126.7984992,35.0095872],[126.7984222,35.00957],[126.7983491,35.0095217],[126.7982963,35.0094734],[126.7982682,35.0094684],[126.7982126,35.0094786],[126.7981439,35.0095051],[126.7971802,35.0098779],[126.7970674,35.0098398],[126.7942706,35.0087458],[126.7938729,35.0090268],[126.7938454,35.0090462],[126.7938233,35.0090479],[126.7934021,35.0090423],[126.7931067,35.0090398],[126.7929522,35.0090385],[126.7929319,35.0090285],[126.7929047,35.0090149],[126.7928826,35.0089884],[126.7928543,35.00894],[126.7928438,35.0089221],[126.7928394,35.0089025],[126.7928371,35.0088923],[126.7927823,35.0088557],[126.7926286,35.0087771],[126.7925655,35.0087141],[126.7925646,35.0087133],[126.7925656,35.0086909],[126.7924463,35.0085444],[126.7923928,35.0084316],[126.7922482,35.0083034],[126.7922473,35.0082785],[126.7922496,35.0082626],[126.7922553,35.0082411],[126.7922708,35.0081827],[126.7922736,35.0081703],[126.7922524,35.0080929],[126.7922482,35.008006],[126.7922469,35.0079908],[126.7922943,35.0079268],[126.792253,35.0078418],[126.792217,35.0077732],[126.7922138,35.0077671],[126.7922172,35.0077643],[126.7925552,35.0074765],[126.7925759,35.007477],[126.7926448,35.0074623],[126.79271,35.0074175],[126.7927494,35.007384],[126.7928141,35.007324],[126.7929005,35.0072827],[126.7931311,35.0070271],[126.7931341,35.0070104],[126.7931369,35.007],[126.7931454,35.0069535],[126.7931514,35.0068739],[126.793226,35.0068131],[126.7931777,35.0068113],[126.7931403,35.0068251],[126.7931018,35.0068252],[126.7931019,35.0068681],[126.7930837,35.0069382],[126.7930094,35.0069996],[126.7929868,35.0069996],[126.7929019,35.0070093],[126.7928166,35.0069676],[126.7927825,35.0069114],[126.7927563,35.006902],[126.7926902,35.0068785],[126.7925259,35.006819],[126.7924584,35.0067952],[126.7924191,35.0067807],[126.7922782,35.0068093],[126.7922491,35.0068054],[126.7920971,35.0068266],[126.7920191,35.0068375],[126.7919573,35.0068444],[126.7917973,35.006783],[126.79178,35.0067764],[126.7917643,35.0067703],[126.7915631,35.00668],[126.7915554,35.0066783],[126.7914045,35.0066211],[126.7913338,35.0065854],[126.7911085,35.0064925],[126.7909458,35.0064415],[126.7907884,35.0063867],[126.7907542,35.006375],[126.7907377,35.0063694],[126.7907276,35.0063691],[126.7904297,35.0063874],[126.7903755,35.0063937],[126.7901955,35.0063815],[126.7900116,35.0063666],[126.7900199,35.0063454],[126.7900259,35.0062961],[126.7901216,35.0062104],[126.7902503,35.0061234],[126.7902864,35.006067],[126.7903282,35.0060223],[126.7903798,35.0059687],[126.7904485,35.0058778],[126.7904657,35.0058352],[126.7904772,35.0058068],[126.7904752,35.0057314],[126.7904681,35.0056964],[126.7904916,35.0056699],[126.7905413,35.0055752],[126.7906387,35.0053912],[126.7906754,35.0053223],[126.7907189,35.0052503],[126.7907761,35.0052122],[126.790881,35.0051842],[126.7909514,35.005154],[126.7910016,35.005114],[126.7910701,35.0050625],[126.7910959,35.0050154],[126.7911183,35.0049794],[126.7911167,35.004921],[126.7910453,35.0048036],[126.7910422,35.0047975],[126.7909467,35.0046135],[126.7908861,35.0044958],[126.7908589,35.0044443],[126.7908923,35.0043369],[126.7909287,35.0042952],[126.7909557,35.0042817],[126.7910174,35.004204],[126.790984,35.0040576],[126.7909752,35.0039069],[126.7909294,35.003691],[126.7909665,35.0035343],[126.7909949,35.0034198],[126.7910533,35.0033504],[126.7911222,35.0032318],[126.7911684,35.0032103],[126.7912844,35.0031303],[126.7913975,35.0030507],[126.7914226,35.003031],[126.791608,35.0028382],[126.791638,35.0028076],[126.791702,35.0027659],[126.7917778,35.002685],[126.7918932,35.0025488],[126.7919251,35.0025177],[126.7919942,35.0024636],[126.7920376,35.0024134],[126.7922538,35.0022645],[126.792405,35.0021357],[126.792429,35.002073],[126.7924662,35.0019757],[126.7924957,35.0017556],[126.7925355,35.0016451],[126.7925888,35.0016167],[126.7926095,35.0016188],[126.7926111,35.001555],[126.7926498,35.0015259],[126.7927449,35.0014455],[126.7927799,35.0014124],[126.7929028,35.0012956],[126.7930255,35.0010686],[126.7931634,35.0008751],[126.7931795,35.0008525],[126.7932723,35.0006073],[126.7934122,35.0004245],[126.7933845,35.0003659],[126.7933743,35.0003404],[126.7934101,35.0002723],[126.7934697,35.0000198],[126.7934915,34.9999203],[126.793501,34.9998441],[126.7935216,34.9997905],[126.7935404,34.9997143],[126.7935814,34.9995498],[126.7936003,34.999464],[126.7936296,34.9993348],[126.7935858,34.9992223],[126.7936749,34.9991013],[126.7937223,34.9990351],[126.7937474,34.9990021],[126.7937506,34.9989997],[126.7938283,34.9988897],[126.7938654,34.9988287],[126.7939074,34.9987583],[126.7939119,34.9987484],[126.793948,34.9986883],[126.7939751,34.9986416],[126.7940064,34.9985879],[126.7940989,34.9985377],[126.794138,34.9985172],[126.7943755,34.9984132],[126.7943969,34.9984034],[126.7944216,34.9983097],[126.794983,34.9980559],[126.7951795,34.9979683],[126.795386,34.9979627],[126.7954046,34.9979533],[126.7954381,34.9979364],[126.7956347,34.9978369],[126.7956599,34.9978259],[126.7956731,34.9978201],[126.7956865,34.9978156],[126.7956879,34.9978151],[126.7957247,34.9978028],[126.7957504,34.9977917],[126.795911,34.9977352],[126.796012,34.9976997],[126.79592,34.9977551],[126.7962605,34.9976279],[126.7963146,34.9975995],[126.796448,34.9975297],[126.7967634,34.9973646],[126.7970499,34.9971281],[126.7970664,34.9971142],[126.7972102,34.9969931],[126.7973153,34.9969046],[126.7973099,34.9968979],[126.7972979,34.9968832],[126.7972891,34.9968724],[126.7973093,34.9968571],[126.7974122,34.9967805],[126.7974555,34.9967483],[126.79757,34.9966899],[126.797576,34.9966875],[126.797727,34.996521],[126.7977959,34.9964637],[126.7978528,34.9964274],[126.7980168,34.9961939],[126.7981149,34.9960954],[126.7980853,34.9960883],[126.7980976,34.9960745],[126.7981282,34.9960401],[126.7981923,34.9959459],[126.7982301,34.9958992],[126.7982452,34.995865],[126.798259,34.9958337],[126.7983283,34.9956772],[126.7983901,34.9956179],[126.7983747,34.9955983],[126.7985001,34.995426],[126.7985588,34.9953469],[126.7987328,34.995106],[126.7989071,34.9948707],[126.798964,34.9947939],[126.7990776,34.9946378],[126.7991026,34.9946034],[126.7992045,34.9945171],[126.7995326,34.994218],[126.7995912,34.994172],[126.7996865,34.9941013],[126.7996867,34.9941597],[126.7997101,34.9941531],[126.7998457,34.9941148],[126.7998863,34.9941017],[126.800328,34.994],[126.8003378,34.9939978],[126.8003672,34.993988],[126.800528,34.9938918],[126.8005656,34.99387],[126.8006852,34.9938003],[126.8008681,34.9937068],[126.8008627,34.9937041],[126.8009145,34.993667],[126.8009451,34.9936487],[126.8010094,34.9936102],[126.8010145,34.9936086],[126.8011738,34.9935113],[126.8011969,34.9934927],[126.8016941,34.9930692],[126.8017829,34.9930201],[126.8017895,34.9930168],[126.8017897,34.9930165],[126.8018443,34.9929663],[126.8018472,34.9929637],[126.8018682,34.9929433],[126.8019734,34.9928418],[126.8020007,34.9928651],[126.8020012,34.9928655],[126.8021128,34.9927694],[126.8021573,34.992716],[126.8021932,34.9926899],[126.8022504,34.9926484],[126.802376,34.9925568],[126.8023852,34.9925501],[126.8024238,34.9925219],[126.8024511,34.9925026],[126.8025392,34.9924408],[126.802557,34.9924286],[126.8025851,34.9924087],[126.802614,34.9923888],[126.8027582,34.9926023],[126.8028025,34.9927377],[126.8028505,34.992884],[126.8028609,34.9929158],[126.8029457,34.9931748],[126.8033512,34.9940079],[126.8035659,34.9944597],[126.8036645,34.9946654],[126.8037006,34.9947496],[126.8037427,34.9948454],[126.8037601,34.9949112],[126.8037777,34.9949417],[126.8038543,34.9950457],[126.8038762,34.9950866],[126.8039003,34.9951817],[126.8039591,34.9954697],[126.8040626,34.9957456],[126.8041779,34.9959695],[126.8041271,34.995969],[126.8041503,34.9960069],[126.8042055,34.9960834],[126.8042182,34.9960799],[126.8042474,34.9961237],[126.804503,34.9964811],[126.8046373,34.9966688],[126.804655,34.9966508],[126.8046798,34.9966804],[126.8048315,34.9968854],[126.8048589,34.9969199],[126.8049196,34.9969831],[126.8050403,34.9971274],[126.8051751,34.9973006],[126.8052499,34.9974024],[126.8059342,34.9972337],[126.8060445,34.9972826],[126.8063404,34.9974139],[126.8064186,34.9974506],[126.8067606,34.9977064],[126.806998,34.997884],[126.8070411,34.9978725],[126.807312,34.9978002],[126.8076303,34.9979617],[126.8076448,34.9979542],[126.807832,34.9980486],[126.8083885,34.9977527],[126.8086833,34.9975622],[126.8091463,34.9972531],[126.8092478,34.9971678],[126.8093838,34.9971276],[126.8096201,34.9970487],[126.8097518,34.9970048],[126.8099797,34.9969158],[126.8100104,34.9968578],[126.8101196,34.9966518],[126.8103257,34.9965162],[126.8104961,34.9964799],[126.8105749,34.9964631],[126.8107664,34.9964152],[126.8108208,34.9963542],[126.8108606,34.996321],[126.810999,34.9961558],[126.811167,34.9959552],[126.8114895,34.9958218],[126.8115664,34.9957894],[126.811904,34.995647],[126.8121409,34.995547],[126.8121474,34.9955116],[126.8123604,34.9953691],[126.8126605,34.9951461],[126.8127636,34.9954211],[126.8127787,34.9954612],[126.8127895,34.9955192],[126.812794,34.9955413],[126.8127956,34.995615],[126.8128049,34.9956598],[126.8127797,34.9960789],[126.8127765,34.9961314],[126.8128332,34.9964678],[126.8128461,34.996515],[126.8128818,34.9967599],[126.8128927,34.996805],[126.8129502,34.9971729],[126.8129795,34.9973406],[126.8130023,34.9974026],[126.8131865,34.9980456],[126.8132678,34.998392],[126.8133154,34.9984754],[126.8133198,34.9984887],[126.8134727,34.9987717],[126.813479,34.9988272],[126.8135069,34.9989006],[126.813542,34.9989109],[126.8134589,34.9989465],[126.8133849,34.9990109],[126.8133319,34.9990515],[126.8131424,34.9991946],[126.8130829,34.9992513],[126.8130409,34.9993174],[126.8130823,34.9993478],[126.8131,34.9993517],[126.8131834,34.9993364],[126.8132897,34.9993189],[126.8134614,34.9993438],[126.8136554,34.9993674],[126.8135792,34.9996985],[126.8136206,34.9998599],[126.8136262,34.9999659],[126.8136056,35.0001983],[126.8134877,35.0003971],[126.8134517,35.0005009],[126.8133707,35.0006434],[126.8132964,35.0007659],[126.8132213,35.000863],[126.8130628,35.0010588],[126.8129743,35.0012311],[126.8129298,35.0013046],[126.8128754,35.0013942],[126.8128494,35.0013932],[126.8127911,35.0015052],[126.8126635,35.0016255],[126.8127031,35.0016518],[126.8126269,35.0018303],[126.8125984,35.0019488],[126.8125856,35.0021114],[126.8125674,35.0021717],[126.8125415,35.0023135],[126.8125614,35.0023958],[126.8125709,35.0025049],[126.812591,35.0025808],[126.812664,35.0028561],[126.8126661,35.0028641],[126.8127094,35.0030276],[126.8127384,35.0030621],[126.812749,35.0030746],[126.8127751,35.0031058],[126.8131003,35.0033185],[126.81315,35.0033649],[126.8132015,35.0034127],[126.8134295,35.0035701],[126.8134784,35.0037557],[126.8134688,35.0038198],[126.8134816,35.0038477],[126.8134843,35.0038537],[126.8139183,35.0039916],[126.8140266,35.0040396],[126.814118,35.004102],[126.8142288,35.0041832],[126.8143456,35.0042992],[126.8143563,35.0043099],[126.8144632,35.0044161],[126.8144701,35.004424],[126.8145537,35.0045202],[126.8145908,35.0045605],[126.8146063,35.0045833],[126.8146892,35.004705],[126.8147741,35.0048929],[126.8147266,35.0050419],[126.8146055,35.0051538],[126.8145533,35.0052087],[126.8145044,35.0052754],[126.814536,35.0053658],[126.8145758,35.0053847],[126.8146116,35.0054007],[126.8147292,35.0054424],[126.8148073,35.005458],[126.8150102,35.0054975],[126.8152079,35.0055896],[126.8153454,35.0056636],[126.815385,35.005686],[126.8155061,35.0057545],[126.8157343,35.0058984],[126.8158204,35.0059454],[126.8161259,35.0061124],[126.8163912,35.0062539],[126.8166257,35.0063683],[126.8167885,35.0064356],[126.8169658,35.006531],[126.8174042,35.0067454],[126.8176616,35.0068501],[126.8180588,35.0069706],[126.8181454,35.0069683],[126.8187803,35.0071848],[126.8188488,35.0072198],[126.8189783,35.0073283],[126.819083,35.007373],[126.8191229,35.0073862],[126.819129,35.0073883],[126.8192417,35.0074256],[126.8194561,35.0074662],[126.8195763,35.0075021],[126.8198631,35.0075878],[126.819871,35.0075981],[126.8198787,35.0076063],[126.8199327,35.007663],[126.8200146,35.0077434],[126.8200855,35.007767],[126.8200652,35.0075797],[126.8199584,35.0075049],[126.8199216,35.0074356],[126.8199207,35.0074178],[126.8199098,35.0072967],[126.8199384,35.0072996],[126.8199631,35.0073024],[126.8200853,35.0073159],[126.8201517,35.0073869],[126.8202085,35.0074608],[126.8202516,35.0074956],[126.8206807,35.0073765],[126.820837,35.0073384],[126.8208657,35.0073318],[126.8209241,35.0073196],[126.8212643,35.0071742],[126.8212886,35.0071511],[126.821407,35.0071292],[126.8221167,35.0068559],[126.8225049,35.0067369],[126.8227909,35.0066352],[126.8229294,35.0065967],[126.8230037,35.006576],[126.8231042,35.0065412],[126.8231999,35.0065025],[126.8233477,35.0064585],[126.8235027,35.0064098],[126.8244432,35.0061146],[126.8249233,35.0059566],[126.8248973,35.005628],[126.8253632,35.005445],[126.8259073,35.0055023],[126.8259301,35.0056289],[126.8259673,35.0056203],[126.8262277,35.0055604],[126.8263676,35.0055282],[126.8264571,35.0055077],[126.8275542,35.0052306],[126.8280917,35.0048201],[126.8283649,35.0043999],[126.829174,35.003655],[126.8291892,35.003643],[126.8291947,35.0036415],[126.8293948,35.0035897],[126.8301097,35.0034054],[126.8301132,35.0034108],[126.8301261,35.0034076],[126.8301613,35.0033986],[126.830187,35.0034296],[126.8308093,35.0042646],[126.8308836,35.0047474],[126.8309961,35.0050816],[126.8312112,35.0056476],[126.8312119,35.0060039],[126.8315999,35.0062565],[126.832043,35.0065708],[126.8321033,35.0066173],[126.8322064,35.0071129],[126.8322245,35.0072159],[126.8323763,35.0075094],[126.8325807,35.007895],[126.8326571,35.0082785],[126.8327234,35.0086497],[126.8322855,35.0096623],[126.8323096,35.0100575],[126.8323554,35.0100737],[126.8331542,35.0103548],[126.8335619,35.0112743],[126.8335743,35.0117663],[126.8338624,35.0118547],[126.8338945,35.0120106],[126.8341908,35.0125321],[126.8343818,35.0129641],[126.8344846,35.013197],[126.8344526,35.0136492],[126.8344326,35.0139133],[126.834138,35.0147209],[126.8339359,35.0149218],[126.8335354,35.0151316],[126.8335045,35.0151478],[126.8334358,35.0151838],[126.8331191,35.01535],[126.8331098,35.0154582],[126.833021,35.0161479],[126.8329197,35.016793],[126.8331599,35.0170833],[126.8330285,35.0174141],[126.8330291,35.0174202],[126.8330807,35.0175631],[126.8332831,35.01814],[126.8332842,35.0183838],[126.8330654,35.0190458],[126.8330519,35.0190865],[126.8330308,35.0191503],[126.8336191,35.020003],[126.8339599,35.0202003],[126.8340755,35.0203335],[126.8342019,35.0204906],[126.8332448,35.0215112],[126.832919,35.0218188],[126.8331195,35.0219778],[126.833546,35.0223017],[126.8338737,35.0225595],[126.8339433,35.0225398],[126.8342567,35.0226295],[126.8343592,35.0228398],[126.8347527,35.023551],[126.8336812,35.0237774],[126.8334476,35.0238874],[126.8332966,35.0239548],[126.8331676,35.0240739],[126.8331659,35.0241781],[126.8331696,35.0241911],[126.8330915,35.0242088],[126.8329047,35.0242617],[126.8327723,35.0240243],[126.832726,35.0240084],[126.8325496,35.0241186],[126.8325385,35.0241413],[126.8325437,35.0241562],[126.8322267,35.0242531],[126.8321519,35.0242994],[126.8321426,35.0243053],[126.8322141,35.024454],[126.8322458,35.0245199],[126.8321936,35.0245457],[126.8322266,35.0246908],[126.8322308,35.0247093],[126.832104,35.0247092],[126.8320172,35.0247058],[126.8319327,35.024684],[126.831876,35.0246509],[126.8318062,35.0246267],[126.8316237,35.0246981],[126.8315116,35.0247436],[126.8313505,35.024838],[126.8313488,35.024839],[126.8312544,35.0248437],[126.831267,35.02491],[126.8313846,35.0250359],[126.8314171,35.0251081],[126.8313859,35.0251381],[126.8313622,35.0251459],[126.8313855,35.0251785],[126.8313854,35.0251898],[126.8313924,35.0252077],[126.8314074,35.0252339],[126.8315059,35.0253817],[126.8315603,35.025464],[126.8317411,35.0257361],[126.831796,35.0258533],[126.8318162,35.0258869],[126.8318331,35.0259103],[126.8308369,35.0267869],[126.8298659,35.0276413],[126.829137,35.0282782],[126.8291617,35.0283132],[126.829317,35.0285144],[126.8296281,35.0289177],[126.8296729,35.0289724],[126.8298627,35.0292026],[126.829988,35.0293495],[126.829995,35.0293579],[126.830018,35.029386],[126.8301743,35.0295741],[126.8303392,35.0297745],[126.8302829,35.0298263],[126.8302802,35.0298288],[126.8301917,35.0299055],[126.8301171,35.0299703],[126.8299566,35.0301094],[126.8298606,35.0302007],[126.8290168,35.030941],[126.8289894,35.0309651],[126.82892,35.0310259],[126.8288694,35.0310404],[126.8288668,35.0310411],[126.828737,35.0311204],[126.8286875,35.0311839],[126.8286941,35.0311911],[126.8287122,35.0312105],[126.8283471,35.0315359],[126.8282058,35.0316617],[126.827114,35.0326334],[126.8270844,35.03262],[126.8267663,35.0324752],[126.8267404,35.0324639],[126.8267406,35.0325067],[126.8267401,35.0325443],[126.8267396,35.0325955],[126.8267366,35.0329166],[126.8267339,35.033199],[126.8267072,35.0332176],[126.8266817,35.0332345],[126.8266073,35.0332953],[126.826557,35.0333401],[126.8265256,35.0333756],[126.8262142,35.0333765],[126.8260795,35.0333763],[126.8258709,35.033377],[126.8256904,35.0333785],[126.8255646,35.033373],[126.8255536,35.0333725],[126.8255544,35.0333899],[126.825553,35.0335227],[126.825552,35.0336434],[126.8255521,35.0336995],[126.8255521,35.0337455],[126.8255506,35.0339117],[126.8255503,35.0339954],[126.8255498,35.0340356],[126.8255449,35.0341789],[126.825545,35.034451],[126.8255414,35.0346062],[126.8255467,35.0347239],[126.8255469,35.0348739],[126.8255466,35.0349933],[126.8255437,35.0353293],[126.8255646,35.0353415],[126.8256814,35.0354099],[126.8258302,35.0354476],[126.8261389,35.035518],[126.8262025,35.0355141],[126.8263305,35.0355065],[126.8262844,35.0355328],[126.8262852,35.0355365],[126.826289,35.0355537],[126.8263133,35.0356442],[126.826365,35.0358344],[126.8264197,35.0360398],[126.8264657,35.0362039],[126.8265447,35.036479],[126.8266411,35.0368205],[126.8267045,35.0370451],[126.8267448,35.0371795],[126.8267618,35.0372434],[126.8268426,35.0375256],[126.8268523,35.0375585],[126.8268571,35.0375761],[126.8268755,35.0376425],[126.8268871,35.0376803],[126.8269537,35.0379065],[126.826987,35.0380324],[126.8271059,35.0384508],[126.8271802,35.0387103],[126.827192,35.0387532],[126.8272012,35.0387735],[126.827292,35.0390974],[126.827446,35.039647],[126.8274598,35.0397072],[126.8274354,35.0398165],[126.8273503,35.040197],[126.8273428,35.0402332],[126.8272764,35.040537],[126.8272424,35.0406837],[126.827221,35.0407755],[126.8271835,35.0409513],[126.8271884,35.0409515],[126.8271013,35.0413486],[126.827134,35.0413494],[126.8274472,35.041389],[126.8279699,35.0414606],[126.8282086,35.0415043],[126.8282493,35.0415075],[126.8282864,35.0415138],[126.8283234,35.0415203],[126.8284829,35.0415485],[126.8286354,35.0415573],[126.828718,35.0416309],[126.8286853,35.0417086],[126.8290433,35.0417689],[126.8290562,35.0417719],[126.8293424,35.0418391],[126.8295557,35.0418885],[126.8299729,35.04202],[126.8301784,35.0420859],[126.8305535,35.0421715],[126.8309313,35.0422926],[126.8315338,35.0424825],[126.8316451,35.0425822],[126.8317484,35.0426581],[126.8320732,35.0428019],[126.8321837,35.0428169],[126.8322263,35.0429593],[126.8323741,35.0431549],[126.832434,35.0432595],[126.8324467,35.0432595],[126.8324476,35.0432595],[126.8324538,35.0432741],[126.8324821,35.0432916],[126.8325128,35.0434042],[126.8325371,35.0434402],[126.8325957,35.0435096],[126.8325952,35.0435978],[126.8326206,35.0436143],[126.8328463,35.0437508],[126.8329601,35.0438185],[126.8330031,35.0438449],[126.8332104,35.0439453],[126.8334736,35.0440696],[126.8334565,35.0442507],[126.8334513,35.0442814],[126.8334495,35.0442916],[126.8334419,35.0443674],[126.8334152,35.0446294],[126.8333913,35.0448752],[126.8333641,35.0451435],[126.8333607,35.0451827],[126.8333547,35.0452289],[126.8333379,35.045243],[126.8332976,35.0452799],[126.8332934,35.0452885],[126.8332782,35.0453136],[126.833272,35.0453321],[126.8332542,35.0453686],[126.8332469,35.0453791],[126.8332344,35.0453999],[126.8332,35.0454428],[126.8331813,35.0454835],[126.8331707,35.0455051],[126.8331382,35.0455415],[126.8331003,35.0455565],[126.8330524,35.0455732],[126.8330385,35.0455773],[126.8328844,35.0456204],[126.83287,35.0456244],[126.8328324,35.0456472],[126.832842,35.045648],[126.8328143,35.0456621],[126.832745,35.0457446],[126.8327275,35.0457654],[126.8327155,35.0457901],[126.8327069,35.0458312],[126.8326836,35.0458523],[126.8326725,35.0458624],[126.8326136,35.0459147],[126.8325928,35.04594],[126.8325731,35.0459847],[126.8324929,35.0460708],[126.8324508,35.0460876],[126.8324359,35.0460959],[126.8323858,35.0461134],[126.8323365,35.0461791],[126.8323304,35.0461956],[126.8322999,35.0462784],[126.832293,35.0463267],[126.8322598,35.0463558],[126.8322078,35.0464474],[126.8321689,35.0465274],[126.8321571,35.0465471],[126.8321182,35.0465977],[126.8320417,35.046697],[126.8319731,35.0467906],[126.8318661,35.0469152],[126.8317882,35.0470036],[126.8317206,35.0470791],[126.8316686,35.0471497],[126.8316493,35.0471793],[126.8316338,35.047198],[126.8316117,35.0472416],[126.831596,35.0472674],[126.8314876,35.047317],[126.8314101,35.04735],[126.8311344,35.0474674],[126.8311369,35.0478919],[126.8309197,35.047867],[126.830547,35.0478409],[126.8297568,35.0477985],[126.8287007,35.0477484],[126.8279032,35.0477347],[126.8274466,35.0477546],[126.8262798,35.0478056],[126.8254394,35.0478492],[126.8243128,35.0478074],[126.8230129,35.0480143],[126.8229123,35.0480448],[126.821942,35.0483387],[126.8206617,35.0486167],[126.8199571,35.0487769],[126.8199331,35.0487939],[126.819194,35.0493176],[126.818796,35.0494693],[126.8186893,35.04951],[126.8183587,35.049636],[126.8182268,35.0496863],[126.8171313,35.0495139],[126.8168398,35.0494148],[126.8168749,35.0500627],[126.8169627,35.0501807],[126.8169885,35.0504125],[126.8169985,35.0504985],[126.8169815,35.0506441],[126.8171052,35.0510811],[126.817116,35.0512365],[126.8171544,35.0512744],[126.8172691,35.0514427],[126.8172866,35.051484],[126.8173188,35.0515596],[126.8173389,35.0515893],[126.817364,35.0516245],[126.8175036,35.0518206],[126.8175633,35.0520608],[126.8175671,35.0521443],[126.8176085,35.052169],[126.8176655,35.052185],[126.8176841,35.0521895],[126.8177637,35.0523562],[126.8178092,35.0524662],[126.8179029,35.0525804],[126.8179875,35.0526188],[126.8180642,35.0526743],[126.8180836,35.0526883],[126.8180847,35.0526891],[126.81805,35.0526882],[126.8180139,35.0526894],[126.8180127,35.0526894],[126.8179272,35.0526922],[126.8177809,35.0526969],[126.8175744,35.0527933],[126.817557,35.0527764],[126.8175055,35.0528005],[126.8173834,35.0528701],[126.8173796,35.0528722],[126.8173676,35.0528791],[126.8173616,35.0528791],[126.8172285,35.0528796],[126.817058,35.0528691],[126.8170464,35.0528751],[126.8169127,35.0529451],[126.8168231,35.0529457],[126.8168102,35.0529458],[126.8167106,35.0529466],[126.816568,35.0528307],[126.816533,35.052799],[126.8165265,35.0528029],[126.8165246,35.052804],[126.8163828,35.0528868],[126.8162602,35.052938],[126.816175,35.0529674],[126.81608,35.0530124],[126.8160231,35.0530588],[126.8159293,35.0531089],[126.8158502,35.0531441],[126.8157674,35.053167],[126.8157044,35.0531953],[126.8156347,35.0532346],[126.8155698,35.0532652],[126.8154768,35.0533224],[126.8154447,35.0533535],[126.8153487,35.0534126],[126.8153293,35.0533953],[126.8152468,35.0533218],[126.8152435,35.0533164],[126.8152232,35.0532833],[126.8151946,35.0532367],[126.8151905,35.05323],[126.8151238,35.0531088],[126.8150652,35.0531273],[126.8149086,35.0531911],[126.8148019,35.053219],[126.8146553,35.0532664],[126.8145452,35.0532907],[126.8145678,35.0533412],[126.8145743,35.0533554],[126.8145816,35.0533716],[126.8144953,35.0533749],[126.8144665,35.0533742],[126.8144618,35.0533742],[126.8144172,35.0533735],[126.8143494,35.0533665],[126.8142874,35.0533571],[126.8141791,35.0533307],[126.8139051,35.0532507],[126.8138443,35.0532329],[126.8137389,35.0531914],[126.8136865,35.053165],[126.8136525,35.0531369],[126.8136103,35.0531093],[126.8135518,35.0530795],[126.8134922,35.0530402],[126.8134413,35.0529983],[126.8134294,35.0529885],[126.813383,35.0529503],[126.8133457,35.0529306],[126.8133285,35.0529128],[126.8132499,35.0529124],[126.8132052,35.052878],[126.8129119,35.0527083],[126.8128893,35.0526949],[126.8128873,35.0526809],[126.8128861,35.0526721],[126.8128856,35.0526686],[126.812878,35.0526149],[126.8128765,35.0526035],[126.8127257,35.0525831],[126.8125573,35.0526019],[126.8124603,35.0526224],[126.8122796,35.0527248],[126.8121475,35.0527997],[126.8119526,35.052947],[126.8118887,35.0529942],[126.8117793,35.0530811],[126.8117122,35.0531118],[126.8115147,35.0532005],[126.8114138,35.0532319],[126.81141,35.0532315],[126.8114078,35.0532312],[126.8113908,35.0532291],[126.8113717,35.0532268],[126.8113711,35.0532217],[126.8113566,35.0531348],[126.8113516,35.0530769],[126.8113601,35.053029],[126.8113797,35.0529943],[126.8113163,35.0529364],[126.8112062,35.0528558],[126.811151,35.0528085],[126.8110825,35.0527249],[126.8110282,35.0526753],[126.8109525,35.0525912],[126.8109025,35.0526413],[126.8107563,35.0527561],[126.8106551,35.0528327],[126.8105347,35.0529274],[126.8105055,35.0529091],[126.8104912,35.0529],[126.810449,35.0528598],[126.8104061,35.0528115],[126.8103328,35.0527454],[126.8102122,35.0526254],[126.8100668,35.0524735],[126.8099884,35.0523963],[126.8098962,35.0523169],[126.8098571,35.0523626],[126.8097829,35.0524329],[126.8097285,35.0524798],[126.8096772,35.0524438],[126.809629,35.052406],[126.8094868,35.0522879],[126.8094784,35.0522789],[126.8094724,35.0522724],[126.8094258,35.0522216],[126.809422,35.0522175],[126.8093348,35.0522425],[126.8092108,35.0522945],[126.8091296,35.0523262],[126.8091166,35.0523314],[126.8090799,35.0523511],[126.8090391,35.0523651],[126.8089902,35.0523819],[126.8089882,35.0523825],[126.8089769,35.0523857],[126.8089232,35.052397],[126.8088674,35.052405],[126.8088466,35.0524079],[126.8088429,35.0523973],[126.8088398,35.0523889],[126.8088258,35.0523592],[126.8088233,35.0523538],[126.8088214,35.05235],[126.8087906,35.052327],[126.8087838,35.0523219],[126.8087619,35.0523165],[126.8087385,35.0523083],[126.80872,35.0523011],[126.8086745,35.0522885],[126.8086399,35.052279],[126.8085636,35.0522462],[126.8085092,35.0522098],[126.8084567,35.0521556],[126.8084048,35.0520971],[126.8083758,35.0520631],[126.8083469,35.0520153],[126.8083108,35.0519592],[126.8083,35.0519425],[126.8082339,35.0518903],[126.808167,35.0518411],[126.8080939,35.051774],[126.8080433,35.0517158],[126.807984,35.0516598],[126.8079514,35.0516165],[126.807947,35.0516104],[126.8079086,35.0515521],[126.807859,35.0514595],[126.807855,35.0514486],[126.8078406,35.051408],[126.8078273,35.0513684],[126.8078198,35.0513463],[126.8078056,35.0512864],[126.8077708,35.0512269],[126.8077558,35.0511703],[126.8077499,35.0511462],[126.8076633,35.0510354],[126.8076138,35.0509908],[126.8075279,35.0509392],[126.8074362,35.0508954],[126.8074297,35.050902],[126.8073145,35.0510203],[126.8071658,35.051096],[126.8070809,35.0511496],[126.8070249,35.0511755],[126.8069625,35.0511892],[126.8068986,35.0511896],[126.8068298,35.0511826],[126.8067688,35.0511689],[126.8066805,35.0511412],[126.8065395,35.0511069],[126.8064821,35.0511095],[126.8064295,35.0511227],[126.8063632,35.0511358],[126.8063104,35.051156],[126.8062049,35.0511601],[126.80613,35.0511609],[126.8061042,35.0511638],[126.8060654,35.0512063],[126.8060116,35.0512533],[126.8059358,35.0513078],[126.8058473,35.0513671],[126.8058001,35.0514011],[126.8057188,35.0514483],[126.8056494,35.0514818],[126.8056149,35.051498],[126.8055678,35.0514961],[126.8052434,35.051526],[126.8051361,35.0515382],[126.8050397,35.0515496],[126.8049377,35.0515724],[126.8048771,35.0515824],[126.8048491,35.0516726],[126.8048321,35.0517522],[126.8048288,35.0517674],[126.8048218,35.0517757],[126.8047676,35.0519309],[126.8047376,35.0520215],[126.8046939,35.0521663],[126.8046811,35.0522349],[126.8046781,35.0522863],[126.8046848,35.0523271],[126.8046851,35.0523439],[126.8046849,35.0523729],[126.8046845,35.0523888],[126.8046955,35.0523893],[126.8048106,35.0523939],[126.8048278,35.0523945],[126.8048316,35.052394],[126.8050545,35.0523624],[126.8050958,35.0523509],[126.8051438,35.0523504],[126.8050975,35.052364],[126.8050709,35.0523718],[126.8049337,35.0523947],[126.8048953,35.0524011],[126.8048572,35.0524066],[126.8048347,35.0524098],[126.8047881,35.0524093],[126.8046976,35.0524079],[126.8046629,35.0524074],[126.8045918,35.0524039],[126.8044805,35.0523915],[126.8044168,35.0523844],[126.8043165,35.0523779],[126.8041997,35.0523704],[126.8041339,35.0523748],[126.8040532,35.0523847],[126.8039694,35.0523822],[126.8039477,35.0523816],[126.8038184,35.0523787],[126.8037408,35.0523725],[126.8036773,35.052371],[126.8036563,35.0523813],[126.8035755,35.0524211],[126.8035748,35.0524238],[126.8035618,35.0524719],[126.8035597,35.0524843],[126.8035497,35.0525387],[126.8035265,35.0526375],[126.8035197,35.0527414],[126.8035065,35.0528256],[126.8034895,35.0529954],[126.8034685,35.0531753],[126.8034424,35.0532793],[126.8034179,35.0534023],[126.803409,35.0534901],[126.803411,35.0535716],[126.8034016,35.0536164],[126.803414,35.053693],[126.80343,35.0537232],[126.8034378,35.05377],[126.8034391,35.0537779],[126.8034289,35.0538404],[126.803421,35.0538531],[126.8034025,35.0538833],[126.8033975,35.0539164],[126.8034024,35.0539457],[126.8034203,35.0540534],[126.8034163,35.0541357],[126.8034057,35.0541491],[126.8033422,35.0542573],[126.8032724,35.0544326],[126.8032253,35.0545086],[126.8031841,35.0545864],[126.8031833,35.0545878],[126.8031821,35.0545913],[126.8031457,35.0546951],[126.8031239,35.0547351],[126.8030643,35.0548445],[126.8030447,35.054907],[126.8030359,35.0549527],[126.8030325,35.0549704],[126.8030453,35.0550354],[126.8030682,35.0551524],[126.8030526,35.0551507],[126.8030627,35.0551689],[126.8030359,35.0551956],[126.8029977,35.0552269],[126.8029332,35.0553172],[126.8028329,35.055416],[126.8027974,35.0554438],[126.802721,35.0555221],[126.8026812,35.0555708],[126.8026513,35.0556156],[126.802586,35.055666],[126.8025858,35.0556661],[126.8025286,35.0556846],[126.8024976,35.0556845],[126.8024815,35.0556941],[126.8024851,35.055701],[126.8024909,35.055712],[126.8025313,35.0557444],[126.802542,35.0557529],[126.8025391,35.0557573],[126.8025129,35.0557954],[126.802471,35.0558311],[126.8024388,35.0558584],[126.802293,35.0559531],[126.8022556,35.0559889],[126.8021884,35.0560681],[126.8021535,35.056112],[126.8021269,35.0561379],[126.8020413,35.0562108],[126.8019636,35.0562938],[126.8019071,35.0563561],[126.8019015,35.0563624],[126.8019121,35.0563666],[126.8019184,35.0563692],[126.8019348,35.0563758],[126.8019631,35.0563598],[126.8020036,35.0563296],[126.8020273,35.0563009],[126.8020335,35.0562886],[126.802037,35.0562818],[126.8020588,35.0562598],[126.8021051,35.0562174],[126.8021652,35.056179],[126.8022003,35.0561583],[126.8022543,35.0560985],[126.8023119,35.0560511],[126.8023236,35.056043],[126.802373,35.0560083],[126.8024412,35.0559885],[126.8025613,35.0559691],[126.8026467,35.0559557],[126.8026487,35.0559553],[126.802758,35.0559361],[126.8028182,35.0559286],[126.8029086,35.0559276],[126.8030071,35.0559331],[126.8030824,35.0559507],[126.8031351,35.0559722],[126.8031898,35.0560089],[126.8031795,35.0560217],[126.8031747,35.0560186],[126.803093,35.0559696],[126.8030038,35.0559503],[126.8029223,35.055948],[126.8028119,35.0559556],[126.8027657,35.0559585],[126.8027341,35.055963],[126.8027231,35.0559646],[126.8026818,35.0559704],[126.802624,35.0559787],[126.8025519,35.0559877],[126.8024513,35.0559999],[126.8023889,35.0560234],[126.8023278,35.0560609],[126.8022889,35.0560929],[126.8022612,35.0561155],[126.8022256,35.0561542],[126.8022171,35.0561634],[126.8022151,35.0561643],[126.8021871,35.0561811],[126.802172,35.0561902],[126.8021262,35.0562238],[126.8020793,35.0562693],[126.802017,35.0563337],[126.8019806,35.0563658],[126.8019684,35.0563731],[126.8019523,35.05639],[126.801954,35.0564072],[126.8019553,35.0564194],[126.8019228,35.056415],[126.8018244,35.056443],[126.8018099,35.0564452],[126.8017226,35.0564584],[126.8016755,35.0564801],[126.8016814,35.0564874],[126.8017063,35.0565177],[126.8017468,35.0565669],[126.8017762,35.056605],[126.8017719,35.0566082],[126.8017623,35.0566155],[126.8016815,35.0566772],[126.8015907,35.0567389],[126.801595,35.0567478],[126.8016021,35.056763],[126.8015992,35.0567655],[126.80157,35.0567923],[126.8015288,35.0568449],[126.8014789,35.0569434],[126.8014354,35.057007],[126.8013934,35.0571129],[126.8013359,35.0572143],[126.8011917,35.0574374],[126.8011966,35.0574412],[126.8013053,35.0575239],[126.8013229,35.0575472],[126.8013212,35.0575496],[126.8013203,35.0575507],[126.8012855,35.0576004],[126.8013105,35.057594],[126.8013581,35.0575822],[126.8013942,35.0576093],[126.8014046,35.0576342],[126.8014225,35.057677],[126.8014393,35.0577309],[126.8014626,35.057785],[126.8014761,35.0578621],[126.8014872,35.0581108],[126.8014609,35.0581524],[126.8013693,35.0581816],[126.8012049,35.0582026],[126.8011745,35.0582138],[126.8011064,35.0582644],[126.8010896,35.0582861],[126.8009941,35.0583691],[126.8010049,35.058371],[126.8010016,35.0583727],[126.8007899,35.0584784],[126.8006977,35.0585344],[126.8006473,35.058565],[126.8004722,35.0586691],[126.8003109,35.0587667],[126.8002836,35.0587867],[126.8002524,35.0588099],[126.8001072,35.0589176],[126.8000064,35.0589897],[126.7997608,35.0591552],[126.7996331,35.059219],[126.7993596,35.0593426],[126.7992114,35.0594174],[126.7991894,35.0593834],[126.7991053,35.0592993],[126.7989922,35.0591934],[126.7989749,35.0591694],[126.7989702,35.0591626],[126.798968,35.0591543],[126.7989593,35.0591211],[126.7988953,35.0591543],[126.7987922,35.0592344],[126.7987096,35.0593171],[126.7986396,35.0593818],[126.7985627,35.0594363],[126.7985367,35.0594798],[126.7984928,35.0594325],[126.7984999,35.0593349],[126.7985089,35.0593071],[126.7984918,35.0593058],[126.7984435,35.0592891],[126.7983398,35.0592345],[126.7983104,35.059219],[126.798211,35.059174],[126.7981116,35.0591505],[126.7980397,35.059275],[126.7980316,35.0592629],[126.79801,35.0592306],[126.7980072,35.059225],[126.7980066,35.0592234],[126.797854,35.0591172],[126.7976416,35.0590234],[126.797505,35.058963],[126.7973046,35.0589658],[126.7969382,35.0590498],[126.7966394,35.0593367],[126.7963538,35.0596634],[126.7962104,35.0599507],[126.7962025,35.0599667],[126.7960908,35.0603796]]]}},
{"type":"Feature","properties":{"BASE_DATE":"20250630","ADM_CD":"36040420","ADM_NM":"봉황면"},"geometry":{"type":"Polygon","coordinates":[[[126.7896103,35.0001895],[126.7895479,35.0002123],[126.789531,35.0002141],[126.7894247,35.0002258],[126.7894101,35.0002209],[126.7892591,35.00017],[126.7892364,35.0001613],[126.7892205,35.000151],[126.7891256,35.0001258],[126.7889461,35.0000175],[126.7889299,35.0000086],[126.7889182,34.9999969],[126.7888557,34.9999342],[126.7888025,34.9998782],[126.7886954,34.9997654],[126.7885415,34.9996064],[126.7884876,34.9995765],[126.7884774,34.999543],[126.788455,34.9994582],[126.7883885,34.9992326],[126.7883098,34.9988829],[126.7882628,34.9987074],[126.7882388,34.998545],[126.7882148,34.9985067],[126.7882016,34.9984837],[126.7881894,34.9984596],[126.7881769,34.9984361],[126.7881632,34.9984166],[126.788078,34.998305],[126.7880505,34.998269],[126.7879747,34.9981712],[126.7878755,34.9979954],[126.7878559,34.9979626],[126.787792,34.997847],[126.787663,34.9975956],[126.7876456,34.9974512],[126.7875332,34.9973682],[126.7874996,34.9972643],[126.7874894,34.9972204],[126.7874708,34.9971593],[126.7874425,34.9970722],[126.7874093,34.9969306],[126.7873952,34.9968677],[126.7873935,34.99683],[126.7873838,34.9967739],[126.7873766,34.9967462],[126.7873703,34.9966477],[126.7873704,34.9965816],[126.7873218,34.9964273],[126.7872994,34.9963898],[126.7872487,34.9963183],[126.7871816,34.9961172],[126.7871398,34.9960698],[126.7871081,34.9960212],[126.7870508,34.9958403],[126.7870129,34.9958008],[126.787002,34.9957896],[126.7868692,34.9956639],[126.7868698,34.9956529],[126.7869386,34.9954825],[126.7869362,34.9954187],[126.7869358,34.9953759],[126.7869007,34.9952048],[126.7869001,34.9951488],[126.7869226,34.9950471],[126.7869043,34.9949687],[126.7869,34.9949583],[126.7868664,34.994877],[126.786883,34.9948736],[126.786947,34.9948605],[126.7869442,34.994839],[126.7868736,34.9948457],[126.7868445,34.9948484],[126.7867151,34.9948713],[126.786684,34.9948511],[126.7866815,34.9948494],[126.7866823,34.9948094],[126.7866807,34.9947304],[126.7866751,34.9946539],[126.7867024,34.9946377],[126.7867864,34.9945956],[126.7868205,34.9945598],[126.7868152,34.9945463],[126.7866841,34.9944618],[126.7866722,34.9944486],[126.7866674,34.9944463],[126.7866611,34.9944433],[126.7866536,34.994427],[126.7866507,34.9944216],[126.7866275,34.9943811],[126.786623,34.9943726],[126.7866053,34.9943608],[126.7865811,34.9943447],[126.7865345,34.994207],[126.7865162,34.9941911],[126.7864906,34.9940643],[126.7864804,34.9940238],[126.7864581,34.9939352],[126.7863994,34.99381],[126.7863792,34.993793],[126.7863982,34.9937597],[126.7864513,34.993748],[126.7864486,34.9937238],[126.7864192,34.9936741],[126.7862864,34.9936917],[126.7862016,34.993703],[126.7861308,34.9937082],[126.7860281,34.9937419],[126.7859589,34.9937837],[126.7859033,34.9937918],[126.7858997,34.9937785],[126.7858824,34.993724],[126.7859902,34.9934701],[126.7860099,34.9934242],[126.7860847,34.9932507],[126.7861474,34.9931033],[126.7860632,34.9930012],[126.7860133,34.9929406],[126.7858832,34.9927829],[126.7858291,34.9927173],[126.7857628,34.9926405],[126.785717,34.9925632],[126.7856523,34.9924779],[126.7855314,34.9922881],[126.7855117,34.9922582],[126.7854659,34.992198],[126.7854103,34.9921078],[126.7853788,34.992058],[126.7853679,34.9920369],[126.7853767,34.9920292],[126.7853634,34.9919704],[126.7853595,34.9919383],[126.7853422,34.9919089],[126.7853097,34.9918535],[126.7849783,34.9918286],[126.7848141,34.9918399],[126.7845706,34.9918356],[126.7844088,34.9918713],[126.7843356,34.9919002],[126.7842878,34.9919082],[126.7841695,34.9919278],[126.7840943,34.9919312],[126.783984,34.9919219],[126.7838862,34.9919113],[126.7836531,34.9918635],[126.7835479,34.9918291],[126.7834744,34.9918051],[126.7834224,34.9917871],[126.7834346,34.9916859],[126.7831007,34.9915145],[126.782805,34.9913256],[126.7825076,34.9913049],[126.7823459,34.9912958],[126.7823235,34.9913023],[126.7822702,34.9913176],[126.7819953,34.9914026],[126.7817641,34.991424],[126.7815048,34.9914435],[126.7814259,34.9914429],[126.7812968,34.9914158],[126.7812771,34.9914117],[126.7811526,34.9913728],[126.7806525,34.9911466],[126.7804032,34.9910473],[126.7801346,34.990912],[126.7799343,34.9908088],[126.7795197,34.9905714],[126.7793529,34.9904782],[126.779298,34.9904137],[126.7792776,34.9903898],[126.7791168,34.990193],[126.7790736,34.9901715],[126.7790669,34.9901814],[126.779057,34.9901741],[126.779025,34.9901374],[126.7789808,34.9900867],[126.7789748,34.9900798],[126.7789653,34.9900689],[126.7789417,34.9900419],[126.7789141,34.9900101],[126.7788353,34.9899831],[126.7788106,34.9899821],[126.7787653,34.989959],[126.7786169,34.9899117],[126.7784447,34.9898677],[126.7783307,34.9897868],[126.7785516,34.989585],[126.7786056,34.9895834],[126.7786787,34.9895977],[126.7789111,34.9894316],[126.7789788,34.9893484],[126.7790177,34.9893006],[126.779035,34.9892668],[126.7790676,34.989104],[126.7790496,34.9890752],[126.7789919,34.9890422],[126.7789577,34.9890048],[126.7789306,34.9889592],[126.7789169,34.9889363],[126.7789016,34.9888118],[126.7789248,34.9887185],[126.7789448,34.9886365],[126.7789238,34.9885536],[126.7789441,34.9884264],[126.7789778,34.9883305],[126.7791328,34.9882004],[126.7791672,34.9881501],[126.7791808,34.9880862],[126.7792065,34.9879619],[126.7792474,34.9879088],[126.7792862,34.9879001],[126.7793463,34.9878861],[126.7793704,34.9878805],[126.779448,34.9878618],[126.7795276,34.9878106],[126.7796627,34.9875211],[126.7796706,34.9874319],[126.7797064,34.9873316],[126.7798642,34.9871937],[126.7799477,34.9871207],[126.7799624,34.9871225],[126.7800159,34.9871263],[126.780044,34.9870967],[126.7800318,34.9869944],[126.780013,34.9868468],[126.7800111,34.9868322],[126.779986,34.9867593],[126.7799616,34.9866826],[126.7798815,34.986623],[126.7800646,34.9862054],[126.7800402,34.9861557],[126.780051,34.9861228],[126.7801721,34.9857597],[126.7801775,34.9856817],[126.7801793,34.9856538],[126.7801413,34.9856475],[126.7800976,34.9856149],[126.7800361,34.9855825],[126.7799919,34.9855624],[126.7799905,34.9855346],[126.7799877,34.9855062],[126.7800279,34.9854555],[126.7801099,34.9853364],[126.7801269,34.9853102],[126.7801476,34.9852617],[126.7801131,34.9851883],[126.7800893,34.9851361],[126.780008,34.9850933],[126.7799352,34.9850878],[126.77989,34.9850841],[126.7799201,34.9850133],[126.7800071,34.9848439],[126.7800685,34.9847824],[126.7801273,34.9847281],[126.7801357,34.9847197],[126.7801979,34.9846433],[126.7802075,34.9846294],[126.7802299,34.9845948],[126.7802485,34.9845658],[126.7802635,34.9845041],[126.780272,34.9844691],[126.7802277,34.984428],[126.780158,34.9844455],[126.7801554,34.9844461],[126.7801288,34.9844528],[126.780042,34.9844335],[126.7799808,34.9845055],[126.7798987,34.984596],[126.7798004,34.984566],[126.779767,34.9845753],[126.7797517,34.9845795],[126.7797267,34.9845863],[126.7796614,34.9846289],[126.7796242,34.9846515],[126.7794863,34.9847466],[126.7793461,34.984765],[126.7793332,34.9847311],[126.7792674,34.9847646],[126.7791264,34.9847893],[126.7789327,34.984861],[126.7788002,34.9849103],[126.7786019,34.9849786],[126.7784392,34.9850326],[126.7782445,34.9850929],[126.7781389,34.9851075],[126.7778841,34.9851472],[126.7777017,34.9851754],[126.7776917,34.9851769],[126.7776011,34.9851921],[126.7773265,34.9852364],[126.7772268,34.9852526],[126.7771912,34.9852589],[126.7771388,34.9852661],[126.7770451,34.9852217],[126.7770432,34.9851865],[126.776883,34.9851136],[126.776722,34.9850276],[126.7765624,34.9849779],[126.7764412,34.9849332],[126.7763339,34.9849097],[126.776351,34.9848663],[126.7762303,34.9848643],[126.7761638,34.9848578],[126.7761345,34.9848539],[126.7761169,34.9848515],[126.7761098,34.9848582],[126.7761005,34.9848668],[126.7760877,34.9848738],[126.776072,34.9848794],[126.7760053,34.9849032],[126.7759489,34.9849145],[126.7758844,34.9849362],[126.7758709,34.9849428],[126.775767,34.9849942],[126.7757072,34.9849777],[126.7756761,34.9849342],[126.7756538,34.984776],[126.7756231,34.9847002],[126.7756993,34.9846308],[126.7756089,34.9846217],[126.7755682,34.9846175],[126.775445,34.9846061],[126.7753653,34.9846209],[126.775349,34.9846238],[126.7753235,34.9846284],[126.7753001,34.9846764],[126.7751673,34.9849528],[126.7751168,34.9851251],[126.775094,34.9852396],[126.7750861,34.9852864],[126.7750866,34.9854865],[126.7751295,34.985847],[126.7751178,34.9859997],[126.7751369,34.9861855],[126.7751402,34.9862174],[126.7751451,34.9862649],[126.7751485,34.9862918],[126.7750259,34.9864955],[126.7748615,34.9866568],[126.774775,34.9867427],[126.7746836,34.9871566],[126.7746386,34.9871985],[126.7745512,34.987282],[126.7744493,34.9873783],[126.7742889,34.9874901],[126.7742605,34.9875092],[126.7741452,34.9876213],[126.7740677,34.9876931],[126.7739892,34.9877415],[126.7739068,34.9877937],[126.7737505,34.9878431],[126.773697,34.9876844],[126.7736848,34.9876647],[126.7736765,34.9876537],[126.7736603,34.987596],[126.773642,34.9875944],[126.7735921,34.9875907],[126.7734939,34.9875944],[126.7734931,34.987638],[126.773402,34.9877105],[126.7733635,34.9878133],[126.7733719,34.9878803],[126.773344,34.9878912],[126.7733288,34.9878967],[126.7731085,34.987724],[126.7730638,34.9876869],[126.7730036,34.9876143],[126.7729849,34.9876053],[126.7729541,34.9875927],[126.7729236,34.9875789],[126.7728842,34.9875423],[126.7728735,34.987532],[126.7728472,34.9874779],[126.77283,34.9874101],[126.7728151,34.9873398],[126.7727549,34.9872207],[126.7727031,34.9871475],[126.7726785,34.9871238],[126.7725934,34.9870779],[126.772502,34.9870719],[126.7724836,34.9870692],[126.7724296,34.9870611],[126.7723696,34.9869413],[126.7719238,34.9860515],[126.7718042,34.9857029],[126.7717191,34.9854257],[126.7717342,34.9854033],[126.7717899,34.9853206],[126.7716834,34.9851718],[126.7714637,34.9848647],[126.7713686,34.9847534],[126.7712958,34.9846882],[126.7711913,34.9845977],[126.7711214,34.9844645],[126.7710772,34.9843802],[126.7706193,34.9838823],[126.7702699,34.9833702],[126.7705503,34.982984],[126.7705555,34.9829768],[126.770551,34.9829745],[126.7704317,34.9829136],[126.7703903,34.9828722],[126.7703192,34.9828629],[126.7702745,34.9828534],[126.7702363,34.9828452],[126.770176,34.9827917],[126.7701758,34.9827914],[126.7701205,34.98271],[126.7700354,34.9827093],[126.7700043,34.9826888],[126.76999,34.982688],[126.7699317,34.982684],[126.7698806,34.9826787],[126.7698408,34.9826403],[126.7698338,34.9826334],[126.7698117,34.9826036],[126.7698053,34.9825798],[126.7697716,34.9825609],[126.769771,34.9824742],[126.7697608,34.9824572],[126.7697475,34.982432],[126.7696918,34.9823872],[126.7696326,34.9822975],[126.7696158,34.9822281],[126.7696117,34.9822117],[126.7695953,34.9821975],[126.7695854,34.9821888],[126.7695329,34.9818622],[126.769492,34.9816301],[126.7693762,34.981445],[126.7693643,34.9814005],[126.7693468,34.9813691],[126.76935,34.9813459],[126.7693603,34.9812966],[126.7694067,34.9811312],[126.7693992,34.981021],[126.7693894,34.9808749],[126.7694024,34.98081],[126.7694078,34.9807528],[126.7694033,34.9805814],[126.7694546,34.9804305],[126.7694964,34.9801065],[126.7695741,34.9800045],[126.7696289,34.9798315],[126.7696441,34.9797653],[126.7696547,34.9797188],[126.7696533,34.979669],[126.7696516,34.9796099],[126.7696307,34.9793085],[126.7695384,34.9791277],[126.7694461,34.9789568],[126.7694112,34.9789013],[126.7694177,34.9788586],[126.7694223,34.9787497],[126.7694279,34.9786168],[126.7694297,34.9785849],[126.7696724,34.9785494],[126.7696303,34.9784491],[126.7695543,34.9782945],[126.7694787,34.9782622],[126.7694816,34.9782572],[126.7694313,34.978159],[126.7694167,34.9781304],[126.7693983,34.9780704],[126.7693794,34.9780337],[126.7694029,34.9778419],[126.7692582,34.9777882],[126.769138,34.9777436],[126.7690546,34.9777625],[126.7689795,34.9777794],[126.7686485,34.9778419],[126.76842,34.9778937],[126.7680156,34.9780241],[126.7676092,34.9781588],[126.7674674,34.9782514],[126.7674216,34.9782758],[126.7674043,34.978285],[126.7671597,34.9784499],[126.7669104,34.9787225],[126.7668199,34.9788258],[126.7667529,34.9789306],[126.7667331,34.9789437],[126.766646,34.9790413],[126.7665024,34.9792181],[126.7664993,34.9792326],[126.7664765,34.9793408],[126.7663382,34.9793629],[126.7663012,34.979366],[126.7662646,34.9793701],[126.7659667,34.9793857],[126.7652729,34.9794241],[126.7650483,34.979431],[126.7649682,34.9794334],[126.7649248,34.9794238],[126.7649117,34.9794251],[126.7648925,34.9794042],[126.7648507,34.9794708],[126.7647809,34.9795031],[126.7646786,34.9795209],[126.7646368,34.9795425],[126.7645883,34.9795674],[126.764476,34.9796169],[126.7644582,34.9796385],[126.7640462,34.9799658],[126.7640097,34.9799868],[126.7639359,34.9799922],[126.7638799,34.9799684],[126.7638126,34.9799397],[126.7637457,34.9799418],[126.7636933,34.9799557],[126.7636393,34.9799477],[126.7635877,34.9799842],[126.7635641,34.9800194],[126.7635496,34.9800453],[126.7635428,34.9800757],[126.7635497,34.9800966],[126.7635642,34.9801665],[126.763539,34.9802909],[126.7635233,34.9803272],[126.7635292,34.980339],[126.7635175,34.9803968],[126.7634995,34.9804858],[126.7635055,34.9805175],[126.7634198,34.9806548],[126.763391,34.980744],[126.7633181,34.9808022],[126.7632625,34.9808466],[126.7632282,34.9809486],[126.7632093,34.9810475],[126.7632121,34.9810746],[126.7631595,34.9811516],[126.7631443,34.9811829],[126.7631105,34.9812239],[126.763096,34.9812593],[126.7630612,34.9813813],[126.762935,34.9814746],[126.7626095,34.9817991],[126.762581,34.9818238],[126.7624423,34.9819792],[126.7624159,34.9820145],[126.7622841,34.9822047],[126.7622617,34.9822805],[126.7622493,34.9823223],[126.7622236,34.982315],[126.7621884,34.9823051],[126.7621211,34.9822907],[126.7619171,34.9822393],[126.7616773,34.9821951],[126.7614893,34.9821483],[126.7613418,34.9821222],[126.7611895,34.9821099],[126.7610838,34.982175],[126.7609845,34.9822276],[126.7609704,34.9822396],[126.7609346,34.9822482],[126.7609054,34.9822637],[126.7608309,34.9822038],[126.7606902,34.9821138],[126.7606476,34.982003],[126.7605713,34.9819216],[126.7604895,34.9818542],[126.7603255,34.9818288],[126.7603249,34.9818283],[126.7602849,34.9817942],[126.7601064,34.9815697],[126.7600031,34.9814398],[126.7598713,34.9813766],[126.7597296,34.9813112],[126.7594248,34.9811662],[126.7593515,34.9811567],[126.759066,34.9811198],[126.7589995,34.9810589],[126.7589856,34.9810464],[126.7588598,34.9809337],[126.7587614,34.9808465],[126.7587272,34.9808162],[126.7585682,34.9808381],[126.7579436,34.9809239],[126.7573611,34.9810169],[126.7573195,34.9810151],[126.7571542,34.9810078],[126.7567018,34.980597],[126.7566933,34.9805893],[126.7564433,34.9803612],[126.7564361,34.98035],[126.7564093,34.9802924],[126.7564004,34.9802718],[126.756369,34.9802466],[126.7562725,34.9801566],[126.7562381,34.9801268],[126.7561451,34.9800403],[126.7556607,34.9795901],[126.7554223,34.9794306],[126.7549472,34.9791127],[126.7548413,34.9791037],[126.7547226,34.9790636],[126.754206,34.9789065],[126.7538987,34.9786842],[126.753803,34.9786165],[126.7537067,34.9784598],[126.7536742,34.9784068],[126.7536197,34.9783149],[126.7532998,34.9782347],[126.7530646,34.9781799],[126.7529361,34.9781453],[126.7527564,34.9780969],[126.7525906,34.9780513],[126.7521624,34.9781821],[126.7520733,34.9782093],[126.7519483,34.9782271],[126.7514916,34.978316],[126.7513502,34.9783422],[126.7511847,34.9783807],[126.7508507,34.9784386],[126.7507998,34.978445],[126.7506999,34.9784681],[126.7505544,34.978516],[126.7503282,34.9786056],[126.7502489,34.9786408],[126.7500313,34.9787729],[126.7497776,34.9789248],[126.7497007,34.9789708],[126.7496274,34.9790293],[126.7495457,34.9790945],[126.7493173,34.9792717],[126.7490271,34.9793039],[126.7489297,34.9791768],[126.7489363,34.9789859],[126.7489784,34.97895],[126.7490178,34.9789163],[126.7490418,34.9788302],[126.7489853,34.9785091],[126.7489419,34.9783523],[126.7489038,34.9782684],[126.7489006,34.9782597],[126.7488667,34.9781665],[126.7488646,34.9781606],[126.74872,34.9780035],[126.7483888,34.9777781],[126.7483531,34.9777538],[126.7483369,34.9776993],[126.7482994,34.9775736],[126.7482493,34.9774956],[126.7482398,34.9774735],[126.7480282,34.9772646],[126.7478942,34.9771416],[126.7477916,34.9770474],[126.7480359,34.9767422],[126.7480427,34.9767337],[126.7481444,34.9765605],[126.7481446,34.9764917],[126.748145,34.9763183],[126.7480355,34.975983],[126.7479926,34.9758208],[126.7479913,34.975816],[126.7479901,34.9758152],[126.7476413,34.9755886],[126.747599,34.9755602],[126.7475072,34.9754984],[126.7474202,34.97544],[126.7473875,34.9753998],[126.7472497,34.9752462],[126.7471039,34.9750835],[126.7469274,34.9748868],[126.7469844,34.9747845],[126.7470049,34.9747512],[126.7470359,34.9747041],[126.7470611,34.9746679],[126.7470951,34.9746185],[126.7471415,34.9745274],[126.7471926,34.9744198],[126.7472293,34.9743452],[126.7472321,34.9742672],[126.7472398,34.974143],[126.7472465,34.9740128],[126.7472481,34.9739708],[126.747249,34.9739095],[126.7472509,34.9738103],[126.7472518,34.9737653],[126.7472597,34.9737211],[126.74728,34.9736523],[126.7472944,34.9736034],[126.7473358,34.9734619],[126.7473637,34.9733637],[126.7474137,34.9732495],[126.7473128,34.9731724],[126.7471291,34.9730488],[126.7470847,34.9730174],[126.7467522,34.9728343],[126.7466748,34.9727796],[126.7465702,34.9727067],[126.7465321,34.9726657],[126.7463849,34.9725688],[126.7462998,34.9725124],[126.7461521,34.9724507],[126.7461328,34.9724427],[126.7460354,34.9724217],[126.7459343,34.9723854],[126.7458873,34.9723685],[126.7457575,34.9723141],[126.745365,34.9723486],[126.7453558,34.9723575],[126.7452715,34.9723514],[126.7452204,34.9723688],[126.745202,34.9723755],[126.7451364,34.9723913],[126.7451347,34.9723917],[126.7447094,34.9724792],[126.7445549,34.9725113],[126.7444736,34.9725282],[126.7444517,34.9725328],[126.744415,34.9725409],[126.7444088,34.97253],[126.7442226,34.9725269],[126.7441897,34.9725264],[126.7441641,34.9724977],[126.7439677,34.9723979],[126.7439375,34.9723621],[126.743919,34.9723405],[126.7438618,34.9722711],[126.7437996,34.9722371],[126.7437623,34.9722039],[126.7437525,34.9721638],[126.7437453,34.9721345],[126.743721,34.9720657],[126.7437069,34.9720644],[126.743707,34.9720408],[126.7437556,34.97197],[126.7437488,34.9718795],[126.7436653,34.97184],[126.7435421,34.9718458],[126.7434519,34.9718318],[126.7434462,34.9717663],[126.7433564,34.971752],[126.743233,34.9717458],[126.7432118,34.9717348],[126.7430144,34.9717084],[126.7429557,34.9716902],[126.7429124,34.9716861],[126.7427147,34.9716562],[126.7424729,34.9716197],[126.7424277,34.9716012],[126.7420425,34.9714439],[126.7417559,34.9714096],[126.7416769,34.9714002],[126.7416453,34.9714054],[126.7415423,34.9714226],[126.741202,34.9714523],[126.7410987,34.9714679],[126.7410148,34.9714866],[126.7409766,34.9714917],[126.740967,34.971493],[126.7408834,34.9715266],[126.7408668,34.9715371],[126.7408471,34.9715662],[126.7408242,34.971549],[126.7408216,34.9715533],[126.7407694,34.9716406],[126.7407161,34.9716875],[126.7407048,34.9716975],[126.7404865,34.9719789],[126.7404582,34.9719716],[126.7403395,34.9720348],[126.7403296,34.9720406],[126.7403281,34.9720414],[126.7402992,34.972062],[126.7402275,34.9721197],[126.7401302,34.9721526],[126.7401181,34.972187],[126.7400862,34.9722037],[126.7400979,34.972214],[126.7400747,34.9722099],[126.7399775,34.9722667],[126.7399773,34.972222],[126.7398954,34.9722166],[126.7398744,34.9723083],[126.7398614,34.9723484],[126.739814,34.9724049],[126.7397679,34.9723421],[126.7397417,34.9722981],[126.7397986,34.9721933],[126.7397035,34.9722505],[126.7396686,34.9723046],[126.7396025,34.9723377],[126.7395209,34.9723261],[126.7394548,34.9723084],[126.7393702,34.9723352],[126.7392492,34.9723406],[126.7391909,34.9723227],[126.7391403,34.9723077],[126.7390543,34.9723332],[126.7389855,34.9723175],[126.7388666,34.972298],[126.7387936,34.9722894],[126.7387434,34.9722977],[126.7386992,34.9722743],[126.7386463,34.9722454],[126.738579,34.9722176],[126.7384671,34.9721441],[126.7383516,34.9720632],[126.7382542,34.9719762],[126.7379396,34.9717014],[126.7379264,34.9716898],[126.7378619,34.971614],[126.7378188,34.9715674],[126.7377072,34.9714302],[126.7376521,34.971357],[126.7376058,34.9712801],[126.7375427,34.9711579],[126.737467,34.9710382],[126.7373595,34.970848],[126.7373407,34.9707742],[126.737243,34.970645],[126.7371526,34.9704877],[126.7370492,34.970406],[126.7369597,34.9703291],[126.7366754,34.970209],[126.7365594,34.9701299],[126.7363459,34.9697545],[126.7363489,34.9695357],[126.736397,34.9693638],[126.7363401,34.9692096],[126.7363286,34.9691757],[126.736047,34.9691093],[126.7359914,34.9690769],[126.7359783,34.9690692],[126.735895,34.9690207],[126.735817,34.9689753],[126.7355901,34.9685634],[126.7355059,34.9684105],[126.7355545,34.9682573],[126.7358673,34.9676614],[126.7358737,34.9676486],[126.7358916,34.9676132],[126.7361698,34.9674886],[126.7363058,34.9674429],[126.7364306,34.9674017],[126.7365192,34.9673725],[126.736562,34.9673332],[126.7365596,34.9673214],[126.7366688,34.9672271],[126.7367183,34.9671844],[126.7367288,34.9671744],[126.7368138,34.9670941],[126.7369163,34.9670052],[126.7369338,34.9667928],[126.7369379,34.9667489],[126.736953,34.9665864],[126.7369601,34.9665104],[126.736939,34.9664511],[126.7369119,34.9663745],[126.7367985,34.9660707],[126.7367154,34.9658479],[126.7364237,34.965452],[126.7363619,34.9653681],[126.736409,34.96536],[126.7364223,34.9653577],[126.736565,34.9653325],[126.7365817,34.9653237],[126.7365485,34.9652275],[126.736527,34.9651617],[126.7364921,34.9649733],[126.7364578,34.9648734],[126.7365096,34.9647117],[126.7364726,34.9646879],[126.7365379,34.9645502],[126.7365587,34.9645157],[126.7365602,34.964514],[126.7366428,34.9643715],[126.7366502,34.964364],[126.7367051,34.9643095],[126.7367326,34.9643232],[126.7368468,34.9641582],[126.7369656,34.9640703],[126.7370877,34.9639799],[126.7372064,34.9638469],[126.73725,34.9637835],[126.7372586,34.963769],[126.7373253,34.9637343],[126.7375347,34.9636048],[126.7377645,34.9634257],[126.7378908,34.9633396],[126.7379806,34.9632676],[126.7381484,34.9631695],[126.738164,34.9631594],[126.7382761,34.9630727],[126.7383741,34.9629881],[126.7384306,34.9627877],[126.7384785,34.9626181],[126.7385157,34.9624866],[126.7381687,34.9620255],[126.7381268,34.9619709],[126.7379231,34.9617052],[126.7378699,34.9616308],[126.7378364,34.9615825],[126.7378151,34.9615535],[126.7378615,34.9614763],[126.7378869,34.9614319],[126.7371266,34.9610379],[126.7370597,34.9609896],[126.7378452,34.9600282],[126.7378353,34.960015],[126.7376578,34.9600569],[126.7375472,34.9600574],[126.7374678,34.9600221],[126.7374775,34.9599649],[126.7374519,34.9599276],[126.73733,34.9598537],[126.737197,34.9597094],[126.7371421,34.959582],[126.7371513,34.9592287],[126.7371602,34.9590392],[126.7372636,34.9587561],[126.7372883,34.9585433],[126.7372806,34.958281],[126.7372857,34.958065],[126.7372991,34.9579711],[126.7373254,34.9577646],[126.737336,34.9576813],[126.7373379,34.9575203],[126.7372936,34.9574594],[126.7372614,34.9574411],[126.7372463,34.9574325],[126.7372362,34.9574211],[126.7371861,34.9573643],[126.737176,34.9572981],[126.7371745,34.9572883],[126.737171,34.9572717],[126.7367537,34.9571487],[126.7366476,34.9571175],[126.7366122,34.9570889],[126.7366056,34.9570836],[126.7365451,34.957037],[126.737059,34.9564998],[126.7370926,34.9564557],[126.7372227,34.9562293],[126.7373854,34.955937],[126.737407,34.9558857],[126.7375879,34.955539],[126.7378768,34.9549313],[126.7380839,34.9546627],[126.7381658,34.9545415],[126.7382653,34.9544],[126.7382855,34.9543611],[126.7384324,34.9540596],[126.7384326,34.9540592],[126.7384586,34.9539398],[126.7384838,34.953824],[126.7385044,34.9534933],[126.7385141,34.9532472],[126.7385129,34.9532225],[126.7384301,34.9529241],[126.7384232,34.9528981],[126.7384184,34.9528747],[126.7383992,34.9527752],[126.7383858,34.9527417],[126.7383503,34.9526544],[126.738332,34.9526054],[126.7382576,34.9524065],[126.7382345,34.9523466],[126.7382358,34.9522027],[126.7382355,34.9521693],[126.7382352,34.9521256],[126.7382961,34.9519683],[126.7383871,34.9518365],[126.7384052,34.9518102],[126.7384109,34.951802],[126.7384195,34.9517859],[126.738535,34.9516414],[126.7386306,34.9515311],[126.738669,34.9514868],[126.7387526,34.9514056],[126.7387621,34.9513977],[126.7388215,34.9513357],[126.7388986,34.9513005],[126.7389859,34.9512359],[126.7390892,34.9511621],[126.7392624,34.9510254],[126.7392867,34.9510063],[126.7395068,34.9508336],[126.7398055,34.9506255],[126.7400875,34.9504428],[126.7404506,34.9502121],[126.7406709,34.9500048],[126.7407301,34.9499495],[126.7408062,34.9498785],[126.7411017,34.9496477],[126.7412571,34.9495123],[126.7412784,34.9494938],[126.7413134,34.949458],[126.7414312,34.9493375],[126.7414842,34.9492832],[126.7416928,34.9490536],[126.7417194,34.9490289],[126.7417536,34.9489958],[126.7418728,34.9488803],[126.742032,34.9487258],[126.7420217,34.9487054],[126.7422532,34.9484628],[126.7424576,34.9482197],[126.7425178,34.9481313],[126.7425898,34.9480257],[126.7426607,34.947984],[126.7429291,34.9478262],[126.7430181,34.9477707],[126.7432538,34.9475543],[126.7433357,34.947479],[126.7434134,34.947389],[126.7435642,34.9472142],[126.7438381,34.9470724],[126.7440729,34.9469649],[126.7444297,34.9468017],[126.7446018,34.9467058],[126.7448086,34.9465075],[126.7449985,34.9462829],[126.745066,34.9461974],[126.7455477,34.9457842],[126.7459416,34.9454807],[126.7462227,34.9452126],[126.7463426,34.9451077],[126.7464491,34.9450275],[126.7466359,34.9449099],[126.746671,34.9448391],[126.7467177,34.9447986],[126.747,34.9446191],[126.7471049,34.9445764],[126.7474436,34.9444324],[126.7477645,34.9442963],[126.7480725,34.9441657],[126.7482793,34.9441005],[126.7486081,34.9439969],[126.7487156,34.9439631],[126.7488374,34.9438985],[126.7489786,34.9438303],[126.7491275,34.9437397],[126.7492682,34.9436108],[126.7494072,34.9434891],[126.7495116,34.9433862],[126.7496153,34.9432841],[126.7496428,34.9432569],[126.7497679,34.9431753],[126.7497872,34.9431627],[126.7502396,34.9428674],[126.7503001,34.9428279],[126.7505675,34.9426539],[126.7507014,34.9425104],[126.7507439,34.9424749],[126.7507912,34.9424354],[126.7512571,34.9419815],[126.7513791,34.9418627],[126.751408,34.9418189],[126.751428,34.9417806],[126.7514576,34.9417342],[126.7515291,34.9416053],[126.7515806,34.9414982],[126.7516631,34.9413117],[126.7517273,34.9411848],[126.7517797,34.9410645],[126.7517941,34.9410287],[126.7518139,34.9409832],[126.7519001,34.9407317],[126.7519037,34.9407211],[126.7519312,34.9406341],[126.7519816,34.9405631],[126.7520829,34.9404203],[126.752275,34.9401399],[126.7523048,34.9397519],[126.7522971,34.939642],[126.7522858,34.939539],[126.7522285,34.939013],[126.7522628,34.938924],[126.752311,34.9387989],[126.7522307,34.9383588],[126.752226,34.9383334],[126.7521965,34.9378921],[126.7522018,34.9378423],[126.7522838,34.9370702],[126.7523907,34.9361469],[126.7524081,34.9356917],[126.752414,34.9350467],[126.7523,34.934602],[126.7522743,34.9345019],[126.7522799,34.934339],[126.7522939,34.933929],[126.7522949,34.9339003],[126.7523386,34.933729],[126.7523713,34.9335899],[126.752362,34.9334422],[126.7522984,34.9324825],[126.7521917,34.9320964],[126.7521319,34.9319282],[126.751919,34.9315562],[126.7518863,34.9315105],[126.7518674,34.9314865],[126.7518478,34.9314587],[126.7517899,34.9313972],[126.7517353,34.9313445],[126.7514696,34.9311164],[126.7514178,34.9310998],[126.7512139,34.9310343],[126.7511667,34.9310149],[126.75103,34.9309695],[126.7509697,34.9309514],[126.7508895,34.9309131],[126.7508664,34.9308987],[126.7508274,34.9308729],[126.7507876,34.9308522],[126.750667,34.9307907],[126.7506098,34.9307641],[126.7505153,34.9306833],[126.7505744,34.9306109],[126.7505847,34.9305928],[126.7506022,34.9305621],[126.7506364,34.9305023],[126.7506452,34.9304868],[126.7506548,34.9304642],[126.7509626,34.9302952],[126.7510699,34.9302085],[126.7512426,34.9300709],[126.7512984,34.9300264],[126.7513535,34.9299892],[126.7514182,34.9299454],[126.7514378,34.9299322],[126.7514986,34.929868],[126.7515858,34.9297747],[126.7516078,34.9297608],[126.7516814,34.9297142],[126.7516847,34.9297121],[126.7517321,34.9296821],[126.7518669,34.9295745],[126.7519065,34.9295429],[126.7519353,34.92952],[126.75216,34.9294289],[126.752266,34.9293898],[126.7523172,34.9293763],[126.7525448,34.9293164],[126.7526286,34.9292581],[126.7528344,34.9291751],[126.7531181,34.9290653],[126.7531397,34.9290538],[126.7532742,34.9289784],[126.7536177,34.9287034],[126.7539795,34.9284819],[126.7539943,34.9284703],[126.7540671,34.9284023],[126.7541566,34.9283186],[126.7543799,34.9281698],[126.7544366,34.9282319],[126.7544381,34.9282335],[126.7544596,34.9282621],[126.7545951,34.9281368],[126.7546383,34.9280889],[126.7547474,34.9279678],[126.7547977,34.927912],[126.7548055,34.9279034],[126.7549085,34.9277882],[126.7548937,34.9277876],[126.7548759,34.9277869],[126.7549351,34.9277028],[126.7549839,34.9276362],[126.7550472,34.9275758],[126.7551428,34.9274836],[126.7551623,34.9274854],[126.7552081,34.927457],[126.7552941,34.9273248],[126.7553187,34.9273011],[126.7554107,34.9272078],[126.7554572,34.9271548],[126.7554966,34.927108],[126.7555588,34.9270472],[126.7558694,34.9267419],[126.7559891,34.9266214],[126.7560691,34.9265409],[126.7560918,34.9265184],[126.7561482,34.9264132],[126.7561863,34.9263098],[126.7562058,34.9262802],[126.756299,34.9261436],[126.7563382,34.926086],[126.756364,34.9260542],[126.7564719,34.925921],[126.7565284,34.9258511],[126.7565492,34.9258154],[126.7567648,34.9256196],[126.7569499,34.9254876],[126.7571639,34.9253235],[126.7572748,34.9252658],[126.7575342,34.925081],[126.7576568,34.9250247],[126.7577599,34.9249895],[126.7577659,34.9249862],[126.7577495,34.9249432],[126.7576473,34.9247651],[126.7575054,34.9245176],[126.7574106,34.9242879],[126.7573968,34.9242475],[126.7573409,34.9241498],[126.7573241,34.9241202],[126.7571598,34.9239017],[126.7571235,34.9238594],[126.7569786,34.9236874],[126.7568495,34.9235345],[126.7568322,34.923516],[126.7565082,34.9232332],[126.7564065,34.9231221],[126.7563893,34.9231018],[126.7563817,34.923105],[126.7563128,34.9230492],[126.7562025,34.9229568],[126.7561587,34.9229139],[126.7560467,34.9227543],[126.7559694,34.9226806],[126.7559348,34.922649],[126.7555184,34.9222705],[126.7554115,34.9221959],[126.7553837,34.9221726],[126.7553652,34.9221342],[126.7553585,34.922135],[126.7553561,34.9221353],[126.7553131,34.9220398],[126.7551189,34.9216083],[126.7550945,34.9215565],[126.7552105,34.9215182],[126.7552484,34.9215048],[126.7551697,34.9213589],[126.7551144,34.9212564],[126.7550463,34.9211425],[126.7549452,34.9209737],[126.7548868,34.9208816],[126.7546932,34.9205656],[126.7545812,34.9204296],[126.754504,34.9203477],[126.7548329,34.9190526],[126.7547014,34.9188451],[126.7546556,34.918343],[126.7549131,34.917955],[126.7549649,34.9178118],[126.7551189,34.917663],[126.7551361,34.9174982],[126.7551496,34.9172767],[126.7551526,34.9172537],[126.755164,34.9171675],[126.75523,34.9171224],[126.7554034,34.9170042],[126.7556649,34.9168258],[126.7557645,34.9166638],[126.7560551,34.91615],[126.7562521,34.9158016],[126.7566879,34.9156383],[126.7571644,34.915523],[126.7572368,34.9154111],[126.7574655,34.9150575],[126.7577676,34.9148546],[126.7593387,34.9148618],[126.7596194,34.915085],[126.7598562,34.9152915],[126.7600211,34.9154354],[126.760588,34.9153967],[126.760819,34.9154238],[126.7615801,34.9155129],[126.7616594,34.9155222],[126.7618362,34.9152327],[126.7618164,34.9148428],[126.7619764,34.9145709],[126.7622747,34.9143342],[126.762549,34.9136676],[126.7632343,34.9130578],[126.7637136,34.9130414],[126.7639203,34.9130344],[126.7638726,34.9129805],[126.7637601,34.9128475],[126.7636397,34.9126882],[126.7635786,34.9124993],[126.7635364,34.9123261],[126.7635391,34.9123058],[126.7635815,34.9118876],[126.7636457,34.9116574],[126.7636797,34.9115494],[126.7638303,34.911083],[126.7638287,34.9110522],[126.7638173,34.9109814],[126.7637995,34.9109083],[126.7637503,34.9107058],[126.7638171,34.9106247],[126.763974,34.9104343],[126.7643556,34.9100636],[126.7645494,34.9098634],[126.7647428,34.9096292],[126.7647723,34.9095836],[126.7649934,34.9091585],[126.7650383,34.9090026],[126.7651039,34.9087447],[126.7652937,34.9084153],[126.7659146,34.9081088],[126.7661497,34.9077315],[126.7662086,34.9070251],[126.7667606,34.9063741],[126.7670191,34.9059895],[126.7675797,34.9055772],[126.7677381,34.9052724],[126.7681065,34.9046862],[126.7682908,34.9045782],[126.768391,34.9039486],[126.7685343,34.9037895],[126.7689479,34.9036028],[126.7691283,34.9035214],[126.7691711,34.9030282],[126.7685453,34.9022889],[126.7684147,34.9019599],[126.7683981,34.9015046],[126.7678742,34.9009596],[126.7671096,34.9003179],[126.7670849,34.9002945],[126.766798,34.9000067],[126.7661485,34.8995131],[126.7661429,34.8995088],[126.7661465,34.8995079],[126.7661487,34.8995023],[126.7662489,34.8991979],[126.7666006,34.8989735],[126.7666575,34.8989293],[126.7666765,34.8989148],[126.7669322,34.8987147],[126.7673164,34.8986487],[126.7674347,34.8986089],[126.7676884,34.8983867],[126.7677623,34.898312],[126.7679902,34.8980667],[126.7682208,34.897688],[126.7685753,34.8974429],[126.7689438,34.8970338],[126.7694418,34.8966611],[126.7696552,34.8964436],[126.7697357,34.8963382],[126.7703125,34.8956005],[126.7709066,34.895266],[126.7709428,34.8952544],[126.771284,34.8951612],[126.7716379,34.8951385],[126.7719562,34.8949936],[126.7724734,34.8943683],[126.7731376,34.8940958],[126.77315,34.8940861],[126.7732499,34.8940092],[126.7735861,34.8937538],[126.7737597,34.8936219],[126.7740143,34.8930873],[126.774117,34.8928716],[126.7745627,34.8924061],[126.7745642,34.8924045],[126.7745845,34.892383],[126.7746038,34.8923168],[126.7746554,34.8921397],[126.774689,34.8920243],[126.7747153,34.8919341],[126.7751915,34.8917376],[126.7753403,34.8914044],[126.7754396,34.8911891],[126.7755798,34.8908925],[126.7757097,34.8906277],[126.7757255,34.8905955],[126.7757361,34.890418],[126.7757442,34.8902826],[126.7758762,34.8901718],[126.7760808,34.8900002],[126.7761111,34.8899363],[126.7763633,34.8894042],[126.7763808,34.8893963],[126.7772779,34.8889901],[126.7779162,34.888886],[126.7789286,34.8888689],[126.7790144,34.8888435],[126.7795738,34.8886893],[126.7797977,34.8883236],[126.7798939,34.8881664],[126.7799104,34.8881548],[126.7804342,34.8879607],[126.7806308,34.887727],[126.7811513,34.8872115],[126.7815148,34.8870451],[126.7818013,34.8869139],[126.7821346,34.8866108],[126.7821477,34.8864857],[126.7821956,34.8860283],[126.7823415,34.8859418],[126.7831256,34.8854773],[126.7841916,34.8848458],[126.7842136,34.8848327],[126.7842141,34.8844405],[126.7837278,34.8836554],[126.783696,34.8830628],[126.7836894,34.8830408],[126.7836595,34.8829792],[126.7834531,34.882591],[126.7835343,34.8822889],[126.7834665,34.8818972],[126.7834354,34.8817452],[126.7834242,34.8816904],[126.7835574,34.8816446],[126.7836155,34.8816246],[126.7836848,34.8815476],[126.7838631,34.8813495],[126.783899,34.8808952],[126.7845326,34.8803452],[126.7849746,34.8796003],[126.784982,34.8795994],[126.7850837,34.8795857],[126.7852527,34.8795629],[126.7859614,34.8794675],[126.786118,34.8793055],[126.7863091,34.8792584],[126.7865987,34.8791871],[126.786777,34.8791587],[126.7868189,34.8791526],[126.7875945,34.8790405],[126.7885969,34.878882],[126.7887318,34.8788915],[126.7897872,34.8789665],[126.7898007,34.8789776],[126.7901003,34.879163],[126.7902076,34.8791104],[126.7913676,34.8785418],[126.7916666,34.8784666],[126.7918214,34.8784276],[126.7919723,34.8783896],[126.7920211,34.8783974],[126.7922337,34.8784312],[126.7924902,34.8785065],[126.7926107,34.8784577],[126.7935031,34.8780969],[126.7936121,34.8781433],[126.7938523,34.8782457],[126.7944034,34.8779402],[126.7949816,34.8773275],[126.7949868,34.8772905],[126.7950114,34.8771163],[126.7950139,34.8771072],[126.7952474,34.8766542],[126.7954761,34.8762354],[126.7955268,34.8762027],[126.796128,34.8758358],[126.7969263,34.8755155],[126.797454,34.8751342],[126.7978943,34.8749527],[126.7981198,34.8749218],[126.7982829,34.8748995],[126.7984009,34.874786],[126.7984647,34.8747246],[126.7985784,34.8746063],[126.7991677,34.8744395],[126.7991913,34.8744419],[126.799372,34.8744607],[126.7997276,34.8743481],[126.8000821,34.8738879],[126.8004189,34.8735379],[126.8004965,34.8734573],[126.80089,34.8732773],[126.8010862,34.8731876],[126.8012027,34.8730152],[126.8012198,34.8726243],[126.8012996,34.8721993],[126.8012222,34.8720066],[126.8016186,34.871445],[126.8016546,34.8708204],[126.8014671,34.8703594],[126.801294,34.8699654],[126.8012798,34.8699332],[126.8013851,34.8698605],[126.8017838,34.8695851],[126.8030545,34.8685284],[126.8032522,34.8685575],[126.8045071,34.8680625],[126.8046585,34.8680028],[126.8054528,34.867944],[126.8055297,34.8679383],[126.8056739,34.8680214],[126.8062216,34.8683368],[126.806716,34.8685741],[126.8069489,34.868357],[126.8076903,34.8683842],[126.8078574,34.8683903],[126.8082626,34.8684069],[126.8084848,34.8684159],[126.8086229,34.86842],[126.8091477,34.8687554],[126.8099256,34.8692553],[126.8099328,34.8692599],[126.810157,34.8694039],[126.8102288,34.8700772],[126.810168,34.8701986],[126.8099406,34.8705481],[126.8099188,34.8708021],[126.8102,34.8710466],[126.810495,34.8713137],[126.8106144,34.8718615],[126.8106426,34.8719907],[126.810663,34.8720892],[126.8107471,34.8724946],[126.8106155,34.8727574],[126.8106136,34.8727612],[126.8106159,34.8727665],[126.8106954,34.8729483],[126.8109031,34.8734281],[126.8109483,34.8735324],[126.8109882,34.873616],[126.8110945,34.8738113],[126.8112085,34.8740248],[126.8112883,34.8741964],[126.8113749,34.8744193],[126.8113671,34.8744237],[126.8114925,34.8747698],[126.8115427,34.8749083],[126.8115897,34.8750401],[126.8117828,34.8755994],[126.8120857,34.8760447],[126.8123515,34.876446],[126.8123467,34.8764552],[126.8123351,34.8767659],[126.8123294,34.8769207],[126.8122412,34.8770977],[126.8121991,34.8772017],[126.812088,34.8775567],[126.8121811,34.8782455],[126.8122539,34.8786216],[126.8122884,34.8788263],[126.8122973,34.8788462],[126.8127082,34.879222],[126.8127808,34.8792853],[126.8127797,34.8793648],[126.8127927,34.8803042],[126.8127984,34.8805429],[126.8129728,34.8808423],[126.8127848,34.8822696],[126.8127659,34.8825226],[126.8113737,34.8826095],[126.8103684,34.8825876],[126.8100318,34.8828941],[126.8097367,34.8831627],[126.8092288,34.883326],[126.8091956,34.8833308],[126.8082829,34.8834634],[126.8082412,34.8837266],[126.808174,34.8841518],[126.8081406,34.8843605],[126.807992,34.8846799],[126.8078693,34.8849434],[126.8069514,34.8851904],[126.8067571,34.8852435],[126.8065889,34.8853821],[126.8065885,34.885389],[126.8065773,34.8855756],[126.8064987,34.8858139],[126.8064969,34.8860724],[126.8064965,34.8860929],[126.8064202,34.8861538],[126.8063204,34.8862334],[126.8054324,34.8861451],[126.8047876,34.8861654],[126.8044217,34.8863406],[126.8035575,34.8862065],[126.8035463,34.8862112],[126.8035318,34.8862137],[126.8032624,34.8863324],[126.8028602,34.8865096],[126.8025861,34.8870985],[126.8021519,34.8879916],[126.8021322,34.8880144],[126.802072,34.8880617],[126.8017911,34.8882821],[126.8015593,34.8887131],[126.8015554,34.8892075],[126.8012193,34.8894977],[126.8011413,34.8895641],[126.8010462,34.8896227],[126.8008574,34.8897309],[126.8006136,34.8898707],[126.8005061,34.8899323],[126.8002112,34.8901467],[126.7996395,34.8903495],[126.79956,34.8905218],[126.7993469,34.8909836],[126.7988801,34.8914776],[126.7988294,34.891527],[126.7984062,34.8917354],[126.7983469,34.8917646],[126.7983834,34.8919519],[126.7984119,34.8920988],[126.798427,34.8922113],[126.7984796,34.8924316],[126.7984781,34.892524],[126.7984655,34.8926471],[126.7984349,34.8927898],[126.7984115,34.8930075],[126.7983982,34.8931313],[126.7982457,34.8934225],[126.7981943,34.8936004],[126.7982,34.8936224],[126.798313,34.89406],[126.7987017,34.8947147],[126.7988469,34.8949593],[126.7988287,34.8956133],[126.798938,34.896164],[126.7992455,34.8966073],[126.799427,34.8971262],[126.7994083,34.8976199],[126.7995812,34.8978362],[126.7994727,34.8984139],[126.7992694,34.8990043],[126.7992113,34.8991728],[126.7986114,34.8991472],[126.7984018,34.8991382],[126.7980568,34.8991185],[126.7978012,34.8993916],[126.7976329,34.8995678],[126.7966296,34.900618],[126.7964793,34.9006955],[126.795671,34.9011124],[126.7956249,34.901136],[126.7953778,34.901263],[126.7951495,34.9014731],[126.7947973,34.9017939],[126.7937211,34.9027938],[126.7939281,34.9031383],[126.7941651,34.9040425],[126.7934913,34.9045382],[126.7932594,34.904712],[126.793179,34.9050234],[126.7931441,34.905139],[126.7930298,34.9054963],[126.7930701,34.9064337],[126.7930664,34.9065945],[126.7932189,34.9072541],[126.7935175,34.9080123],[126.7935305,34.9080453],[126.7940605,34.9085789],[126.7942946,34.9088093],[126.7946336,34.9092465],[126.7948102,34.9094712],[126.7946309,34.9100754],[126.7944981,34.9105209],[126.7944924,34.9105719],[126.7944489,34.9109647],[126.7944313,34.9111242],[126.7945241,34.9112205],[126.7947854,34.9114915],[126.7947436,34.9117355],[126.7945483,34.9122576],[126.7944442,34.9125356],[126.7946631,34.9136738],[126.7948338,34.9139411],[126.7948583,34.9139795],[126.7948399,34.9140081],[126.7944457,34.9146178],[126.7934827,34.9152064],[126.7932555,34.9159481],[126.7931601,34.9162199],[126.7930519,34.9166261],[126.7929423,34.9170478],[126.7929422,34.9170486],[126.7929219,34.9171889],[126.7929117,34.9172594],[126.7928747,34.9175649],[126.7928661,34.9176567],[126.7928179,34.9181718],[126.7931332,34.9187529],[126.7932224,34.9189171],[126.7932646,34.9190057],[126.7934168,34.9192932],[126.7936165,34.920094],[126.7937387,34.9206841],[126.793828,34.9212073],[126.7939336,34.9217996],[126.7938692,34.9222689],[126.7937357,34.9232818],[126.7937191,34.9234177],[126.7936932,34.9236076],[126.7936869,34.9236537],[126.7935805,34.9243321],[126.7935497,34.9245283],[126.7940447,34.9250822],[126.7943697,34.9254473],[126.7948726,34.9256874],[126.7955525,34.9265059],[126.7962372,34.9271088],[126.796391,34.9272432],[126.7967373,34.9278051],[126.796796,34.9279133],[126.7968561,34.9280126],[126.7970319,34.9281731],[126.7977903,34.928866],[126.798619,34.9290533],[126.7992864,34.929202],[126.8002168,34.9296477],[126.8003159,34.9296649],[126.8008395,34.9297738],[126.8013872,34.929883],[126.8017816,34.9300164],[126.8018005,34.9300247],[126.8022207,34.9302546],[126.8030698,34.9307068],[126.8031029,34.931067],[126.8031266,34.9313254],[126.8029932,34.9321081],[126.8031883,34.9322398],[126.8033791,34.9323602],[126.8035957,34.9324969],[126.8041597,34.9328677],[126.8044172,34.9330387],[126.804671,34.9335275],[126.8053789,34.9348873],[126.8064732,34.9351077],[126.8077814,34.9352866],[126.8085629,34.9357576],[126.8087524,34.9358718],[126.8095275,34.9361683],[126.810077,34.936256],[126.8107976,34.936375],[126.8119858,34.9359627],[126.8125528,34.9358988],[126.8126707,34.9358855],[126.8132674,34.9363805],[126.8141804,34.937139],[126.8145798,34.9377627],[126.8144256,34.9380256],[126.814403,34.9380642],[126.814098,34.9387426],[126.8140417,34.9389012],[126.813726,34.9397916],[126.8136929,34.9398851],[126.8137688,34.9400268],[126.8141107,34.9406468],[126.8142112,34.9409723],[126.8142286,34.9410287],[126.8138019,34.9418806],[126.8136723,34.9422425],[126.813665,34.9422652],[126.8136479,34.9423224],[126.8136324,34.9423744],[126.8136264,34.9423779],[126.813932,34.9425433],[126.8142869,34.9427269],[126.8143636,34.9427666],[126.8143613,34.9427836],[126.8142959,34.9432714],[126.8143524,34.943613],[126.8145194,34.9441445],[126.8146544,34.9443047],[126.8148229,34.9445047],[126.814831,34.9445375],[126.8149399,34.9449787],[126.8149587,34.945055],[126.8149161,34.9450665],[126.8144819,34.9451845],[126.8144836,34.945778],[126.8146994,34.9465783],[126.8146762,34.946823],[126.8143252,34.9471851],[126.8142439,34.9477272],[126.8142406,34.9477713],[126.8136727,34.9482986],[126.8134203,34.948533],[126.8132619,34.9486801],[126.8132047,34.948849],[126.8132039,34.949789],[126.8132039,34.9498241],[126.8130637,34.9499996],[126.8128515,34.9502652],[126.8128498,34.9502784],[126.8130313,34.9504737],[126.8136148,34.9511159],[126.8137425,34.9517909],[126.8139012,34.9520153],[126.8142778,34.9523544],[126.8144366,34.9524973],[126.8144915,34.9525467],[126.8144716,34.9526444],[126.8143854,34.9530695],[126.814614,34.9531433],[126.8153244,34.9533726],[126.8155142,34.9534338],[126.81564,34.953473],[126.8158509,34.9535386],[126.8159296,34.9537548],[126.8160456,34.9541961],[126.816056,34.9542734],[126.8160808,34.9543582],[126.8160888,34.9543909],[126.8162539,34.9550662],[126.8167276,34.9550725],[126.817086,34.9550729],[126.8179665,34.9550801],[126.8180244,34.9550808],[126.8182952,34.9551099],[126.8184584,34.9552057],[126.8188888,34.9554819],[126.819114,34.9558628],[126.8192096,34.9560304],[126.8192355,34.9560886],[126.8192421,34.956102],[126.8192618,34.9561423],[126.8193201,34.9562527],[126.8195612,34.9567087],[126.8196031,34.9567745],[126.8193979,34.9571985],[126.8192378,34.9573524],[126.8191332,34.9574532],[126.8190423,34.9575408],[126.8189897,34.9576549],[126.8188962,34.9578577],[126.818741,34.9581865],[126.8187871,34.9586103],[126.8188661,34.9592603],[126.8188677,34.959264],[126.8193881,34.9595929],[126.8195676,34.9595914],[126.8195772,34.9595913],[126.8195883,34.9595945],[126.8201652,34.9597609],[126.8207264,34.9595583],[126.8209296,34.9594486],[126.8213337,34.9592597],[126.8223343,34.9592837],[126.8226819,34.9586474],[126.8231262,34.9586041],[126.8231979,34.9586475],[126.8235041,34.9588333],[126.8235149,34.95884],[126.8235939,34.9588883],[126.8237537,34.958981],[126.8242801,34.9594985],[126.8243318,34.960261],[126.8243325,34.9602688],[126.824504,34.9603899],[126.8250187,34.9607532],[126.8255606,34.9611307],[126.8255821,34.961521],[126.825647,34.9615761],[126.8257466,34.9616763],[126.825841,34.9617437],[126.8258633,34.9617724],[126.825971,34.9618795],[126.8259821,34.9622229],[126.8260416,34.9623123],[126.8258635,34.9631591],[126.8258318,34.9633711],[126.8261356,34.9638292],[126.8263037,34.9639974],[126.82665,34.9645689],[126.8266531,34.9645896],[126.8266826,34.964813],[126.8266502,34.9651763],[126.8266369,34.9653094],[126.826632,34.9653899],[126.8265733,34.9654698],[126.8264607,34.9656272],[126.8262779,34.9657364],[126.826203,34.9657811],[126.8260596,34.9659242],[126.825835,34.9659955],[126.8256315,34.9660631],[126.8256245,34.9660654],[126.8256145,34.966074],[126.8255228,34.9660959],[126.8253334,34.9663715],[126.8251216,34.9666796],[126.8250514,34.9667874],[126.8249151,34.9669375],[126.8245338,34.9670994],[126.8241351,34.9671392],[126.8239725,34.9671477],[126.8238419,34.9671667],[126.8235209,34.9672056],[126.823138,34.9668255],[126.8225424,34.9667975],[126.8225247,34.9667967],[126.8223962,34.9669048],[126.8220908,34.9671269],[126.821908,34.9672508],[126.8218356,34.9673073],[126.8216117,34.9674821],[126.8215428,34.9675224],[126.8214916,34.9675605],[126.8213348,34.9678618],[126.8213006,34.9678951],[126.8210447,34.968135],[126.8210333,34.9681429],[126.820849,34.9682185],[126.8208098,34.9682536],[126.8205033,34.9685289],[126.8204948,34.9685353],[126.8203515,34.968661],[126.8201666,34.9689788],[126.8201243,34.9690403],[126.8200341,34.9691462],[126.8199641,34.9692243],[126.819956,34.9692334],[126.8199325,34.9692452],[126.8197795,34.9693221],[126.8197373,34.9693433],[126.8194675,34.9694018],[126.819303,34.9694219],[126.819088,34.9694483],[126.8188783,34.9694693],[126.8188122,34.9694745],[126.8186886,34.9694879],[126.818649,34.969489],[126.8186148,34.9694931],[126.8186097,34.9694943],[126.8185596,34.9695067],[126.8184744,34.9695248],[126.8183994,34.9695337],[126.8182333,34.9695795],[126.8177384,34.9698525],[126.8176552,34.9698917],[126.8176052,34.969916],[126.8174284,34.9700019],[126.8170397,34.9701049],[126.8168923,34.9700957],[126.8167471,34.9700925],[126.81671,34.9700917],[126.8164975,34.9700813],[126.8164332,34.9700614],[126.8164174,34.9700624],[126.8163225,34.9700354],[126.8162565,34.9699976],[126.8159203,34.9697512],[126.8156148,34.9696461],[126.8155666,34.9697297],[126.8153565,34.9701117],[126.8153473,34.9701242],[126.8150742,34.9705008],[126.8149122,34.9707041],[126.8149086,34.9707087],[126.8148208,34.9712976],[126.8148073,34.9716938],[126.8148069,34.9717056],[126.814804,34.9717101],[126.8147492,34.9717932],[126.8147058,34.9718545],[126.8145419,34.9720154],[126.8144903,34.9720768],[126.8143671,34.9722236],[126.8143494,34.9722447],[126.8142656,34.9723462],[126.8142278,34.9724336],[126.8141169,34.9726881],[126.8139775,34.9730534],[126.8139365,34.9731089],[126.8138782,34.9731974],[126.8138731,34.973283],[126.8138593,34.9734534],[126.8138331,34.9735654],[126.8138111,34.9736768],[126.8138048,34.9737084],[126.8137387,34.9738374],[126.8137217,34.9738706],[126.8136409,34.9740057],[126.8134902,34.9743893],[126.8134845,34.9743977],[126.8133365,34.9746165],[126.813221,34.9747206],[126.8131375,34.9748999],[126.8130828,34.9750199],[126.8130692,34.9750966],[126.8130081,34.9754414],[126.8129956,34.975528],[126.8129544,34.9758152],[126.8128424,34.9762036],[126.8125801,34.9768068],[126.8125405,34.9769896],[126.812452,34.9774143],[126.8124751,34.9774252],[126.8125359,34.9774538],[126.81256,34.9774651],[126.8127195,34.9773752],[126.8134643,34.9772627],[126.8139353,34.9772377],[126.8140706,34.9772305],[126.8141468,34.977268],[126.8143722,34.9773787],[126.8145894,34.9773886],[126.8146718,34.9773924],[126.8152173,34.9776328],[126.8152668,34.9776524],[126.8153304,34.9776758],[126.8153517,34.977683],[126.8155441,34.9777482],[126.8158846,34.9778635],[126.8163644,34.9779064],[126.8164323,34.9779371],[126.816911,34.9781605],[126.8171442,34.9780442],[126.8175922,34.9783765],[126.8176928,34.9786389],[126.817636,34.9786924],[126.8176454,34.978708],[126.8176059,34.9787193],[126.8175576,34.9788346],[126.8175283,34.9789507],[126.8175121,34.9790625],[126.8175555,34.9791907],[126.817606,34.9792128],[126.8176869,34.9791911],[126.8177441,34.97921],[126.8178016,34.9792146],[126.817811,34.9791861],[126.8178526,34.9792474],[126.8178583,34.979205],[126.8178827,34.9792077],[126.8178743,34.9792767],[126.8179089,34.9793069],[126.8179614,34.9793528],[126.8180092,34.9793944],[126.8180177,34.9794054],[126.8181099,34.9795246],[126.8182428,34.9796351],[126.8183447,34.9797743],[126.8183878,34.9798086],[126.8185062,34.9798932],[126.8186665,34.9800091],[126.8190012,34.9801257],[126.8189934,34.9801295],[126.8188807,34.9803446],[126.8184608,34.9808337],[126.8183886,34.9808918],[126.8182702,34.9811022],[126.818181,34.9813895],[126.8180963,34.9815911],[126.8181036,34.9816017],[126.8180939,34.9817992],[126.8180892,34.9818974],[126.8180908,34.9819231],[126.8181284,34.9822938],[126.8181138,34.9822856],[126.8181144,34.9822956],[126.8185039,34.9830642],[126.8182733,34.9834475],[126.8179956,34.9838968],[126.8177951,34.9842216],[126.8177018,34.984365],[126.8174389,34.9852611],[126.8172488,34.9856431],[126.8171559,34.9858187],[126.8171031,34.9858904],[126.8167576,34.9863507],[126.8167483,34.9863632],[126.8165779,34.9867475],[126.8163595,34.9869613],[126.8157458,34.9875711],[126.8157239,34.9875912],[126.815671,34.9876247],[126.815587,34.987686],[126.8150782,34.98833],[126.8149231,34.9885263],[126.8149177,34.9885332],[126.8147458,34.9887799],[126.8147347,34.9887941],[126.8147109,34.9888251],[126.8146591,34.9888844],[126.8145007,34.989059],[126.8141518,34.9894287],[126.8141448,34.9895644],[126.8141263,34.9897273],[126.8141178,34.9898969],[126.8141569,34.9901674],[126.814184,34.9903527],[126.8139188,34.9905967],[126.8136039,34.9909436],[126.8135175,34.9911548],[126.8133186,34.9916492],[126.8131764,34.9920239],[126.8130923,34.9922434],[126.8127948,34.992578],[126.8125042,34.9929341],[126.8125162,34.993156],[126.8125304,34.9933813],[126.8126593,34.9936542],[126.8127175,34.993767],[126.8127181,34.9937778],[126.8127278,34.9939549],[126.8127488,34.9947252],[126.8127462,34.9947454],[126.8127444,34.9947592],[126.8127438,34.9947635],[126.8126605,34.9951461],[126.8123604,34.9953691],[126.8121474,34.9955116],[126.8121409,34.995547],[126.811904,34.995647],[126.8115664,34.9957894],[126.8114895,34.9958218],[126.811167,34.9959552],[126.810999,34.9961558],[126.8108606,34.996321],[126.8108208,34.9963542],[126.8107664,34.9964152],[126.8105749,34.9964631],[126.8104961,34.9964799],[126.8103257,34.9965162],[126.8101196,34.9966518],[126.8100104,34.9968578],[126.8099797,34.9969158],[126.8097518,34.9970048],[126.8096201,34.9970487],[126.8093838,34.9971276],[126.8092478,34.9971678],[126.8091463,34.9972531],[126.8086833,34.9975622],[126.8083885,34.9977527],[126.807832,34.9980486],[126.8076448,34.9979542],[126.8076303,34.9979617],[126.807312,34.9978002],[126.8070411,34.9978725],[126.806998,34.997884],[126.8067606,34.9977064],[126.8064186,34.9974506],[126.8063404,34.9974139],[126.8060445,34.9972826],[126.8059342,34.9972337],[126.8052499,34.9974024],[126.8051751,34.9973006],[126.8050403,34.9971274],[126.8049196,34.9969831],[126.8048589,34.9969199],[126.8048315,34.9968854],[126.8046798,34.9966804],[126.804655,34.9966508],[126.8046373,34.9966688],[126.804503,34.9964811],[126.8042474,34.9961237],[126.8042182,34.9960799],[126.8042055,34.9960834],[126.8041503,34.9960069],[126.8041271,34.995969],[126.8041779,34.9959695],[126.8040626,34.9957456],[126.8039591,34.9954697],[126.8039003,34.9951817],[126.8038762,34.9950866],[126.8038543,34.9950457],[126.8037777,34.9949417],[126.8037601,34.9949112],[126.8037427,34.9948454],[126.8037006,34.9947496],[126.8036645,34.9946654],[126.8035659,34.9944597],[126.8033512,34.9940079],[126.8029457,34.9931748],[126.8028609,34.9929158],[126.8028505,34.992884],[126.8028025,34.9927377],[126.8027582,34.9926023],[126.802614,34.9923888],[126.8025851,34.9924087],[126.802557,34.9924286],[126.8025392,34.9924408],[126.8024511,34.9925026],[126.8024238,34.9925219],[126.8023852,34.9925501],[126.802376,34.9925568],[126.8022504,34.9926484],[126.8021932,34.9926899],[126.8021573,34.992716],[126.8021128,34.9927694],[126.8020012,34.9928655],[126.8020007,34.9928651],[126.8019734,34.9928418],[126.8018682,34.9929433],[126.8018472,34.9929637],[126.8018443,34.9929663],[126.8017897,34.9930165],[126.8017895,34.9930168],[126.8017829,34.9930201],[126.8016941,34.9930692],[126.8011969,34.9934927],[126.8011738,34.9935113],[126.8010145,34.9936086],[126.8010094,34.9936102],[126.8009451,34.9936487],[126.8009145,34.993667],[126.8008627,34.9937041],[126.8008681,34.9937068],[126.8006852,34.9938003],[126.8005656,34.99387],[126.800528,34.9938918],[126.8003672,34.993988],[126.8003378,34.9939978],[126.800328,34.994],[126.7998863,34.9941017],[126.7998457,34.9941148],[126.7997101,34.9941531],[126.7996867,34.9941597],[126.7996865,34.9941013],[126.7995912,34.994172],[126.7995326,34.994218],[126.7992045,34.9945171],[126.7991026,34.9946034],[126.7990776,34.9946378],[126.798964,34.9947939],[126.7989071,34.9948707],[126.7987328,34.995106],[126.7985588,34.9953469],[126.7985001,34.995426],[126.7983747,34.9955983],[126.7983901,34.9956179],[126.7983283,34.9956772],[126.798259,34.9958337],[126.7982452,34.995865],[126.7982301,34.9958992],[126.7981923,34.9959459],[126.7981282,34.9960401],[126.7980976,34.9960745],[126.7980853,34.9960883],[126.7981149,34.9960954],[126.7980168,34.9961939],[126.7978528,34.9964274],[126.7977959,34.9964637],[126.797727,34.996521],[126.797576,34.9966875],[126.79757,34.9966899],[126.7974555,34.9967483],[126.7974122,34.9967805],[126.7973093,34.9968571],[126.7972891,34.9968724],[126.7972979,34.9968832],[126.7973099,34.9968979],[126.7973153,34.9969046],[126.7972102,34.9969931],[126.7970664,34.9971142],[126.7970499,34.9971281],[126.7967634,34.9973646],[126.796448,34.9975297],[126.7963146,34.9975995],[126.7962605,34.9976279],[126.79592,34.9977551],[126.796012,34.9976997],[126.795911,34.9977352],[126.7957504,34.9977917],[126.7957247,34.9978028],[126.7956879,34.9978151],[126.7956865,34.9978156],[126.7956731,34.9978201],[126.7956599,34.9978259],[126.7956347,34.9978369],[126.7954381,34.9979364],[126.7954046,34.9979533],[126.795386,34.9979627],[126.7951795,34.9979683],[126.794983,34.9980559],[126.7944216,34.9983097],[126.7943969,34.9984034],[126.7943755,34.9984132],[126.794138,34.9985172],[126.7940989,34.9985377],[126.7940064,34.9985879],[126.7938536,34.9986372],[126.7936828,34.9987077],[126.793473,34.9987932],[126.7931144,34.9989384],[126.7930896,34.99895],[126.7930906,34.9989169],[126.7929643,34.9989718],[126.7929851,34.9990053],[126.7929945,34.9990205],[126.7929595,34.9990329],[126.7927655,34.9991066],[126.7926704,34.9991418],[126.7924064,34.9992315],[126.7923109,34.9992622],[126.7922172,34.9992924],[126.7920771,34.9993412],[126.7920254,34.9993595],[126.7915857,34.9995143],[126.791373,34.9995909],[126.7912393,34.9996496],[126.7910657,34.9997468],[126.7910498,34.9997141],[126.7910236,34.9997],[126.7910322,34.9997228],[126.7910323,34.9997233],[126.7909752,34.9997572],[126.7908254,34.9998427],[126.7908071,34.9998531],[126.7907214,34.999902],[126.7907107,34.9999062],[126.7905403,34.999972],[126.7904172,35.0000068],[126.790271,35.0000502],[126.7898683,35.0001623],[126.7898518,35.0001707],[126.7898512,35.000171],[126.7898509,35.0001711],[126.7898227,35.0001853],[126.7897899,35.0001845],[126.789783,35.0001844],[126.789724,35.0001932],[126.7897105,35.0001924],[126.7896343,35.0001877],[126.7896103,35.0001895]]]}},
{"type":"Feature","properties":{"BASE_DATE":"20250630","ADM_CD":"36040510","ADM_NM":"송월동"},"geometry":{"type":"Polygon","coordinates":[[[126.7136359,35.0283097],[126.7136078,35.0283016],[126.713576,35.0282924],[126.7134825,35.0282972],[126.7134298,35.028262],[126.7133116,35.0281374],[126.7133353,35.0281351],[126.7133304,35.0281242],[126.7132825,35.0280206],[126.7132798,35.0280118],[126.7132554,35.0279321],[126.7132272,35.0278828],[126.7131967,35.0278784],[126.7131573,35.0278736],[126.713074,35.027862],[126.7130382,35.0278589],[126.7128691,35.0278115],[126.7128778,35.0277757],[126.7129137,35.0276272],[126.7129173,35.0276122],[126.712873,35.0275775],[126.7128215,35.027537],[126.7127246,35.0274327],[126.7126758,35.0273971],[126.7126493,35.0273778],[126.7125993,35.0273414],[126.7125062,35.0273032],[126.7124767,35.0273003],[126.7122579,35.0272766],[126.7122131,35.0272716],[126.7120323,35.0272513],[126.7118414,35.0272403],[126.7118285,35.0272597],[126.7116376,35.0272699],[126.7114855,35.027278],[126.711151,35.0272229],[126.7111495,35.0272226],[126.710863,35.0271563],[126.7107519,35.0271101],[126.7107379,35.0271066],[126.7107044,35.0270987],[126.710694,35.0270963],[126.7106664,35.0270899],[126.7106652,35.0270896],[126.7105221,35.0270558],[126.7104268,35.0270431],[126.7103879,35.027044],[126.710266,35.0270494],[126.7102547,35.0270506],[126.7101544,35.027061],[126.7099503,35.0270966],[126.7098084,35.0271226],[126.7096729,35.0271529],[126.7094807,35.0271827],[126.7092536,35.027172],[126.7090612,35.0271508],[126.7089158,35.027139],[126.7088059,35.0271357],[126.7086898,35.0271018],[126.708386,35.0270367],[126.708275,35.027002],[126.7082161,35.0269626],[126.7081478,35.0269588],[126.7080438,35.0269173],[126.707917,35.0268404],[126.7077643,35.0267211],[126.7075977,35.0266471],[126.7075158,35.0266095],[126.7073308,35.0264829],[126.7072539,35.0264718],[126.707206,35.0264451],[126.7071608,35.0264197],[126.7070069,35.026366],[126.7069206,35.026336],[126.7067468,35.026296],[126.706731,35.0262761],[126.706711,35.0262508],[126.7067576,35.0260748],[126.7067609,35.0260484],[126.7073582,35.0253714],[126.7076099,35.0251063],[126.708235,35.0243721],[126.708686,35.0238129],[126.7089548,35.0235914],[126.7090049,35.02355],[126.708927,35.0235234],[126.7088447,35.0234956],[126.708697,35.0234457],[126.7082607,35.0232984],[126.7076582,35.023076],[126.7077207,35.022773],[126.7082922,35.0216735],[126.7082971,35.021165],[126.7078293,35.020534],[126.7076611,35.0203071],[126.7076338,35.0202708],[126.7076008,35.0202374],[126.7075792,35.0201982],[126.7075627,35.0201754],[126.7075521,35.0201475],[126.7074736,35.0199254],[126.7074213,35.0197773],[126.7074149,35.0197034],[126.7074087,35.0196083],[126.7074282,35.0194839],[126.7074377,35.0194232],[126.7074638,35.0192611],[126.7074752,35.0192364],[126.7074817,35.0192222],[126.7074887,35.0192065],[126.7075523,35.0190688],[126.7075742,35.0190216],[126.7076079,35.018817],[126.7075565,35.0185993],[126.7075298,35.0185744],[126.7074145,35.0183502],[126.7071061,35.0177819],[126.7068489,35.0172984],[126.7067868,35.0168719],[126.7067781,35.0168123],[126.7067758,35.0167964],[126.7059869,35.0165937],[126.7057829,35.0165412],[126.7060121,35.0161189],[126.7063122,35.0155573],[126.7066096,35.0150122],[126.7066753,35.0147714],[126.7066801,35.0147486],[126.7068137,35.0141158],[126.7070793,35.0130687],[126.7071024,35.0129856],[126.707167,35.0127082],[126.7074001,35.0117366],[126.7071711,35.0115234],[126.7073867,35.010681],[126.7074813,35.0103119],[126.7087662,35.0105007],[126.7097906,35.0104215],[126.7103707,35.010368],[126.7104267,35.0104002],[126.7104857,35.0104239],[126.7106241,35.010479],[126.710791,35.0105198],[126.7107994,35.0103992],[126.7108911,35.0104078],[126.7110153,35.010407],[126.7110623,35.010388],[126.7110688,35.0103854],[126.7111284,35.0103668],[126.7111987,35.0103391],[126.7112787,35.0100941],[126.7112783,35.0100889],[126.7112713,35.0099787],[126.7113936,35.0098326],[126.7114499,35.0097855],[126.7116852,35.0096642],[126.7118109,35.0096293],[126.7118346,35.0096679],[126.7119544,35.0096343],[126.7119623,35.0096483],[126.7120257,35.0097615],[126.7120887,35.0099002],[126.7121354,35.009943],[126.7123318,35.0102778],[126.7123702,35.010449],[126.7123904,35.010539],[126.7124253,35.0105996],[126.7125911,35.010888],[126.7126776,35.0110393],[126.7127754,35.0112498],[126.7129469,35.0111948],[126.7131851,35.0111184],[126.7132031,35.0111124],[126.7135005,35.0110179],[126.7135483,35.0110048],[126.7138368,35.0109254],[126.7138872,35.0109137],[126.7143598,35.0108034],[126.7143826,35.0107958],[126.7147569,35.0106748],[126.7148078,35.0105939],[126.7149593,35.0105132],[126.7151449,35.0103026],[126.7154594,35.0093368],[126.7153843,35.0089386],[126.7152558,35.0086285],[126.7152423,35.0085961],[126.7152173,35.0085356],[126.7152258,35.0084697],[126.715242,35.0083535],[126.7152739,35.0081238],[126.7153579,35.007987],[126.7154389,35.007846],[126.7154705,35.007791],[126.7155061,35.0077682],[126.7153811,35.0076544],[126.7156276,35.0076003],[126.7161191,35.0074925],[126.7162569,35.0079099],[126.7162604,35.0079188],[126.7162914,35.0079987],[126.7164718,35.0084632],[126.7165825,35.0087572],[126.7166183,35.0089867],[126.7166437,35.009149],[126.7166752,35.0093503],[126.7166987,35.009516],[126.7172003,35.0096332],[126.7170388,35.0105946],[126.7174263,35.0109942],[126.7175241,35.0108476],[126.7175724,35.0107313],[126.7178845,35.0106945],[126.7185786,35.0107067],[126.7187537,35.0109046],[126.71903,35.0108503],[126.719457,35.0107956],[126.7197133,35.0107487],[126.719762,35.0107399],[126.7199456,35.0106913],[126.719963,35.0106867],[126.7202461,35.0106282],[126.7207626,35.0105215],[126.721003,35.0104675],[126.7211142,35.0104787],[126.7214352,35.0104452],[126.7221067,35.010467],[126.7227339,35.0105348],[126.722866,35.0105317],[126.7229205,35.0104783],[126.7236057,35.0098078],[126.7242331,35.0091699],[126.7247323,35.0086559],[126.7251857,35.0082291],[126.7255589,35.0079561],[126.7260604,35.0076838],[126.7260859,35.0076699],[126.7269295,35.0072986],[126.727504,35.0070131],[126.7283146,35.0065021],[126.7287353,35.0063368],[126.7287748,35.0063213],[126.7288455,35.0063005],[126.7298788,35.0059976],[126.7305806,35.0058027],[126.731203,35.0056195],[126.7313609,35.0055649],[126.7318902,35.0053818],[126.7318992,35.0053787],[126.732414,35.0051999],[126.7332991,35.0053459],[126.7333686,35.0053643],[126.7337682,35.0054703],[126.7345402,35.0056712],[126.7348347,35.0058277],[126.7353533,35.006177],[126.7353827,35.0062027],[126.7357829,35.0065529],[126.7362404,35.0070325],[126.7370412,35.0079774],[126.7373069,35.0083387],[126.7375628,35.008763],[126.7377421,35.0091436],[126.7378781,35.0094322],[126.7380339,35.0097511],[126.7381024,35.0102545],[126.7381432,35.0106422],[126.7380826,35.010765],[126.7378722,35.011191],[126.7372772,35.0129451],[126.7371281,35.013962],[126.7371272,35.0142455],[126.7372036,35.015566],[126.7372099,35.0156743],[126.7372228,35.0158978],[126.7373003,35.0172374],[126.7373358,35.0178514],[126.7373088,35.0181059],[126.7374623,35.0184541],[126.7375557,35.0185811],[126.737054,35.018815],[126.7367733,35.0188337],[126.7366338,35.0188904],[126.7364029,35.0189504],[126.7363606,35.018941],[126.736253,35.0189136],[126.7361726,35.0189046],[126.7359935,35.0189024],[126.7359464,35.0189019],[126.7356721,35.0188692],[126.7355628,35.0188517],[126.7354633,35.0188637],[126.735229,35.0189038],[126.7350643,35.0189357],[126.7347788,35.0189705],[126.734693,35.0189696],[126.7346359,35.0189505],[126.7344377,35.0188686],[126.7343345,35.0188394],[126.7342315,35.0188103],[126.7341729,35.0188046],[126.7341406,35.0188016],[126.7340928,35.0187973],[126.7340382,35.0187993],[126.7339309,35.0188032],[126.7337247,35.0188078],[126.7334654,35.0188371],[126.7334583,35.0188396],[126.7334491,35.0188428],[126.7333481,35.0188999],[126.7332262,35.0189791],[126.7330415,35.0190732],[126.7329236,35.0191299],[126.7329019,35.0191404],[126.7327478,35.0192099],[126.7326376,35.0192608],[126.7324612,35.019341],[126.7324103,35.0193642],[126.7323983,35.0193918],[126.7323822,35.0194162],[126.732386,35.0194987],[126.7323652,35.0195376],[126.732329,35.0195953],[126.7322784,35.019686],[126.7322457,35.0197467],[126.7321932,35.0197751],[126.7321296,35.0197884],[126.7320936,35.0197959],[126.7318874,35.0196103],[126.7318452,35.0195718],[126.731791,35.0195223],[126.731646,35.0194844],[126.7316137,35.0194759],[126.7315445,35.0194578],[126.7314789,35.0194407],[126.7313631,35.0193932],[126.7313523,35.0193899],[126.7312572,35.0193831],[126.7311999,35.019394],[126.7311583,35.0194019],[126.7311073,35.0193769],[126.7309826,35.0193155],[126.730842,35.0192458],[126.7307662,35.0192069],[126.7307352,35.0192298],[126.7306724,35.0192763],[126.7306792,35.0192865],[126.7307702,35.0194236],[126.7309683,35.0195614],[126.7309973,35.0195816],[126.7310032,35.0195855],[126.7310259,35.0196006],[126.7310426,35.0196018],[126.7310876,35.0196051],[126.7311292,35.0196078],[126.7311927,35.0196615],[126.7311987,35.0196665],[126.7312567,35.0197147],[126.7313145,35.0197636],[126.7314508,35.0198804],[126.7314617,35.0198898],[126.7314854,35.0199804],[126.7314995,35.0200383],[126.7314561,35.0200403],[126.7314374,35.0200415],[126.7313462,35.0200457],[126.7313432,35.0200458],[126.7313296,35.0200464],[126.7312408,35.020051],[126.7311174,35.0200228],[126.7310464,35.0200073],[126.7309324,35.0199625],[126.7308688,35.0199666],[126.7308447,35.0200721],[126.7307936,35.0200896],[126.730763,35.0201001],[126.7307311,35.0201294],[126.7307304,35.0201643],[126.7307644,35.0201787],[126.7308161,35.0202007],[126.7308743,35.0202544],[126.7308881,35.0202659],[126.7309537,35.0203208],[126.7309995,35.0204065],[126.7310144,35.0204344],[126.7310637,35.020538],[126.7310962,35.0206124],[126.73114,35.0207563],[126.731166,35.0208406],[126.7311656,35.0209975],[126.7311655,35.0210632],[126.731166,35.0211476],[126.7311588,35.0211509],[126.7309683,35.0212494],[126.7308935,35.0212915],[126.7305471,35.0213451],[126.7303855,35.0213674],[126.7301067,35.0214121],[126.729917,35.0214405],[126.7297322,35.0214679],[126.7295987,35.0215796],[126.7295213,35.0216424],[126.7294985,35.0216609],[126.7290563,35.0220104],[126.7289414,35.0221479],[126.7289388,35.022151],[126.7289178,35.0221753],[126.7288805,35.0221794],[126.7288771,35.0221796],[126.728759,35.0221856],[126.7287025,35.0221885],[126.7285526,35.0221877],[126.7284235,35.022187],[126.7283551,35.0221787],[126.7281804,35.0221823],[126.7281,35.0221912],[126.7280307,35.022197],[126.7280144,35.0221983],[126.7279176,35.0222127],[126.7278756,35.0222097],[126.7278722,35.0222094],[126.727817,35.0222074],[126.7275296,35.0222441],[126.7274908,35.022249],[126.727346,35.0222778],[126.7273101,35.022283],[126.7272978,35.0222848],[126.7272216,35.0223301],[126.7272068,35.022339],[126.7271584,35.0223546],[126.7271279,35.0223644],[126.7270254,35.0223805],[126.7269883,35.0223782],[126.7269599,35.0223885],[126.7268907,35.0224136],[126.7267699,35.0224879],[126.726681,35.0225161],[126.726649,35.0225266],[126.7266381,35.0225276],[126.7265556,35.0225378],[126.7263539,35.022589],[126.7263398,35.0225928],[126.7263283,35.0225958],[126.7263283,35.0225962],[126.7263342,35.0226226],[126.7263319,35.0226233],[126.7262365,35.0226519],[126.726235,35.022693],[126.7262253,35.0229605],[126.726224,35.0229973],[126.7261922,35.0230133],[126.7261469,35.0230226],[126.726124,35.0230273],[126.7260792,35.0230365],[126.7260363,35.0230452],[126.7260375,35.0230595],[126.7259585,35.0231099],[126.7259381,35.0231187],[126.7260071,35.0235421],[126.7261131,35.023809],[126.7261358,35.0240496],[126.7261879,35.0247125],[126.726202,35.0249018],[126.7262055,35.0249246],[126.7261082,35.0249287],[126.7258259,35.0249411],[126.7256512,35.0249488],[126.7256042,35.0251947],[126.7251544,35.0251514],[126.7250563,35.0251576],[126.7250342,35.0251631],[126.7249981,35.0251809],[126.7249276,35.0252398],[126.7248605,35.0252631],[126.7247234,35.0252923],[126.7246262,35.025312],[126.724559,35.0253021],[126.7245227,35.0253034],[126.7244634,35.0253197],[126.7243764,35.0253147],[126.7243318,35.025307],[126.7242937,35.0253008],[126.7242257,35.025276],[126.7241531,35.0252785],[126.7240441,35.025258],[126.7240333,35.0252648],[126.724018,35.0252728],[126.7238733,35.0253111],[126.7237347,35.0253444],[126.723613,35.0253837],[126.7234727,35.0254303],[126.7233583,35.025458],[126.7232608,35.02548],[126.7232125,35.025463],[126.723208,35.0254613],[126.7231869,35.0254654],[126.7231192,35.0254786],[126.7231002,35.0254887],[126.7230673,35.0255061],[126.7229673,35.0255329],[126.7228057,35.02562],[126.7227273,35.0256367],[126.7227262,35.0256367],[126.7226715,35.0256399],[126.7226501,35.0256412],[126.7226339,35.025642],[126.7225713,35.0255625],[126.7224783,35.025509],[126.7223648,35.0254628],[126.722205,35.0255675],[126.7218386,35.0256308],[126.7219431,35.0256051],[126.7220477,35.0255442],[126.7219166,35.025584],[126.721913,35.0255861],[126.7218267,35.0256108],[126.7217161,35.0256355],[126.7216338,35.0256775],[126.7214978,35.0257107],[126.7213391,35.025742],[126.721321,35.0257456],[126.7212404,35.025769],[126.7211444,35.0258103],[126.7211019,35.0258434],[126.7210826,35.0258584],[126.721038,35.0259367],[126.7210299,35.025934],[126.721028,35.0259375],[126.7209847,35.0259488],[126.7209215,35.0259301],[126.7209126,35.0259219],[126.7208794,35.0259098],[126.7208337,35.0259026],[126.7207873,35.0258927],[126.7207587,35.0258753],[126.7207222,35.0258743],[126.7206867,35.0258747],[126.7206579,35.0258698],[126.7205418,35.0258801],[126.7205264,35.0258977],[126.7204835,35.0259037],[126.7204387,35.02591],[126.7204363,35.0258811],[126.7204261,35.0258818],[126.7203386,35.0258859],[126.7203024,35.0258852],[126.72025,35.0258743],[126.7202136,35.0258746],[126.7202075,35.0258771],[126.7201862,35.0258856],[126.720155,35.0259084],[126.7201372,35.0259406],[126.7201089,35.0259394],[126.7198951,35.0259304],[126.7198936,35.0259391],[126.7196825,35.0259343],[126.7196251,35.0259466],[126.7196131,35.0259491],[126.7196119,35.0259508],[126.7195965,35.0259732],[126.7195419,35.0260512],[126.7195054,35.0261185],[126.7194551,35.026193],[126.7193301,35.0262835],[126.7193287,35.0262845],[126.7193284,35.0262847],[126.7193245,35.0262851],[126.7190123,35.0263194],[126.7188268,35.0263418],[126.7187726,35.0263554],[126.7186985,35.0263738],[126.7183563,35.0264593],[126.7180312,35.0264636],[126.7179753,35.0264643],[126.7178294,35.0264814],[126.7177314,35.0264928],[126.717646,35.0265474],[126.7175864,35.0265854],[126.7175416,35.0266285],[126.7174637,35.0266953],[126.7173494,35.0267341],[126.7171771,35.0267546],[126.7171537,35.0267572],[126.7170888,35.0267645],[126.7170161,35.0267802],[126.7169554,35.0267934],[126.716922,35.0268006],[126.7168922,35.0268072],[126.7168829,35.026808],[126.7167963,35.0268111],[126.7166695,35.0268157],[126.716649,35.0268173],[126.716621,35.0269169],[126.7166154,35.0269365],[126.7166044,35.0271542],[126.716602,35.0272006],[126.7166079,35.0272171],[126.716509,35.0272426],[126.716484,35.0272485],[126.7164318,35.0272741],[126.7163849,35.0272977],[126.7162594,35.0273206],[126.7161719,35.0273376],[126.7161117,35.027358],[126.7160852,35.0273821],[126.7160812,35.0273845],[126.7160599,35.027405],[126.7160593,35.027407],[126.7160397,35.0274288],[126.7159627,35.0274793],[126.7158895,35.0275086],[126.7158495,35.0275206],[126.7155501,35.0276095],[126.7151101,35.0277112],[126.7149865,35.0277568],[126.7149316,35.0277858],[126.7149033,35.0277977],[126.7148609,35.0278154],[126.7148558,35.0278469],[126.7148499,35.027883],[126.7148321,35.027991],[126.7148201,35.0280643],[126.7148127,35.0281097],[126.7146508,35.0280815],[126.7143619,35.0280465],[126.7143422,35.0280433],[126.7142874,35.0280583],[126.7142234,35.02808],[126.7142113,35.0280823],[126.7141622,35.0280919],[126.7141278,35.028111],[126.71407,35.0281289],[126.7140321,35.0281406],[126.7139378,35.0281724],[126.7138823,35.0281943],[126.7137824,35.0282219],[126.7137009,35.028265],[126.7136971,35.0282676],[126.7136359,35.0283097]]]}},
{"type":"Feature","properties":{"BASE_DATE":"20250630","ADM_CD":"36040520","ADM_NM":"영강동"},"geometry":{"type":"Polygon","coordinates":[[[126.7082971,35.021165],[126.7082922,35.0216735],[126.7077207,35.022773],[126.7076582,35.023076],[126.707584,35.0230768],[126.7075168,35.0230775],[126.7070008,35.0230828],[126.7066752,35.0230929],[126.706274,35.0230907],[126.7062446,35.0230905],[126.7060383,35.0230894],[126.7057934,35.0226658],[126.7056248,35.0223743],[126.7054903,35.0222893],[126.7052062,35.0221099],[126.7043519,35.0215673],[126.7042759,35.0215152],[126.7042246,35.0214801],[126.7041952,35.0214736],[126.7039234,35.0214066],[126.7032508,35.0212615],[126.7031957,35.0212365],[126.7027072,35.0208152],[126.7024277,35.0207528],[126.7022148,35.0207591],[126.7019412,35.0207265],[126.7016126,35.0207285],[126.7013304,35.0207192],[126.7011746,35.0206965],[126.700853,35.0207435],[126.70065,35.0207064],[126.7004407,35.0207734],[126.7002929,35.0207764],[126.7000637,35.0206951],[126.7000087,35.0206847],[126.6999938,35.0206817],[126.6999327,35.0206695],[126.6999213,35.0206578],[126.6997811,35.0205152],[126.6996295,35.0203843],[126.6995944,35.0203544],[126.6994939,35.0202685],[126.6994727,35.0202539],[126.6994585,35.020244],[126.6994405,35.0202105],[126.6994108,35.0201458],[126.6993998,35.0201219],[126.6993658,35.0200717],[126.6993515,35.020043],[126.6984653,35.0199974],[126.6978137,35.0199653],[126.6972985,35.0199341],[126.6967307,35.0199059],[126.6964723,35.0199526],[126.6962494,35.0200205],[126.6958899,35.0202553],[126.6953779,35.0205997],[126.6949546,35.0206981],[126.6949091,35.0209467],[126.694888,35.0210617],[126.6946792,35.0214828],[126.6940374,35.0213829],[126.6931735,35.0209626],[126.6931592,35.0209611],[126.6931024,35.020955],[126.6929573,35.0209396],[126.6921633,35.0206408],[126.6917382,35.0206872],[126.6912022,35.0207655],[126.6907986,35.0207436],[126.6905881,35.0207368],[126.6903922,35.0206663],[126.6903674,35.0206632],[126.6901922,35.0206579],[126.6898349,35.0206029],[126.6893384,35.0204657],[126.6889561,35.0201307],[126.688872,35.0199457],[126.6888167,35.0198315],[126.688665,35.0196804],[126.688527,35.0195428],[126.6882508,35.0192676],[126.6882288,35.0192452],[126.6881667,35.019186],[126.6880861,35.0191447],[126.6872782,35.0187308],[126.6872566,35.0187173],[126.6870993,35.0186307],[126.6869112,35.0185513],[126.6868583,35.0185281],[126.6866093,35.018421],[126.6865477,35.0186744],[126.6859588,35.0192683],[126.6859168,35.0191957],[126.6858344,35.019253],[126.6858032,35.0193247],[126.6857953,35.0193429],[126.685784,35.0196614],[126.6857845,35.0198941],[126.6857846,35.0199075],[126.6857473,35.0201135],[126.6857023,35.0203621],[126.6857832,35.020478],[126.6858598,35.0205347],[126.6859709,35.0206169],[126.6860824,35.0207302],[126.6861136,35.0207735],[126.6861716,35.0208541],[126.6862082,35.0209879],[126.6862236,35.0210659],[126.6862255,35.0210756],[126.6862204,35.0211008],[126.6861994,35.021205],[126.6861941,35.021231],[126.6861785,35.0212529],[126.6861201,35.0213346],[126.6860289,35.0214798],[126.6860283,35.0214903],[126.6860199,35.0216379],[126.6860942,35.0218016],[126.6861024,35.0218196],[126.6861336,35.0218797],[126.6862136,35.0220338],[126.6862176,35.0220418],[126.6862396,35.022086],[126.6862954,35.0221903],[126.686316,35.0222288],[126.6863029,35.02223],[126.6862947,35.0222308],[126.6862313,35.0221987],[126.6857944,35.0219743],[126.6854925,35.021848],[126.685202,35.021748],[126.6851962,35.021746],[126.6850188,35.0216972],[126.6846922,35.0216148],[126.6842218,35.0215125],[126.6837671,35.0215209],[126.6836239,35.0215061],[126.6834015,35.0214728],[126.6833352,35.0214386],[126.6832413,35.0213271],[126.6832178,35.0212983],[126.6830944,35.0212555],[126.6830547,35.0212534],[126.6828595,35.0212259],[126.682661,35.0212269],[126.6824906,35.0212016],[126.6823813,35.0211778],[126.6822912,35.0211392],[126.6821376,35.0210902],[126.682118,35.0210794],[126.6821068,35.0210732],[126.6820912,35.0210595],[126.682063,35.0210265],[126.6820046,35.0209264],[126.6819765,35.0208861],[126.6818898,35.0207843],[126.6817657,35.0207296],[126.6816642,35.0206747],[126.6814046,35.0206445],[126.681388,35.0206042],[126.6813807,35.0205414],[126.6813706,35.0204539],[126.6813646,35.0204049],[126.6813645,35.0204045],[126.6813426,35.0202565],[126.6812893,35.0198496],[126.6810717,35.0191658],[126.6808651,35.0185164],[126.6802591,35.018135],[126.6799607,35.0179579],[126.6792455,35.0176426],[126.6786006,35.017167],[126.678032,35.0169276],[126.6773497,35.0163036],[126.6772527,35.015651],[126.6765646,35.0150448],[126.6765334,35.0148692],[126.6765318,35.0148602],[126.6765596,35.0148318],[126.6769658,35.0144164],[126.677012,35.0142095],[126.6770695,35.0139523],[126.677113,35.0138133],[126.6766775,35.012932],[126.6765176,35.0125945],[126.6760953,35.0118971],[126.67605,35.0118224],[126.6759453,35.0114476],[126.6757088,35.0105774],[126.675719,35.0104371],[126.6757424,35.0099882],[126.6757755,35.0093505],[126.6758871,35.0088707],[126.6759148,35.0087918],[126.6761095,35.0082373],[126.6761928,35.0078355],[126.676208,35.0077489],[126.6762138,35.0077163],[126.6762143,35.0077131],[126.6763006,35.0070759],[126.6762915,35.0068875],[126.6762812,35.0065116],[126.6765776,35.0055028],[126.6765616,35.0052548],[126.6766691,35.0046218],[126.6768152,35.0044622],[126.6768184,35.0044587],[126.6769219,35.0043456],[126.6770033,35.0042596],[126.6771003,35.0041377],[126.6771011,35.0041367],[126.6772394,35.0038267],[126.6776921,35.0038476],[126.6804467,35.0039746],[126.6829921,35.0029614],[126.6831258,35.0029082],[126.6832595,35.002855],[126.6833903,35.0028291],[126.6836245,35.0027828],[126.6840227,35.002519],[126.6843713,35.0022884],[126.6847514,35.0019688],[126.684885,35.0018564],[126.6852322,35.0015668],[126.6857718,35.0012203],[126.6861259,35.0009935],[126.6865222,35.000706],[126.6867049,35.0005751],[126.6873351,35.0001525],[126.687613,35.0001325],[126.6878644,35.0001144],[126.6879224,35.0000308],[126.6881472,34.999707],[126.6883654,34.9993668],[126.688955,34.9984475],[126.6893789,34.9977961],[126.6896355,34.9974016],[126.6904981,34.9970799],[126.6907365,34.9970361],[126.6907352,34.9974118],[126.6919073,34.9971487],[126.6927707,34.9970256],[126.6931116,34.996976],[126.6941029,34.996885],[126.6947211,34.9968798],[126.6955175,34.9971435],[126.6960556,34.9974065],[126.696759,34.9977239],[126.6980815,34.9985799],[126.6983376,34.9987701],[126.6985628,34.9989375],[126.6986561,34.9990067],[126.698952,34.9992111],[126.6991316,34.9993352],[126.6995697,34.9996343],[126.7000194,34.9997815],[126.7004618,34.9998986],[126.7009773,34.9999282],[126.701634,34.9998578],[126.7024619,34.9997431],[126.7029082,34.9996691],[126.7036794,34.9996625],[126.703696,34.9996623],[126.7043353,34.9996629],[126.7050466,34.999692],[126.7053892,34.9997148],[126.7055515,34.9997225],[126.7060398,34.9997374],[126.706341,34.999755],[126.7067628,34.9997847],[126.70709,34.9997651],[126.707414,34.9997457],[126.7075378,34.9997383],[126.7079732,34.9997576],[126.7081222,34.9997651],[126.7083158,34.9997768],[126.7084324,34.9997839],[126.7087822,34.9998075],[126.709032,34.9999487],[126.7093431,35.0001287],[126.7097781,35.000379],[126.7103775,35.0007482],[126.7105197,35.0008292],[126.711075,35.0014213],[126.7114591,35.0018309],[126.7119842,35.0025218],[126.7122133,35.0029002],[126.7122871,35.0030222],[126.7124994,35.0033729],[126.7130236,35.0039577],[126.7133352,35.0042521],[126.713763,35.0046562],[126.7142396,35.0052117],[126.7144456,35.0054518],[126.7147599,35.0058365],[126.7147911,35.0058757],[126.7150971,35.0062606],[126.7157281,35.006986],[126.7161191,35.0074925],[126.7156276,35.0076003],[126.7153811,35.0076544],[126.7155061,35.0077682],[126.7154705,35.007791],[126.7154389,35.007846],[126.7153579,35.007987],[126.7152739,35.0081238],[126.715242,35.0083535],[126.7152258,35.0084697],[126.7152173,35.0085356],[126.7152423,35.0085961],[126.7152558,35.0086285],[126.7153843,35.0089386],[126.7154594,35.0093368],[126.7151449,35.0103026],[126.7149593,35.0105132],[126.7148078,35.0105939],[126.7147569,35.0106748],[126.7143826,35.0107958],[126.7143598,35.0108034],[126.7138872,35.0109137],[126.7138368,35.0109254],[126.7135483,35.0110048],[126.7135005,35.0110179],[126.7132031,35.0111124],[126.7131851,35.0111184],[126.7129469,35.0111948],[126.7127754,35.0112498],[126.7126776,35.0110393],[126.7125911,35.010888],[126.7124253,35.0105996],[126.7123904,35.010539],[126.7123702,35.010449],[126.7123318,35.0102778],[126.7121354,35.009943],[126.7120887,35.0099002],[126.7120257,35.0097615],[126.7119623,35.0096483],[126.7119544,35.0096343],[126.7118346,35.0096679],[126.7118109,35.0096293],[126.7116852,35.0096642],[126.7114499,35.0097855],[126.7113936,35.0098326],[126.7112713,35.0099787],[126.7112783,35.0100889],[126.7112787,35.0100941],[126.7111987,35.0103391],[126.7111284,35.0103668],[126.7110688,35.0103854],[126.7110623,35.010388],[126.7110153,35.010407],[126.7108911,35.0104078],[126.7107994,35.0103992],[126.710791,35.0105198],[126.7106241,35.010479],[126.7104857,35.0104239],[126.7104267,35.0104002],[126.7103707,35.010368],[126.7097906,35.0104215],[126.7087662,35.0105007],[126.7074813,35.0103119],[126.7073867,35.010681],[126.7071711,35.0115234],[126.7074001,35.0117366],[126.707167,35.0127082],[126.7071024,35.0129856],[126.7070793,35.0130687],[126.7068137,35.0141158],[126.7066801,35.0147486],[126.7066753,35.0147714],[126.7066096,35.0150122],[126.7063122,35.0155573],[126.7060121,35.0161189],[126.7057829,35.0165412],[126.7059869,35.0165937],[126.7067758,35.0167964],[126.7067781,35.0168123],[126.7067868,35.0168719],[126.7068489,35.0172984],[126.7071061,35.0177819],[126.7074145,35.0183502],[126.7075298,35.0185744],[126.7075565,35.0185993],[126.7076079,35.018817],[126.7075742,35.0190216],[126.7075523,35.0190688],[126.7074887,35.0192065],[126.7074817,35.0192222],[126.7074752,35.0192364],[126.7074638,35.0192611],[126.7074377,35.0194232],[126.7074282,35.0194839],[126.7074087,35.0196083],[126.7074149,35.0197034],[126.7074213,35.0197773],[126.7074736,35.0199254],[126.7075521,35.0201475],[126.7075627,35.0201754],[126.7075792,35.0201982],[126.7076008,35.0202374],[126.7076338,35.0202708],[126.7076611,35.0203071],[126.7078293,35.020534],[126.7082971,35.021165]]]}},
{"type":"Feature","properties":{"BASE_DATE":"20250630","ADM_CD":"36040540","ADM_NM":"금남동"},"geometry":{"type":"Polygon","coordinates":[[[126.6980717,35.0560831],[126.6977784,35.0558793],[126.6973492,35.0558505],[126.6972931,35.0558467],[126.6972776,35.0558601],[126.6972279,35.0549639],[126.6972211,35.0548403],[126.6972063,35.0545723],[126.6971794,35.054086],[126.6971732,35.0539754],[126.6971435,35.0534384],[126.6969488,35.0522316],[126.6965639,35.0520013],[126.6961025,35.0517252],[126.6958705,35.0518209],[126.6952441,35.0520793],[126.6949673,35.0519367],[126.6949365,35.0519209],[126.6948522,35.0518924],[126.6945144,35.0517737],[126.693903,35.0515589],[126.6935875,35.0515391],[126.6932655,35.051519],[126.6926668,35.051485],[126.6919826,35.0514648],[126.6914832,35.0505769],[126.69102,35.0503573],[126.6903197,35.0499467],[126.6902623,35.0499099],[126.6900305,35.0497723],[126.6897566,35.0495856],[126.6895901,35.0494638],[126.6895649,35.0494453],[126.6893526,35.0492996],[126.6891784,35.0492063],[126.6889352,35.049076],[126.688703,35.0488685],[126.6886364,35.0488042],[126.6884432,35.0486173],[126.6880685,35.0482601],[126.687406,35.04777],[126.687287,35.0476745],[126.6870244,35.0474813],[126.6868205,35.0471562],[126.6866076,35.0468169],[126.6864425,35.0465732],[126.6860336,35.0459732],[126.6858823,35.0455454],[126.6857971,35.0451401],[126.6857743,35.0450397],[126.6857432,35.0448891],[126.6857152,35.0447536],[126.6857187,35.0446751],[126.6857427,35.04427],[126.685736,35.0442645],[126.6856792,35.0442169],[126.6847425,35.0434328],[126.6842947,35.0430695],[126.6839756,35.0428024],[126.6836962,35.0424669],[126.6834048,35.0421085],[126.6821649,35.0406032],[126.681842,35.0399384],[126.6815998,35.0396971],[126.6814554,35.0395391],[126.6813433,35.039419],[126.6812654,35.0393357],[126.6812517,35.0392037],[126.6812405,35.0390957],[126.6812414,35.0389137],[126.6812055,35.0387431],[126.6811865,35.0387055],[126.6811827,35.0386982],[126.6811833,35.0386927],[126.6813333,35.0375265],[126.681354,35.0373826],[126.6812293,35.0366561],[126.6813766,35.0365689],[126.6820404,35.0361763],[126.682194,35.0354694],[126.6822039,35.0354235],[126.6822696,35.0350901],[126.6823402,35.0347309],[126.6822773,35.0345498],[126.682017,35.0338009],[126.6817205,35.0329478],[126.6814845,35.0326623],[126.6813293,35.0324756],[126.6812028,35.0323234],[126.6813065,35.031304],[126.6813036,35.0299227],[126.6813177,35.0295319],[126.6813698,35.0292329],[126.6813722,35.029219],[126.6817345,35.0283864],[126.6821659,35.0274299],[126.682073,35.0273787],[126.6811083,35.0268464],[126.6810592,35.0266795],[126.6809868,35.0264007],[126.6809772,35.0263634],[126.6809166,35.0262675],[126.6808859,35.026219],[126.6800841,35.0248381],[126.6800849,35.0246662],[126.6800888,35.0246069],[126.6801158,35.0241933],[126.6800593,35.0240965],[126.6798894,35.0238058],[126.6799828,35.0236512],[126.6800129,35.0236047],[126.6801964,35.0233219],[126.680231,35.0232686],[126.6806319,35.0226488],[126.6807439,35.0223197],[126.6808619,35.0219733],[126.6808982,35.0218776],[126.6810006,35.0216074],[126.6813305,35.0208411],[126.6814046,35.0206445],[126.6816642,35.0206747],[126.6817657,35.0207296],[126.6818898,35.0207843],[126.6819765,35.0208861],[126.6820046,35.0209264],[126.682063,35.0210265],[126.6820912,35.0210595],[126.6821068,35.0210732],[126.682118,35.0210794],[126.6821376,35.0210902],[126.6822912,35.0211392],[126.6823813,35.0211778],[126.6824906,35.0212016],[126.682661,35.0212269],[126.6828595,35.0212259],[126.6830547,35.0212534],[126.6830944,35.0212555],[126.6832178,35.0212983],[126.6832413,35.0213271],[126.6833352,35.0214386],[126.6834015,35.0214728],[126.6836239,35.0215061],[126.6837671,35.0215209],[126.6842218,35.0215125],[126.6846922,35.0216148],[126.6850188,35.0216972],[126.6851962,35.021746],[126.685202,35.021748],[126.6854925,35.021848],[126.6857944,35.0219743],[126.6862313,35.0221987],[126.6862947,35.0222308],[126.6863029,35.02223],[126.686316,35.0222288],[126.6862954,35.0221903],[126.6862396,35.022086],[126.6862176,35.0220418],[126.6862136,35.0220338],[126.6861336,35.0218797],[126.6861024,35.0218196],[126.6860942,35.0218016],[126.6860199,35.0216379],[126.6860283,35.0214903],[126.6860289,35.0214798],[126.6861201,35.0213346],[126.6861785,35.0212529],[126.6861941,35.021231],[126.6861994,35.021205],[126.6862204,35.0211008],[126.6862255,35.0210756],[126.6862236,35.0210659],[126.6862082,35.0209879],[126.6861716,35.0208541],[126.6861136,35.0207735],[126.6860824,35.0207302],[126.6859709,35.0206169],[126.6858598,35.0205347],[126.6857832,35.020478],[126.6857023,35.0203621],[126.6857473,35.0201135],[126.6857846,35.0199075],[126.6857845,35.0198941],[126.685784,35.0196614],[126.6857953,35.0193429],[126.6858032,35.0193247],[126.6858344,35.019253],[126.6859168,35.0191957],[126.6859588,35.0192683],[126.6865477,35.0186744],[126.6866093,35.018421],[126.6868583,35.0185281],[126.6869112,35.0185513],[126.6870993,35.0186307],[126.6872566,35.0187173],[126.6872782,35.0187308],[126.6880861,35.0191447],[126.6881667,35.019186],[126.6882288,35.0192452],[126.6882508,35.0192676],[126.688527,35.0195428],[126.688665,35.0196804],[126.6888167,35.0198315],[126.688872,35.0199457],[126.6889561,35.0201307],[126.6893384,35.0204657],[126.6898349,35.0206029],[126.6901922,35.0206579],[126.6903674,35.0206632],[126.6903922,35.0206663],[126.6905881,35.0207368],[126.6907986,35.0207436],[126.6912022,35.0207655],[126.6917382,35.0206872],[126.6921633,35.0206408],[126.6929573,35.0209396],[126.6931024,35.020955],[126.6931592,35.0209611],[126.6931735,35.0209626],[126.6940374,35.0213829],[126.6946792,35.0214828],[126.694888,35.0210617],[126.6949091,35.0209467],[126.6949546,35.0206981],[126.6953779,35.0205997],[126.6958899,35.0202553],[126.6962494,35.0200205],[126.6964723,35.0199526],[126.6967307,35.0199059],[126.6972985,35.0199341],[126.6978137,35.0199653],[126.6984653,35.0199974],[126.6993515,35.020043],[126.6993658,35.0200717],[126.6993998,35.0201219],[126.6994108,35.0201458],[126.6994405,35.0202105],[126.6994585,35.020244],[126.6994727,35.0202539],[126.6994939,35.0202685],[126.6995944,35.0203544],[126.6996295,35.0203843],[126.6997811,35.0205152],[126.6999213,35.0206578],[126.6999327,35.0206695],[126.6999938,35.0206817],[126.7000087,35.0206847],[126.7000637,35.0206951],[126.7002929,35.0207764],[126.7004407,35.0207734],[126.70065,35.0207064],[126.700853,35.0207435],[126.7011746,35.0206965],[126.7013304,35.0207192],[126.7016126,35.0207285],[126.7019412,35.0207265],[126.7022148,35.0207591],[126.7024277,35.0207528],[126.7027072,35.0208152],[126.7031957,35.0212365],[126.7032508,35.0212615],[126.7039234,35.0214066],[126.7041952,35.0214736],[126.7042246,35.0214801],[126.7042759,35.0215152],[126.7043519,35.0215673],[126.7052062,35.0221099],[126.7054903,35.0222893],[126.7056248,35.0223743],[126.7057934,35.0226658],[126.7060383,35.0230894],[126.7062446,35.0230905],[126.706274,35.0230907],[126.7066752,35.0230929],[126.7070008,35.0230828],[126.7075168,35.0230775],[126.707584,35.0230768],[126.7076582,35.023076],[126.7082607,35.0232984],[126.708697,35.0234457],[126.7088447,35.0234956],[126.708927,35.0235234],[126.7090049,35.02355],[126.7089548,35.0235914],[126.708686,35.0238129],[126.708235,35.0243721],[126.7076099,35.0251063],[126.7073582,35.0253714],[126.7067609,35.0260484],[126.7067576,35.0260748],[126.706711,35.0262508],[126.706731,35.0262761],[126.7067468,35.026296],[126.7069206,35.026336],[126.7070069,35.026366],[126.7071608,35.0264197],[126.707206,35.0264451],[126.7072539,35.0264718],[126.7073308,35.0264829],[126.7075158,35.0266095],[126.7075977,35.0266471],[126.7077643,35.0267211],[126.707917,35.0268404],[126.7080438,35.0269173],[126.7081478,35.0269588],[126.7082161,35.0269626],[126.708275,35.027002],[126.708386,35.0270367],[126.7086898,35.0271018],[126.7088059,35.0271357],[126.7089158,35.027139],[126.7090612,35.0271508],[126.7092536,35.027172],[126.7094807,35.0271827],[126.7096729,35.0271529],[126.7098084,35.0271226],[126.7099503,35.0270966],[126.7101544,35.027061],[126.7102547,35.0270506],[126.710266,35.0270494],[126.7103879,35.027044],[126.7104268,35.0270431],[126.7105221,35.0270558],[126.7106652,35.0270896],[126.7106664,35.0270899],[126.710694,35.0270963],[126.7107044,35.0270987],[126.7107379,35.0271066],[126.7107519,35.0271101],[126.710863,35.0271563],[126.7111495,35.0272226],[126.711151,35.0272229],[126.7114855,35.027278],[126.7116376,35.0272699],[126.7118285,35.0272597],[126.7118414,35.0272403],[126.7120323,35.0272513],[126.7122131,35.0272716],[126.7122579,35.0272766],[126.7124767,35.0273003],[126.7125062,35.0273032],[126.7125993,35.0273414],[126.7126493,35.0273778],[126.7126758,35.0273971],[126.7127246,35.0274327],[126.7128215,35.027537],[126.712873,35.0275775],[126.7129173,35.0276122],[126.7129137,35.0276272],[126.7128778,35.0277757],[126.7128691,35.0278115],[126.7130382,35.0278589],[126.713074,35.027862],[126.7131573,35.0278736],[126.7131967,35.0278784],[126.7132272,35.0278828],[126.7132554,35.0279321],[126.7132798,35.0280118],[126.7132825,35.0280206],[126.7133304,35.0281242],[126.7133353,35.0281351],[126.7133116,35.0281374],[126.7134298,35.028262],[126.7134825,35.0282972],[126.713576,35.0282924],[126.7136078,35.0283016],[126.7136359,35.0283097],[126.7136971,35.0282676],[126.7137009,35.028265],[126.7137824,35.0282219],[126.7138823,35.0281943],[126.7139378,35.0281724],[126.7140321,35.0281406],[126.71407,35.0281289],[126.7141278,35.028111],[126.7141622,35.0280919],[126.7142113,35.0280823],[126.7142234,35.02808],[126.7142874,35.0280583],[126.7143422,35.0280433],[126.7143619,35.0280465],[126.7146508,35.0280815],[126.7148127,35.0281097],[126.7148201,35.0280643],[126.7148321,35.027991],[126.7148499,35.027883],[126.7148558,35.0278469],[126.7148609,35.0278154],[126.7149033,35.0277977],[126.7149316,35.0277858],[126.7149865,35.0277568],[126.7151101,35.0277112],[126.7155501,35.0276095],[126.7158495,35.0275206],[126.7158895,35.0275086],[126.7159627,35.0274793],[126.7160397,35.0274288],[126.7160593,35.027407],[126.7160599,35.027405],[126.7160812,35.0273845],[126.7160852,35.0273821],[126.7161117,35.027358],[126.7161719,35.0273376],[126.7162594,35.0273206],[126.7163849,35.0272977],[126.7164318,35.0272741],[126.716484,35.0272485],[126.716509,35.0272426],[126.7166079,35.0272171],[126.716602,35.0272006],[126.7166044,35.0271542],[126.7166154,35.0269365],[126.716621,35.0269169],[126.716649,35.0268173],[126.7166695,35.0268157],[126.7167963,35.0268111],[126.7168829,35.026808],[126.7168922,35.0268072],[126.716922,35.0268006],[126.7169554,35.0267934],[126.7170161,35.0267802],[126.7170888,35.0267645],[126.7171537,35.0267572],[126.7171771,35.0267546],[126.7173494,35.0267341],[126.7174637,35.0266953],[126.7175416,35.0266285],[126.7175864,35.0265854],[126.717646,35.0265474],[126.7177314,35.0264928],[126.7178294,35.0264814],[126.7179753,35.0264643],[126.7180312,35.0264636],[126.7183563,35.0264593],[126.7186985,35.0263738],[126.7187726,35.0263554],[126.7188268,35.0263418],[126.7190123,35.0263194],[126.7193245,35.0262851],[126.7193284,35.0262847],[126.7193287,35.0262845],[126.7193301,35.0262835],[126.7194551,35.026193],[126.7195054,35.0261185],[126.7195419,35.0260512],[126.7195965,35.0259732],[126.7196119,35.0259508],[126.7196131,35.0259491],[126.7196251,35.0259466],[126.7196825,35.0259343],[126.7198936,35.0259391],[126.7198951,35.0259304],[126.7201089,35.0259394],[126.7201372,35.0259406],[126.720155,35.0259084],[126.7201862,35.0258856],[126.7202075,35.0258771],[126.7202136,35.0258746],[126.72025,35.0258743],[126.7203024,35.0258852],[126.7203386,35.0258859],[126.7204261,35.0258818],[126.7204363,35.0258811],[126.7204387,35.02591],[126.7204835,35.0259037],[126.7205264,35.0258977],[126.7205418,35.0258801],[126.7206579,35.0258698],[126.7206867,35.0258747],[126.7207222,35.0258743],[126.7207587,35.0258753],[126.7207873,35.0258927],[126.7208337,35.0259026],[126.7208794,35.0259098],[126.7209126,35.0259219],[126.7209215,35.0259301],[126.7209847,35.0259488],[126.721028,35.0259375],[126.7210299,35.025934],[126.721038,35.0259367],[126.7210826,35.0258584],[126.7211019,35.0258434],[126.7211444,35.0258103],[126.7212404,35.025769],[126.721321,35.0257456],[126.7213391,35.025742],[126.7214978,35.0257107],[126.7216338,35.0256775],[126.7217161,35.0256355],[126.7218267,35.0256108],[126.721913,35.0255861],[126.7219166,35.025584],[126.7220477,35.0255442],[126.7219431,35.0256051],[126.7218386,35.0256308],[126.722205,35.0255675],[126.7223648,35.0254628],[126.7224783,35.025509],[126.7225713,35.0255625],[126.7226339,35.025642],[126.7226501,35.0256412],[126.7226715,35.0256399],[126.7227262,35.0256367],[126.7227273,35.0256367],[126.7228057,35.02562],[126.7229673,35.0255329],[126.7230673,35.0255061],[126.7231002,35.0254887],[126.7231192,35.0254786],[126.7231869,35.0254654],[126.723208,35.0254613],[126.7232125,35.025463],[126.7232608,35.02548],[126.7233583,35.025458],[126.7234727,35.0254303],[126.723613,35.0253837],[126.7237347,35.0253444],[126.7238733,35.0253111],[126.724018,35.0252728],[126.7240333,35.0252648],[126.7240441,35.025258],[126.7241531,35.0252785],[126.7242257,35.025276],[126.7242937,35.0253008],[126.7243318,35.025307],[126.7243764,35.0253147],[126.7244634,35.0253197],[126.7245227,35.0253034],[126.724559,35.0253021],[126.7246262,35.025312],[126.7247234,35.0252923],[126.7248605,35.0252631],[126.7249276,35.0252398],[126.7249981,35.0251809],[126.7250342,35.0251631],[126.7250563,35.0251576],[126.7251544,35.0251514],[126.7256042,35.0251947],[126.7256512,35.0249488],[126.7258259,35.0249411],[126.7261082,35.0249287],[126.7262055,35.0249246],[126.726202,35.0249018],[126.7261879,35.0247125],[126.7261358,35.0240496],[126.7261131,35.023809],[126.7260071,35.0235421],[126.7259381,35.0231187],[126.7259585,35.0231099],[126.7260375,35.0230595],[126.7260363,35.0230452],[126.7260792,35.0230365],[126.726124,35.0230273],[126.7261469,35.0230226],[126.7261922,35.0230133],[126.726224,35.0229973],[126.7262253,35.0229605],[126.726235,35.022693],[126.7262365,35.0226519],[126.7263319,35.0226233],[126.7263342,35.0226226],[126.7263283,35.0225962],[126.7263283,35.0225958],[126.7263398,35.0225928],[126.7263539,35.022589],[126.7265556,35.0225378],[126.7266381,35.0225276],[126.726649,35.0225266],[126.726681,35.0225161],[126.7267699,35.0224879],[126.7268907,35.0224136],[126.7269599,35.0223885],[126.7269883,35.0223782],[126.7270254,35.0223805],[126.7271279,35.0223644],[126.7271584,35.0223546],[126.7272068,35.022339],[126.7272216,35.0223301],[126.7272978,35.0222848],[126.7273101,35.022283],[126.727346,35.0222778],[126.7274908,35.022249],[126.7275296,35.0222441],[126.727817,35.0222074],[126.7278722,35.0222094],[126.7278756,35.0222097],[126.7279176,35.0222127],[126.7280144,35.0221983],[126.7280307,35.022197],[126.7281,35.0221912],[126.7281804,35.0221823],[126.7283551,35.0221787],[126.7284235,35.022187],[126.7285526,35.0221877],[126.7287025,35.0221885],[126.728759,35.0221856],[126.7288771,35.0221796],[126.7288805,35.0221794],[126.7289178,35.0221753],[126.7289388,35.022151],[126.7289414,35.0221479],[126.7290563,35.0220104],[126.7294985,35.0216609],[126.7295213,35.0216424],[126.7295987,35.0215796],[126.7297322,35.0214679],[126.729917,35.0214405],[126.7301067,35.0214121],[126.7303855,35.0213674],[126.7305471,35.0213451],[126.7308935,35.0212915],[126.7309683,35.0212494],[126.7311588,35.0211509],[126.731166,35.0211476],[126.7311655,35.0210632],[126.7311656,35.0209975],[126.731166,35.0208406],[126.73114,35.0207563],[126.7310962,35.0206124],[126.7310637,35.020538],[126.7310144,35.0204344],[126.7309995,35.0204065],[126.7309537,35.0203208],[126.7308881,35.0202659],[126.7308743,35.0202544],[126.7308161,35.0202007],[126.7307644,35.0201787],[126.7307304,35.0201643],[126.7307311,35.0201294],[126.730763,35.0201001],[126.7307936,35.0200896],[126.7308447,35.0200721],[126.7308688,35.0199666],[126.7309324,35.0199625],[126.7310464,35.0200073],[126.7311174,35.0200228],[126.7312408,35.020051],[126.7313296,35.0200464],[126.7313432,35.0200458],[126.7313462,35.0200457],[126.7314374,35.0200415],[126.7314561,35.0200403],[126.7314995,35.0200383],[126.7314854,35.0199804],[126.7314617,35.0198898],[126.7314508,35.0198804],[126.7313145,35.0197636],[126.7312567,35.0197147],[126.7311987,35.0196665],[126.7311927,35.0196615],[126.7311292,35.0196078],[126.7310876,35.0196051],[126.7310426,35.0196018],[126.7310259,35.0196006],[126.7310032,35.0195855],[126.7309973,35.0195816],[126.7309683,35.0195614],[126.7307702,35.0194236],[126.7306792,35.0192865],[126.7306724,35.0192763],[126.7307352,35.0192298],[126.7307662,35.0192069],[126.730842,35.0192458],[126.7309826,35.0193155],[126.7311073,35.0193769],[126.7311583,35.0194019],[126.7311999,35.019394],[126.7312572,35.0193831],[126.7313523,35.0193899],[126.7313631,35.0193932],[126.7314789,35.0194407],[126.7315445,35.0194578],[126.7316137,35.0194759],[126.731646,35.0194844],[126.731791,35.0195223],[126.7318452,35.0195718],[126.7318874,35.0196103],[126.7320936,35.0197959],[126.7321296,35.0197884],[126.7321932,35.0197751],[126.7322457,35.0197467],[126.7322784,35.019686],[126.732329,35.0195953],[126.7323652,35.0195376],[126.732386,35.0194987],[126.7323822,35.0194162],[126.7323983,35.0193918],[126.7324103,35.0193642],[126.7324612,35.019341],[126.7326376,35.0192608],[126.7327478,35.0192099],[126.7329019,35.0191404],[126.7329236,35.0191299],[126.7330415,35.0190732],[126.7332262,35.0189791],[126.7333481,35.0188999],[126.7334491,35.0188428],[126.7334583,35.0188396],[126.7334654,35.0188371],[126.7337247,35.0188078],[126.7339309,35.0188032],[126.7340382,35.0187993],[126.7340928,35.0187973],[126.7341406,35.0188016],[126.7341729,35.0188046],[126.7342315,35.0188103],[126.7343345,35.0188394],[126.7344377,35.0188686],[126.7346359,35.0189505],[126.734693,35.0189696],[126.7347788,35.0189705],[126.7350643,35.0189357],[126.735229,35.0189038],[126.7354633,35.0188637],[126.7355628,35.0188517],[126.7356721,35.0188692],[126.7359464,35.0189019],[126.7359935,35.0189024],[126.7361726,35.0189046],[126.736253,35.0189136],[126.7363606,35.018941],[126.7364029,35.0189504],[126.7366338,35.0188904],[126.7367733,35.0188337],[126.737054,35.018815],[126.7375557,35.0185811],[126.7378208,35.0189416],[126.7385399,35.0195972],[126.7389021,35.0199274],[126.7385914,35.0199382],[126.7381222,35.0199547],[126.7383326,35.0204285],[126.7383557,35.0213215],[126.7382499,35.0214589],[126.7380909,35.0220666],[126.7380797,35.022102],[126.737839,35.0226216],[126.7377705,35.0227646],[126.737583,35.0230315],[126.7373512,35.0234707],[126.7372351,35.0235977],[126.7372459,35.0237283],[126.736955,35.0243032],[126.7367699,35.0246611],[126.7365084,35.0250606],[126.7363769,35.0252764],[126.7363105,35.0253853],[126.736267,35.0260318],[126.7362649,35.0260625],[126.7362663,35.0269368],[126.736274,35.0279512],[126.7362655,35.0283888],[126.7361801,35.0286653],[126.7361611,35.0287207],[126.7360951,35.0290003],[126.736069,35.0291165],[126.7360442,35.0292266],[126.7361892,35.0298886],[126.7365026,35.030371],[126.736528,35.0305805],[126.7363031,35.0312748],[126.7362327,35.0314046],[126.7361001,35.0316353],[126.7360681,35.0317169],[126.7354461,35.0321419],[126.7350797,35.0322088],[126.7350339,35.0322683],[126.7346536,35.0327167],[126.7343609,35.0328732],[126.7338535,35.0331444],[126.7334815,35.0331923],[126.7333578,35.0333519],[126.7332887,35.0334595],[126.7329874,35.033932],[126.732758,35.0344877],[126.7325281,35.0350453],[126.7324339,35.0351769],[126.7323357,35.0354291],[126.7323363,35.0355551],[126.732314,35.0357834],[126.7323058,35.0358678],[126.7322761,35.036422],[126.7322723,35.037407],[126.732303,35.0380745],[126.7323586,35.0385305],[126.7325295,35.0390543],[126.7325331,35.0390656],[126.7325613,35.0391997],[126.7325584,35.0392115],[126.732649,35.0394172],[126.7326793,35.0394827],[126.7327347,35.0396083],[126.7327668,35.0396818],[126.7328284,35.0398219],[126.7329145,35.0400783],[126.7329865,35.0402936],[126.7330188,35.0403592],[126.7331625,35.0406872],[126.7331953,35.040762],[126.7332652,35.0409214],[126.733441,35.0412604],[126.7335555,35.0414825],[126.7336243,35.0416401],[126.7337537,35.0419359],[126.7336791,35.0419825],[126.7336164,35.0419393],[126.7335359,35.041944],[126.7332109,35.0420281],[126.733075,35.0420851],[126.7329812,35.0421612],[126.7328962,35.0420811],[126.7327123,35.0417879],[126.7326508,35.0416676],[126.7326272,35.0416295],[126.7324735,35.0415801],[126.7323955,35.0415778],[126.7323165,35.0415836],[126.7323316,35.0416082],[126.7323376,35.0416179],[126.7325332,35.0419297],[126.73276,35.0423034],[126.7327526,35.0423228],[126.7326295,35.0424546],[126.7325506,35.042545],[126.7324858,35.0426048],[126.7323892,35.0426938],[126.7323166,35.0428035],[126.7322844,35.0427789],[126.7321423,35.0426599],[126.7320263,35.0425559],[126.7319927,35.042528],[126.7318542,35.0424142],[126.7317965,35.0423689],[126.731729,35.0423121],[126.7316439,35.0422321],[126.7315592,35.0421517],[126.7314458,35.0420424],[126.7314078,35.0420204],[126.7312019,35.0421246],[126.7312064,35.0421295],[126.7312026,35.0421311],[126.7311925,35.0421357],[126.7309724,35.041896],[126.7309643,35.0418871],[126.7308588,35.041802],[126.7306412,35.0416272],[126.7305909,35.0416188],[126.7305244,35.041603],[126.7303889,35.0415707],[126.73033,35.0415441],[126.7301611,35.041423],[126.7300996,35.0413789],[126.7299175,35.0413176],[126.7298984,35.0413141],[126.7297936,35.0412946],[126.7296109,35.0412293],[126.7294889,35.0412116],[126.7289629,35.0409401],[126.7288612,35.0408647],[126.728725,35.0408139],[126.728718,35.0408113],[126.7286429,35.0407838],[126.7285706,35.0407574],[126.7285503,35.0407475],[126.728356,35.0406496],[126.7282387,35.0405727],[126.7281097,35.0404757],[126.7279775,35.0403779],[126.7278339,35.0402792],[126.7277339,35.0402106],[126.7275358,35.0400746],[126.7275413,35.0400733],[126.7275472,35.0400666],[126.7275592,35.0400507],[126.7274811,35.0399877],[126.7274673,35.0400294],[126.7274183,35.0400048],[126.7271852,35.0398878],[126.7268213,35.0396741],[126.7267366,35.0396136],[126.7267058,35.039586],[126.7266826,35.0395697],[126.7262573,35.0392535],[126.7261511,35.039217],[126.7260899,35.0391781],[126.7257159,35.0389481],[126.7257058,35.0389525],[126.7255285,35.0390278],[126.7255212,35.0390309],[126.7251337,35.0391869],[126.7249888,35.0392448],[126.7247334,35.0393471],[126.7243399,35.0395047],[126.7247306,35.0401742],[126.7247468,35.0402017],[126.7247607,35.0402257],[126.7247628,35.0402295],[126.7248252,35.0403383],[126.7245857,35.0403607],[126.7244542,35.0403944],[126.7243799,35.0404344],[126.7243035,35.0404153],[126.7242216,35.0404571],[126.7240698,35.0405264],[126.7239432,35.0405413],[126.7238874,35.0405355],[126.7237429,35.0405451],[126.7236094,35.0406122],[126.7233908,35.0406309],[126.7233139,35.0406526],[126.7232371,35.0406947],[126.7232099,35.0407024],[126.7232001,35.0407022],[126.7231164,35.0406486],[126.7230582,35.040705],[126.7230462,35.0407171],[126.7229073,35.0406762],[126.7227633,35.0405736],[126.7226848,35.0405391],[126.7226272,35.0404981],[126.7225609,35.0404686],[126.7225053,35.0404705],[126.7223338,35.0405022],[126.7221277,35.0405571],[126.7220293,35.0406129],[126.7219221,35.0406699],[126.7218463,35.0407124],[126.7217706,35.0407548],[126.721541,35.0408832],[126.7215033,35.0408464],[126.7214991,35.0408422],[126.7214675,35.0408133],[126.7214623,35.0407414],[126.7214582,35.0407375],[126.7213286,35.0405407],[126.7213327,35.0405384],[126.7211717,35.0403397],[126.7210987,35.0402451],[126.7210124,35.0401496],[126.7209567,35.0400637],[126.7208153,35.0399169],[126.7205598,35.0396692],[126.7204762,35.0396119],[126.7204403,35.039586],[126.7204284,35.0395905],[126.7204214,35.0395932],[126.7203551,35.0396186],[126.7202879,35.0395852],[126.720233,35.0395572],[126.7202133,35.0395471],[126.7201944,35.0395201],[126.7201882,35.0395101],[126.7201785,35.0394944],[126.720136,35.0394296],[126.719986,35.039188],[126.7200249,35.0391361],[126.7202615,35.0388655],[126.7203584,35.0387964],[126.7203656,35.0387913],[126.7204046,35.0387636],[126.7204481,35.0387333],[126.7204434,35.0386804],[126.7205269,35.0386724],[126.7205309,35.0386756],[126.7205779,35.0386821],[126.7206026,35.0387058],[126.7206294,35.0386855],[126.7206526,35.038668],[126.7206409,35.0387419],[126.720626,35.0388371],[126.7206061,35.0388524],[126.7205627,35.0389492],[126.7206268,35.0391172],[126.720653,35.0391616],[126.720707,35.0391226],[126.7209267,35.0389636],[126.7209627,35.0389363],[126.7211102,35.0388511],[126.7212601,35.0387542],[126.7212843,35.0387385],[126.7212886,35.0387356],[126.7213111,35.038721],[126.7213448,35.0386975],[126.7213681,35.0386819],[126.7213733,35.0386765],[126.7213873,35.038669],[126.7214135,35.0386514],[126.7214295,35.0386406],[126.7214735,35.0386099],[126.72154,35.0385607],[126.7215553,35.0385491],[126.7216006,35.0385213],[126.7216183,35.0385109],[126.7216235,35.0385058],[126.7215731,35.03853],[126.7216019,35.0385051],[126.7216118,35.0385039],[126.7216106,35.0384855],[126.7216085,35.0384557],[126.7216061,35.0384173],[126.7216026,35.0383642],[126.7215995,35.0383098],[126.721591,35.0381639],[126.7215864,35.038102],[126.7215914,35.0381044],[126.7216074,35.0381119],[126.7217857,35.0381881],[126.7217956,35.0381927],[126.7218009,35.0381943],[126.721805,35.0381956],[126.721815,35.0381986],[126.7218282,35.0382026],[126.721833,35.038204],[126.7218354,35.0382045],[126.7218473,35.0382072],[126.7218745,35.0382143],[126.7219089,35.0382335],[126.7219448,35.0381887],[126.7219505,35.0381899],[126.721966,35.0381622],[126.7219718,35.038151],[126.72206,35.038154],[126.7221025,35.0381455],[126.7221176,35.0381426],[126.7220761,35.0381323],[126.7220419,35.0381033],[126.7220369,35.0380791],[126.7220163,35.0380657],[126.7220118,35.0380627],[126.7220392,35.0380005],[126.7221139,35.0378358],[126.7221725,35.0377355],[126.7222188,35.0376777],[126.7223029,35.0375384],[126.7223478,35.0374884],[126.7224342,35.0373924],[126.7224622,35.0373706],[126.7225341,35.0372768],[126.7225782,35.0372251],[126.7225793,35.0372241],[126.7225953,35.0372102],[126.7226466,35.0371232],[126.72265,35.0371174],[126.7226734,35.0370882],[126.722703,35.0370514],[126.7227331,35.0370006],[126.7227686,35.0370156],[126.7228578,35.0368608],[126.7228605,35.0368561],[126.7228366,35.0368448],[126.7228639,35.036797],[126.7229048,35.0367393],[126.7229547,35.0366966],[126.7229731,35.0366744],[126.7230463,35.0365862],[126.7230522,35.036568],[126.7230662,35.03652],[126.7231135,35.0363913],[126.7231287,35.036326],[126.723146,35.0362689],[126.7232219,35.0360928],[126.7232263,35.0360575],[126.723233,35.0360319],[126.7232349,35.0360247],[126.7232448,35.0359872],[126.7232675,35.0359005],[126.7232825,35.0358688],[126.7232875,35.0358485],[126.7232987,35.0358003],[126.7233161,35.035765],[126.7233298,35.0357182],[126.7233492,35.0356516],[126.7233687,35.0355788],[126.7233806,35.0355261],[126.7234293,35.0354052],[126.7234798,35.0354107],[126.7236257,35.0354351],[126.7236662,35.035439],[126.7237018,35.0354426],[126.7237959,35.0354524],[126.7238635,35.035457],[126.7239187,35.0354593],[126.7240353,35.0354864],[126.7241405,35.0355091],[126.7241509,35.035497],[126.7242501,35.0354956],[126.7242592,35.0355348],[126.7243873,35.0355657],[126.7244247,35.0355736],[126.7244775,35.035479],[126.7244986,35.0354563],[126.7245439,35.035327],[126.7245664,35.0352822],[126.7245794,35.03526],[126.7246272,35.0352807],[126.7247076,35.0353064],[126.7247738,35.0353231],[126.7248685,35.0353512],[126.7248875,35.0353563],[126.7249596,35.0353874],[126.7251826,35.035441],[126.7252285,35.0354469],[126.725268,35.0354388],[126.7254316,35.0354605],[126.7254621,35.0354969],[126.7257434,35.0355389],[126.7259142,35.0355608],[126.7263663,35.0355942],[126.7267354,35.0356026],[126.7268921,35.0355964],[126.7268997,35.035596],[126.7268975,35.0355892],[126.7269568,35.0355897],[126.7269417,35.0354827],[126.7269274,35.0354834],[126.7269263,35.0354386],[126.7269146,35.0354343],[126.7268692,35.0354176],[126.7267868,35.0353868],[126.7264449,35.0352592],[126.7262986,35.035128],[126.7262352,35.035079],[126.7262234,35.0350609],[126.726091,35.0348586],[126.7260508,35.0348198],[126.7260302,35.0347801],[126.7260023,35.0347338],[126.7260055,35.0347316],[126.725974,35.0346948],[126.7259565,35.0346717],[126.7258779,35.0346308],[126.7258598,35.0346398],[126.7258187,35.0346627],[126.7257476,35.034702],[126.7256107,35.0347799],[126.7255616,35.0347909],[126.7255121,35.034802],[126.7253233,35.0347766],[126.7248314,35.0346651],[126.7245978,35.0345483],[126.7244254,35.0344736],[126.7242726,35.0344075],[126.7242419,35.0343894],[126.7241697,35.0343495],[126.724123,35.0343147],[126.724098,35.0342961],[126.7238826,35.0342288],[126.7238552,35.0342282],[126.7237296,35.0342258],[126.7237174,35.0342245],[126.7235633,35.0341941],[126.7235713,35.0341663],[126.7235756,35.0341517],[126.7235049,35.0341467],[126.7234007,35.0341393],[126.7230126,35.0340456],[126.7226434,35.0339201],[126.7222177,35.0337376],[126.7221189,35.0336576],[126.7220193,35.0335768],[126.7218304,35.033351],[126.7217361,35.0331754],[126.7216913,35.0330225],[126.7216145,35.0328256],[126.7215358,35.0327238],[126.7214021,35.0326044],[126.721334,35.0325685],[126.7211835,35.0324891],[126.7208842,35.0323849],[126.7205068,35.0322305],[126.7203996,35.0321751],[126.7202406,35.0320929],[126.7202362,35.0320884],[126.720103,35.0319513],[126.7200307,35.0318769],[126.7198714,35.0317688],[126.7197361,35.0317008],[126.7196681,35.0316667],[126.7194679,35.0315975],[126.7191248,35.0315075],[126.7187126,35.0314745],[126.7184257,35.0313579],[126.7183734,35.0313366],[126.7181631,35.0310781],[126.7179295,35.0306895],[126.7179152,35.0306942],[126.7177702,35.0307415],[126.7177542,35.0307467],[126.7177496,35.0307709],[126.7178136,35.0308196],[126.7178388,35.0308599],[126.7178467,35.0308727],[126.717886,35.030905],[126.7178912,35.0309412],[126.7178191,35.0309482],[126.7177614,35.0309477],[126.717761,35.0309249],[126.7177255,35.0309154],[126.7177029,35.0309388],[126.7175957,35.03091],[126.717557,35.0309159],[126.7175342,35.0309386],[126.7175251,35.0309401],[126.7175086,35.030943],[126.7174451,35.0309528],[126.7174357,35.0309881],[126.7174405,35.0310166],[126.7174361,35.0310361],[126.7175202,35.0310549],[126.7175414,35.0310596],[126.7175438,35.0310965],[126.7175427,35.0311284],[126.717499,35.0312562],[126.7174882,35.0312676],[126.7174473,35.0312666],[126.7174143,35.0312658],[126.717414,35.0312685],[126.7174003,35.0313758],[126.7174001,35.0313769],[126.7173978,35.0313909],[126.717243,35.0313858],[126.7170894,35.0313816],[126.7170569,35.0313647],[126.7170303,35.0313631],[126.7169774,35.03136],[126.7169763,35.0313665],[126.7169755,35.0313727],[126.7169697,35.0314193],[126.7169116,35.0316087],[126.7168898,35.0316755],[126.716888,35.0316811],[126.7168723,35.0317336],[126.7168658,35.0317608],[126.7168571,35.0317894],[126.7168445,35.0318308],[126.7168075,35.0319666],[126.7166971,35.0321857],[126.7166607,35.0322491],[126.71654,35.0321729],[126.7164752,35.0321746],[126.7163888,35.0321604],[126.7162411,35.0321362],[126.7160023,35.0325019],[126.7159054,35.0326992],[126.7158639,35.0328385],[126.7158456,35.0328999],[126.7157967,35.0330087],[126.7157713,35.0330963],[126.7157174,35.0332927],[126.7156624,35.0334196],[126.7156541,35.0334804],[126.7156256,35.0335734],[126.7156038,35.0336523],[126.7155912,35.033698],[126.7155645,35.0338211],[126.7155299,35.0340688],[126.7155046,35.0342913],[126.7153903,35.0347825],[126.7153705,35.0349927],[126.71537,35.0349966],[126.7153495,35.0351747],[126.7153504,35.0352075],[126.7153556,35.035403],[126.715362,35.0354235],[126.7153942,35.0355278],[126.7153965,35.0355998],[126.7153833,35.0356899],[126.7153655,35.0358582],[126.7153702,35.035877],[126.7153823,35.0359247],[126.7153808,35.0359719],[126.715401,35.0360532],[126.7154416,35.0361241],[126.7155198,35.0361924],[126.7157314,35.0363184],[126.7157876,35.0363278],[126.7159875,35.036439],[126.7162105,35.0365412],[126.7163198,35.0366146],[126.7163611,35.0366485],[126.7165003,35.0368015],[126.7165656,35.0368806],[126.7165858,35.0368871],[126.7165896,35.0368884],[126.7165904,35.0368925],[126.7166308,35.0370985],[126.7166395,35.0372284],[126.716601,35.0373825],[126.7166088,35.0373936],[126.7166422,35.0374407],[126.7166237,35.0374468],[126.7165976,35.0374246],[126.7165707,35.0374016],[126.7165813,35.0373068],[126.7165718,35.0373469],[126.7165533,35.0373964],[126.7165524,35.037407],[126.7165661,35.0374197],[126.7165267,35.0374743],[126.7165022,35.037512],[126.7164863,35.037553],[126.7164676,35.0375533],[126.716376,35.037669],[126.7163495,35.0377116],[126.716343,35.0377106],[126.7163332,35.0377236],[126.7162684,35.0378098],[126.7162646,35.0378355],[126.7162396,35.037877],[126.7162128,35.0379129],[126.7161911,35.0379417],[126.7161444,35.0380038],[126.7161422,35.0380068],[126.7160469,35.038131],[126.7160122,35.0381146],[126.7159214,35.0380931],[126.7158935,35.03811],[126.7159571,35.038119],[126.716016,35.0381376],[126.7160273,35.0381483],[126.7160478,35.0381639],[126.7159082,35.0382596],[126.7158784,35.0382565],[126.7158287,35.038289],[126.7157691,35.0383377],[126.7157831,35.0383476],[126.7157301,35.0384012],[126.7157005,35.0384431],[126.7157225,35.038475],[126.7157001,35.0385397],[126.715634,35.0385142],[126.7155879,35.0384822],[126.7155506,35.0384433],[126.7155395,35.0384284],[126.7154498,35.0384636],[126.7153691,35.0383459],[126.7152769,35.0382523],[126.715143,35.0381503],[126.7151362,35.0381333],[126.7149927,35.0380282],[126.7149638,35.0380486],[126.7147503,35.0379564],[126.714775,35.0378792],[126.714761,35.0378687],[126.7146827,35.0378347],[126.7146526,35.0378191],[126.7146007,35.0377923],[126.7144908,35.0377399],[126.7143321,35.0376643],[126.7143051,35.0376449],[126.7142935,35.0376346],[126.7140914,35.0374821],[126.7139972,35.0374306],[126.7137766,35.0373575],[126.713726,35.0373379],[126.7136722,35.0373156],[126.7136381,35.0373044],[126.7136122,35.0372916],[126.7135399,35.0373739],[126.7134846,35.0374237],[126.7134735,35.0374505],[126.7134637,35.0374756],[126.7134257,35.0374965],[126.71341,35.0375304],[126.7133702,35.0375151],[126.7133141,35.0374744],[126.7132431,35.0374355],[126.7132022,35.0374322],[126.713109,35.0374247],[126.7131054,35.0374235],[126.713043,35.0374035],[126.712988,35.0374221],[126.7129796,35.0374249],[126.7128681,35.0374626],[126.7128,35.0374712],[126.7127489,35.0374658],[126.7127271,35.0374587],[126.7126148,35.0374217],[126.7123677,35.037418],[126.7123478,35.0374177],[126.7123012,35.03753],[126.7122778,35.0375522],[126.7122395,35.0375609],[126.7121479,35.0375449],[126.7120558,35.0375153],[126.7120311,35.0375664],[126.7119912,35.037649],[126.7119049,35.0376964],[126.7118729,35.0377526],[126.7118766,35.0378685],[126.7118388,35.0379137],[126.7117873,35.0379754],[126.7117729,35.0379925],[126.7117171,35.0380711],[126.7116097,35.0382222],[126.7116064,35.0382252],[126.7115518,35.0382737],[126.7114305,35.0383815],[126.7113863,35.0384209],[126.7112935,35.0385033],[126.7112602,35.0385377],[126.7112369,35.0385617],[126.7112267,35.0385723],[126.7111858,35.0386807],[126.7110621,35.0387295],[126.7109172,35.0387501],[126.7108826,35.0387638],[126.7107815,35.0387786],[126.7107605,35.0388228],[126.7106968,35.0388412],[126.7106034,35.0388398],[126.7104647,35.0388744],[126.7100967,35.0389808],[126.7099277,35.0390243],[126.709597,35.0391123],[126.7090697,35.039424],[126.7084691,35.039816],[126.7080562,35.03984],[126.7076888,35.0398593],[126.7076459,35.0398918],[126.7074288,35.0400619],[126.7073423,35.0401297],[126.7071449,35.0408606],[126.7070085,35.0413856],[126.7069913,35.0414517],[126.7068195,35.0418419],[126.7068179,35.0421603],[126.7068137,35.0427187],[126.7067895,35.0428662],[126.7067574,35.0430194],[126.7066344,35.0434031],[126.7066275,35.0434247],[126.7065043,35.0438021],[126.7064795,35.0439491],[126.706475,35.0439761],[126.7064342,35.0442186],[126.7064388,35.0446687],[126.7064417,35.044862],[126.7064935,35.045212],[126.70651,35.0453188],[126.7065234,35.0454051],[126.706645,35.046021],[126.7067244,35.046287],[126.7070295,35.0466683],[126.7069494,35.0469641],[126.7069652,35.0474075],[126.7070996,35.0477435],[126.7071032,35.0477527],[126.7071004,35.0478104],[126.7070741,35.0483519],[126.707111,35.0486307],[126.7071697,35.049074],[126.7070531,35.049727],[126.7071339,35.0500046],[126.7071551,35.0503823],[126.7071827,35.0508721],[126.707321,35.051453],[126.7071008,35.0515391],[126.7068273,35.0516849],[126.7063463,35.0519107],[126.70549,35.0523867],[126.7049392,35.0528565],[126.7044812,35.0533241],[126.7043777,35.0537614],[126.7043497,35.0538299],[126.7043142,35.0539253],[126.7041261,35.0545246],[126.7037925,35.054534],[126.7037807,35.054532],[126.7032743,35.0544454],[126.7027399,35.054272],[126.7021252,35.0542781],[126.7016446,35.0542816],[126.7012993,35.0543715],[126.7010529,35.0546755],[126.7002178,35.0550604],[126.7001176,35.055107],[126.6995971,35.0551421],[126.6995769,35.0551627],[126.698945,35.0558079],[126.6980717,35.0560831]]]}},
{"type":"Feature","properties":{"BASE_DATE":"20250630","ADM_CD":"36040550","ADM_NM":"성북동"},"geometry":{"type":"Polygon","coordinates":[[[126.7320313,35.0656849],[126.7318412,35.0659276],[126.7315063,35.0664577],[126.731575,35.0666004],[126.7315849,35.0666223],[126.731626,35.0667134],[126.7317192,35.0668635],[126.7317291,35.0668796],[126.7317601,35.0669319],[126.7317725,35.0669508],[126.7316577,35.0670826],[126.7315842,35.0670849],[126.7315199,35.0670866],[126.7314661,35.0670879],[126.7310304,35.0671068],[126.7307681,35.0672852],[126.730734,35.0672588],[126.7306838,35.06722],[126.7306818,35.0672187],[126.7306609,35.0671558],[126.7306001,35.0669731],[126.7305364,35.0668303],[126.7304522,35.0666565],[126.7304271,35.0666329],[126.7303951,35.066574],[126.7303364,35.0664746],[126.7302089,35.0662514],[126.7301198,35.066042],[126.7300606,35.0659842],[126.7299429,35.065869],[126.7298049,35.0657378],[126.7295573,35.0655884],[126.729366,35.0655038],[126.7293207,35.0654837],[126.7290635,35.0653388],[126.7287871,35.0652067],[126.7285634,35.0651152],[126.7284051,35.0650476],[126.7283819,35.0650376],[126.728248,35.0649837],[126.7280868,35.0649382],[126.7280832,35.0649328],[126.7280539,35.0648657],[126.7279955,35.0647318],[126.7279576,35.0647018],[126.7277447,35.0644304],[126.7276097,35.0642298],[126.7275592,35.0642372],[126.7275535,35.064238],[126.7274679,35.0641538],[126.7273663,35.0640687],[126.7272683,35.0640487],[126.7269808,35.0639178],[126.7269448,35.0638878],[126.7269275,35.0639049],[126.726925,35.0639083],[126.7269178,35.0639179],[126.7269164,35.0639197],[126.7269113,35.063926],[126.7268416,35.0639593],[126.7267573,35.0639478],[126.7266629,35.0638922],[126.7265157,35.0637643],[126.726446,35.0637037],[126.7263003,35.0635527],[126.7261428,35.0634248],[126.7257968,35.0631457],[126.7257547,35.0631118],[126.7258151,35.0630365],[126.7256353,35.0628704],[126.7255813,35.0628187],[126.7254159,35.0627406],[126.7254098,35.0627377],[126.7251971,35.0626064],[126.724895,35.0629767],[126.7249315,35.0629978],[126.724986,35.0630425],[126.7249975,35.0630667],[126.7250077,35.0631064],[126.7249956,35.0631874],[126.7245518,35.0637462],[126.7244854,35.0637149],[126.7244229,35.0636811],[126.7243676,35.0636566],[126.7243582,35.063676],[126.7243547,35.0636835],[126.724351,35.0636913],[126.7243556,35.0637266],[126.7242516,35.0637581],[126.7240916,35.0637586],[126.7240779,35.0638725],[126.7240129,35.0638853],[126.7240068,35.0638865],[126.7233171,35.0639069],[126.7224337,35.0638286],[126.7223393,35.0637773],[126.7223108,35.0637905],[126.7222091,35.0637275],[126.7220508,35.0636319],[126.722003,35.063553],[126.721946,35.0635309],[126.7218515,35.0634802],[126.7216223,35.063357],[126.7216122,35.0633515],[126.7215884,35.0633391],[126.7213462,35.0631572],[126.7212615,35.0631232],[126.7210386,35.0630316],[126.7207754,35.0629251],[126.7206071,35.0628729],[126.7204737,35.0628159],[126.7203573,35.0628153],[126.7202684,35.0627803],[126.7201575,35.0626736],[126.7200076,35.0625425],[126.7198564,35.0625078],[126.7197151,35.0624709],[126.7196953,35.0624648],[126.7195375,35.0624203],[126.7195237,35.062417],[126.7195201,35.0623808],[126.7193424,35.0623372],[126.7192952,35.0623246],[126.7192569,35.0623293],[126.7191385,35.0623209],[126.719075,35.062324],[126.7190333,35.0623261],[126.7190198,35.0623327],[126.7189457,35.0623464],[126.7188684,35.0623391],[126.7187609,35.0623147],[126.7186738,35.0623087],[126.7185959,35.0623121],[126.7185123,35.0622944],[126.7183099,35.0622537],[126.7175773,35.0622025],[126.7174856,35.0621968],[126.7170377,35.0621647],[126.7170314,35.0621642],[126.7168208,35.0621491],[126.716669,35.0621476],[126.7166057,35.0621428],[126.7165447,35.0621258],[126.7165293,35.0621215],[126.7165269,35.0620922],[126.7164672,35.0620529],[126.716411,35.062016],[126.7159889,35.0617388],[126.7158758,35.0616706],[126.7158218,35.0615134],[126.7156079,35.0612245],[126.7155537,35.0611235],[126.7154139,35.0608791],[126.7153915,35.06084],[126.715314,35.0608109],[126.7148853,35.0606499],[126.7148944,35.0606201],[126.7148972,35.0606109],[126.7143829,35.0604067],[126.7142962,35.0603723],[126.7140339,35.060409],[126.7135194,35.0604214],[126.7131518,35.0604273],[126.7128706,35.0604102],[126.712691,35.0604244],[126.7125741,35.0604415],[126.7120001,35.0605278],[126.7118522,35.0604424],[126.7116707,35.0603211],[126.7113024,35.0600338],[126.7108734,35.0597062],[126.7106461,35.0595734],[126.7104354,35.0594503],[126.7103563,35.0593929],[126.7101256,35.0592377],[126.7100097,35.0592032],[126.7095229,35.0590191],[126.7092411,35.0589074],[126.708988,35.0589098],[126.7088456,35.0588663],[126.7088197,35.0588341],[126.7087298,35.0587225],[126.7084152,35.0584987],[126.7082486,35.0583531],[126.7081924,35.0582486],[126.7081431,35.0581864],[126.7075739,35.0575016],[126.707399,35.0573833],[126.707352,35.0573515],[126.7066306,35.0571526],[126.7059771,35.0566283],[126.7058711,35.0565482],[126.7058387,35.0565236],[126.7057432,35.0564568],[126.7055321,35.0563092],[126.7048656,35.0557659],[126.7046832,35.0552801],[126.7046165,35.0552168],[126.7044033,35.0550145],[126.7041261,35.0545246],[126.7043142,35.0539253],[126.7043497,35.0538299],[126.7043777,35.0537614],[126.7044812,35.0533241],[126.7049392,35.0528565],[126.70549,35.0523867],[126.7063463,35.0519107],[126.7068273,35.0516849],[126.7071008,35.0515391],[126.707321,35.051453],[126.7071827,35.0508721],[126.7071551,35.0503823],[126.7071339,35.0500046],[126.7070531,35.049727],[126.7071697,35.049074],[126.707111,35.0486307],[126.7070741,35.0483519],[126.7071004,35.0478104],[126.7071032,35.0477527],[126.7070996,35.0477435],[126.7069652,35.0474075],[126.7069494,35.0469641],[126.7070295,35.0466683],[126.7067244,35.046287],[126.706645,35.046021],[126.7065234,35.0454051],[126.70651,35.0453188],[126.7064935,35.045212],[126.7064417,35.044862],[126.7064388,35.0446687],[126.7064342,35.0442186],[126.706475,35.0439761],[126.7064795,35.0439491],[126.7065043,35.0438021],[126.7066275,35.0434247],[126.7066344,35.0434031],[126.7067574,35.0430194],[126.7067895,35.0428662],[126.7068137,35.0427187],[126.7068179,35.0421603],[126.7068195,35.0418419],[126.7069913,35.0414517],[126.7070085,35.0413856],[126.7071449,35.0408606],[126.7073423,35.0401297],[126.7074288,35.0400619],[126.7076459,35.0398918],[126.7076888,35.0398593],[126.7080562,35.03984],[126.7084691,35.039816],[126.7090697,35.039424],[126.709597,35.0391123],[126.7099277,35.0390243],[126.7100967,35.0389808],[126.7104647,35.0388744],[126.7106034,35.0388398],[126.7106968,35.0388412],[126.7107605,35.0388228],[126.7107815,35.0387786],[126.7108826,35.0387638],[126.7109172,35.0387501],[126.7110621,35.0387295],[126.7111858,35.0386807],[126.7112267,35.0385723],[126.7112369,35.0385617],[126.7112602,35.0385377],[126.7112935,35.0385033],[126.7113863,35.0384209],[126.7114305,35.0383815],[126.7115518,35.0382737],[126.7116064,35.0382252],[126.7116097,35.0382222],[126.7117171,35.0380711],[126.7117729,35.0379925],[126.7117873,35.0379754],[126.7118388,35.0379137],[126.7118766,35.0378685],[126.7118729,35.0377526],[126.7119049,35.0376964],[126.7119912,35.037649],[126.7120311,35.0375664],[126.7120558,35.0375153],[126.7121479,35.0375449],[126.7122395,35.0375609],[126.7122778,35.0375522],[126.7123012,35.03753],[126.7123478,35.0374177],[126.7123677,35.037418],[126.7126148,35.0374217],[126.7127271,35.0374587],[126.7127489,35.0374658],[126.7128,35.0374712],[126.7128681,35.0374626],[126.7129796,35.0374249],[126.712988,35.0374221],[126.713043,35.0374035],[126.7131054,35.0374235],[126.713109,35.0374247],[126.7132022,35.0374322],[126.7132431,35.0374355],[126.7133141,35.0374744],[126.7133702,35.0375151],[126.71341,35.0375304],[126.7134257,35.0374965],[126.7134637,35.0374756],[126.7134735,35.0374505],[126.7134846,35.0374237],[126.7135399,35.0373739],[126.7136122,35.0372916],[126.7136381,35.0373044],[126.7136722,35.0373156],[126.713726,35.0373379],[126.7137766,35.0373575],[126.7139972,35.0374306],[126.7140914,35.0374821],[126.7142935,35.0376346],[126.7143051,35.0376449],[126.7143321,35.0376643],[126.7144908,35.0377399],[126.7146007,35.0377923],[126.7146526,35.0378191],[126.7146827,35.0378347],[126.714761,35.0378687],[126.714775,35.0378792],[126.7147503,35.0379564],[126.7149638,35.0380486],[126.7149927,35.0380282],[126.7151362,35.0381333],[126.715143,35.0381503],[126.7152769,35.0382523],[126.7153691,35.0383459],[126.7154498,35.0384636],[126.7155395,35.0384284],[126.7155506,35.0384433],[126.7155879,35.0384822],[126.715634,35.0385142],[126.7157001,35.0385397],[126.7157225,35.038475],[126.7157005,35.0384431],[126.7157301,35.0384012],[126.7157831,35.0383476],[126.7157691,35.0383377],[126.7158287,35.038289],[126.7158784,35.0382565],[126.7159082,35.0382596],[126.7160478,35.0381639],[126.7160273,35.0381483],[126.716016,35.0381376],[126.7159571,35.038119],[126.7158935,35.03811],[126.7159214,35.0380931],[126.7160122,35.0381146],[126.7160469,35.038131],[126.7161422,35.0380068],[126.7161444,35.0380038],[126.7161911,35.0379417],[126.7162128,35.0379129],[126.7162396,35.037877],[126.7162646,35.0378355],[126.7162684,35.0378098],[126.7163332,35.0377236],[126.716343,35.0377106],[126.7163495,35.0377116],[126.716376,35.037669],[126.7164676,35.0375533],[126.7164863,35.037553],[126.7165022,35.037512],[126.7165267,35.0374743],[126.7165661,35.0374197],[126.7165524,35.037407],[126.7165533,35.0373964],[126.7165718,35.0373469],[126.7165813,35.0373068],[126.7165707,35.0374016],[126.7165976,35.0374246],[126.7166237,35.0374468],[126.7166422,35.0374407],[126.7166088,35.0373936],[126.716601,35.0373825],[126.7166395,35.0372284],[126.7166308,35.0370985],[126.7165904,35.0368925],[126.7165896,35.0368884],[126.7165858,35.0368871],[126.7165656,35.0368806],[126.7165003,35.0368015],[126.7163611,35.0366485],[126.7163198,35.0366146],[126.7162105,35.0365412],[126.7159875,35.036439],[126.7157876,35.0363278],[126.7157314,35.0363184],[126.7155198,35.0361924],[126.7154416,35.0361241],[126.715401,35.0360532],[126.7153808,35.0359719],[126.7153823,35.0359247],[126.7153702,35.035877],[126.7153655,35.0358582],[126.7153833,35.0356899],[126.7153965,35.0355998],[126.7153942,35.0355278],[126.715362,35.0354235],[126.7153556,35.035403],[126.7153504,35.0352075],[126.7153495,35.0351747],[126.71537,35.0349966],[126.7153705,35.0349927],[126.7153903,35.0347825],[126.7155046,35.0342913],[126.7155299,35.0340688],[126.7155645,35.0338211],[126.7155912,35.033698],[126.7156038,35.0336523],[126.7156256,35.0335734],[126.7156541,35.0334804],[126.7156624,35.0334196],[126.7157174,35.0332927],[126.7157713,35.0330963],[126.7157967,35.0330087],[126.7158456,35.0328999],[126.7158639,35.0328385],[126.7159054,35.0326992],[126.7160023,35.0325019],[126.7162411,35.0321362],[126.7163888,35.0321604],[126.7164752,35.0321746],[126.71654,35.0321729],[126.7166607,35.0322491],[126.7166971,35.0321857],[126.7168075,35.0319666],[126.7168445,35.0318308],[126.7168571,35.0317894],[126.7168658,35.0317608],[126.7168723,35.0317336],[126.716888,35.0316811],[126.7168898,35.0316755],[126.7169116,35.0316087],[126.7169697,35.0314193],[126.7169755,35.0313727],[126.7169763,35.0313665],[126.7169774,35.03136],[126.7170303,35.0313631],[126.7170569,35.0313647],[126.7170894,35.0313816],[126.717243,35.0313858],[126.7173978,35.0313909],[126.7174001,35.0313769],[126.7174003,35.0313758],[126.717414,35.0312685],[126.7174143,35.0312658],[126.7174473,35.0312666],[126.7174882,35.0312676],[126.717499,35.0312562],[126.7175427,35.0311284],[126.7175438,35.0310965],[126.7175414,35.0310596],[126.7175202,35.0310549],[126.7174361,35.0310361],[126.7174405,35.0310166],[126.7174357,35.0309881],[126.7174451,35.0309528],[126.7175086,35.030943],[126.7175251,35.0309401],[126.7175342,35.0309386],[126.717557,35.0309159],[126.7175957,35.03091],[126.7177029,35.0309388],[126.7177255,35.0309154],[126.717761,35.0309249],[126.7177614,35.0309477],[126.7178191,35.0309482],[126.7178912,35.0309412],[126.717886,35.030905],[126.7178467,35.0308727],[126.7178388,35.0308599],[126.7178136,35.0308196],[126.7177496,35.0307709],[126.7177542,35.0307467],[126.7177702,35.0307415],[126.7179152,35.0306942],[126.7179295,35.0306895],[126.7181631,35.0310781],[126.7183734,35.0313366],[126.7184257,35.0313579],[126.7187126,35.0314745],[126.7191248,35.0315075],[126.7194679,35.0315975],[126.7196681,35.0316667],[126.7197361,35.0317008],[126.7198714,35.0317688],[126.7200307,35.0318769],[126.720103,35.0319513],[126.7202362,35.0320884],[126.7202406,35.0320929],[126.7203996,35.0321751],[126.7205068,35.0322305],[126.7208842,35.0323849],[126.7211835,35.0324891],[126.721334,35.0325685],[126.7214021,35.0326044],[126.7215358,35.0327238],[126.7216145,35.0328256],[126.7216913,35.0330225],[126.7217361,35.0331754],[126.7218304,35.033351],[126.7220193,35.0335768],[126.7221189,35.0336576],[126.7222177,35.0337376],[126.7226434,35.0339201],[126.7230126,35.0340456],[126.7234007,35.0341393],[126.7235049,35.0341467],[126.7235756,35.0341517],[126.7235713,35.0341663],[126.7235633,35.0341941],[126.7237174,35.0342245],[126.7237296,35.0342258],[126.7238552,35.0342282],[126.7238826,35.0342288],[126.724098,35.0342961],[126.724123,35.0343147],[126.7241697,35.0343495],[126.7242419,35.0343894],[126.7242726,35.0344075],[126.7244254,35.0344736],[126.7245978,35.0345483],[126.7248314,35.0346651],[126.7253233,35.0347766],[126.7255121,35.034802],[126.7255616,35.0347909],[126.7256107,35.0347799],[126.7257476,35.034702],[126.7258187,35.0346627],[126.7258598,35.0346398],[126.7258779,35.0346308],[126.7259565,35.0346717],[126.725974,35.0346948],[126.7260055,35.0347316],[126.7260023,35.0347338],[126.7260302,35.0347801],[126.7260508,35.0348198],[126.726091,35.0348586],[126.7262234,35.0350609],[126.7262352,35.035079],[126.7262986,35.035128],[126.7264449,35.0352592],[126.7267868,35.0353868],[126.7268692,35.0354176],[126.7269146,35.0354343],[126.7269263,35.0354386],[126.7269274,35.0354834],[126.7269417,35.0354827],[126.7269568,35.0355897],[126.7268975,35.0355892],[126.7268997,35.035596],[126.7268921,35.0355964],[126.7267354,35.0356026],[126.7263663,35.0355942],[126.7259142,35.0355608],[126.7257434,35.0355389],[126.7254621,35.0354969],[126.7254316,35.0354605],[126.725268,35.0354388],[126.7252285,35.0354469],[126.7251826,35.035441],[126.7249596,35.0353874],[126.7248875,35.0353563],[126.7248685,35.0353512],[126.7247738,35.0353231],[126.7247076,35.0353064],[126.7246272,35.0352807],[126.7245794,35.03526],[126.7245664,35.0352822],[126.7245439,35.035327],[126.7244986,35.0354563],[126.7244775,35.035479],[126.7244247,35.0355736],[126.7243873,35.0355657],[126.7242592,35.0355348],[126.7242501,35.0354956],[126.7241509,35.035497],[126.7241405,35.0355091],[126.7240353,35.0354864],[126.7239187,35.0354593],[126.7238635,35.035457],[126.7237959,35.0354524],[126.7237018,35.0354426],[126.7236662,35.035439],[126.7236257,35.0354351],[126.7234798,35.0354107],[126.7234293,35.0354052],[126.7233806,35.0355261],[126.7233687,35.0355788],[126.7233492,35.0356516],[126.7233298,35.0357182],[126.7233161,35.035765],[126.7232987,35.0358003],[126.7232875,35.0358485],[126.7232825,35.0358688],[126.7232675,35.0359005],[126.7232448,35.0359872],[126.7232349,35.0360247],[126.723233,35.0360319],[126.7232263,35.0360575],[126.7232219,35.0360928],[126.723146,35.0362689],[126.7231287,35.036326],[126.7231135,35.0363913],[126.7230662,35.03652],[126.7230522,35.036568],[126.7230463,35.0365862],[126.7229731,35.0366744],[126.7229547,35.0366966],[126.7229048,35.0367393],[126.7228639,35.036797],[126.7228366,35.0368448],[126.7228605,35.0368561],[126.7228578,35.0368608],[126.7227686,35.0370156],[126.7227331,35.0370006],[126.722703,35.0370514],[126.7226734,35.0370882],[126.72265,35.0371174],[126.7226466,35.0371232],[126.7225953,35.0372102],[126.7225793,35.0372241],[126.7225782,35.0372251],[126.7225341,35.0372768],[126.7224622,35.0373706],[126.7224342,35.0373924],[126.7223478,35.0374884],[126.7223029,35.0375384],[126.7222188,35.0376777],[126.7221725,35.0377355],[126.7221139,35.0378358],[126.7220392,35.0380005],[126.7220118,35.0380627],[126.7220163,35.0380657],[126.7220369,35.0380791],[126.7220419,35.0381033],[126.7220761,35.0381323],[126.7221176,35.0381426],[126.7221025,35.0381455],[126.72206,35.038154],[126.7219718,35.038151],[126.721966,35.0381622],[126.7219505,35.0381899],[126.7219448,35.0381887],[126.7219089,35.0382335],[126.7218745,35.0382143],[126.7218473,35.0382072],[126.7218354,35.0382045],[126.721833,35.038204],[126.7218282,35.0382026],[126.721815,35.0381986],[126.721805,35.0381956],[126.7218009,35.0381943],[126.7217956,35.0381927],[126.7217857,35.0381881],[126.7216074,35.0381119],[126.7215914,35.0381044],[126.7215864,35.038102],[126.721591,35.0381639],[126.7215995,35.0383098],[126.7216026,35.0383642],[126.7216061,35.0384173],[126.7216085,35.0384557],[126.7216106,35.0384855],[126.7216118,35.0385039],[126.7216019,35.0385051],[126.7215731,35.03853],[126.7216235,35.0385058],[126.7216183,35.0385109],[126.7216006,35.0385213],[126.7215553,35.0385491],[126.72154,35.0385607],[126.7214735,35.0386099],[126.7214295,35.0386406],[126.7214135,35.0386514],[126.7213873,35.038669],[126.7213733,35.0386765],[126.7213681,35.0386819],[126.7213448,35.0386975],[126.7213111,35.038721],[126.7212886,35.0387356],[126.7212843,35.0387385],[126.7212601,35.0387542],[126.7211102,35.0388511],[126.7209627,35.0389363],[126.7209267,35.0389636],[126.720707,35.0391226],[126.720653,35.0391616],[126.7206268,35.0391172],[126.7205627,35.0389492],[126.7206061,35.0388524],[126.720626,35.0388371],[126.7206409,35.0387419],[126.7206526,35.038668],[126.7206294,35.0386855],[126.7206026,35.0387058],[126.7205779,35.0386821],[126.7205309,35.0386756],[126.7205269,35.0386724],[126.7204434,35.0386804],[126.7204481,35.0387333],[126.7204046,35.0387636],[126.7203656,35.0387913],[126.7203584,35.0387964],[126.7202615,35.0388655],[126.7200249,35.0391361],[126.719986,35.039188],[126.720136,35.0394296],[126.7201785,35.0394944],[126.7201882,35.0395101],[126.7201944,35.0395201],[126.7202133,35.0395471],[126.720233,35.0395572],[126.7202879,35.0395852],[126.7203551,35.0396186],[126.7204214,35.0395932],[126.7204284,35.0395905],[126.7204403,35.039586],[126.7204762,35.0396119],[126.7205598,35.0396692],[126.7208153,35.0399169],[126.7209567,35.0400637],[126.7210124,35.0401496],[126.7210987,35.0402451],[126.7211717,35.0403397],[126.7213327,35.0405384],[126.7213286,35.0405407],[126.7214582,35.0407375],[126.7214623,35.0407414],[126.7214675,35.0408133],[126.7214991,35.0408422],[126.7215033,35.0408464],[126.721541,35.0408832],[126.7217706,35.0407548],[126.7218463,35.0407124],[126.7219221,35.0406699],[126.7220293,35.0406129],[126.7221277,35.0405571],[126.7223338,35.0405022],[126.7225053,35.0404705],[126.7225609,35.0404686],[126.7226272,35.0404981],[126.7226848,35.0405391],[126.7227633,35.0405736],[126.7229073,35.0406762],[126.7230462,35.0407171],[126.7230582,35.040705],[126.7231164,35.0406486],[126.7232001,35.0407022],[126.7232099,35.0407024],[126.7232371,35.0406947],[126.7233139,35.0406526],[126.7233908,35.0406309],[126.7236094,35.0406122],[126.7237429,35.0405451],[126.7238874,35.0405355],[126.7239432,35.0405413],[126.7240698,35.0405264],[126.7242216,35.0404571],[126.7243035,35.0404153],[126.7243799,35.0404344],[126.7244542,35.0403944],[126.7245857,35.0403607],[126.7248252,35.0403383],[126.7247628,35.0402295],[126.7247607,35.0402257],[126.7247468,35.0402017],[126.7247306,35.0401742],[126.7243399,35.0395047],[126.7247334,35.0393471],[126.7249888,35.0392448],[126.7251337,35.0391869],[126.7255212,35.0390309],[126.7255285,35.0390278],[126.7257058,35.0389525],[126.7257159,35.0389481],[126.7260899,35.0391781],[126.7261511,35.039217],[126.7262573,35.0392535],[126.7266826,35.0395697],[126.7267058,35.039586],[126.7267366,35.0396136],[126.7268213,35.0396741],[126.7271852,35.0398878],[126.7274183,35.0400048],[126.7274673,35.0400294],[126.7274811,35.0399877],[126.7275592,35.0400507],[126.7275472,35.0400666],[126.7275413,35.0400733],[126.7275358,35.0400746],[126.7277339,35.0402106],[126.7278339,35.0402792],[126.7279775,35.0403779],[126.7281097,35.0404757],[126.7282387,35.0405727],[126.728356,35.0406496],[126.7285503,35.0407475],[126.7285706,35.0407574],[126.7286429,35.0407838],[126.728718,35.0408113],[126.728725,35.0408139],[126.7288612,35.0408647],[126.7289629,35.0409401],[126.7294889,35.0412116],[126.7296109,35.0412293],[126.7297936,35.0412946],[126.7298984,35.0413141],[126.7299175,35.0413176],[126.7300996,35.0413789],[126.7301611,35.041423],[126.73033,35.0415441],[126.7303889,35.0415707],[126.7305244,35.041603],[126.7305909,35.0416188],[126.7306412,35.0416272],[126.7308588,35.041802],[126.7309643,35.0418871],[126.7309724,35.041896],[126.7311925,35.0421357],[126.7312026,35.0421311],[126.7312064,35.0421295],[126.7312019,35.0421246],[126.7314078,35.0420204],[126.7314458,35.0420424],[126.7315592,35.0421517],[126.7316439,35.0422321],[126.731729,35.0423121],[126.7317965,35.0423689],[126.7318542,35.0424142],[126.7319927,35.042528],[126.7320263,35.0425559],[126.7321423,35.0426599],[126.7322844,35.0427789],[126.7323166,35.0428035],[126.7323892,35.0426938],[126.7324858,35.0426048],[126.7325506,35.042545],[126.7326295,35.0424546],[126.7327526,35.0423228],[126.73276,35.0423034],[126.7325332,35.0419297],[126.7323376,35.0416179],[126.7323316,35.0416082],[126.7323165,35.0415836],[126.7323955,35.0415778],[126.7324735,35.0415801],[126.7326272,35.0416295],[126.7326508,35.0416676],[126.7327123,35.0417879],[126.7328962,35.0420811],[126.7329812,35.0421612],[126.7329705,35.0421698],[126.7330464,35.0421954],[126.733052,35.0421756],[126.7331217,35.0421305],[126.7332193,35.0421092],[126.7334917,35.0420526],[126.7335767,35.0421195],[126.7336546,35.0421419],[126.7337622,35.0421279],[126.7338213,35.0420915],[126.7338624,35.0421494],[126.7339387,35.0422596],[126.734004,35.0423532],[126.7340397,35.0424055],[126.7340769,35.0424834],[126.7340974,35.0425265],[126.7341951,35.0426525],[126.7343675,35.0428753],[126.7344568,35.0429847],[126.7345366,35.0430836],[126.7347412,35.0433351],[126.7350599,35.0437778],[126.7355691,35.0442997],[126.7357099,35.0444022],[126.7361922,35.0448638],[126.7365335,35.0451902],[126.7366252,35.0452761],[126.7368888,35.0455083],[126.737057,35.0456425],[126.73719,35.0457461],[126.7373155,35.0458322],[126.737389,35.0459038],[126.7377598,35.0462033],[126.7383762,35.0466975],[126.7383872,35.0467048],[126.7406041,35.0481662],[126.7404173,35.0483935],[126.7402755,35.048308],[126.7402212,35.0487862],[126.7402288,35.049109],[126.7402325,35.0491761],[126.7402444,35.0493909],[126.7402446,35.0493949],[126.7402978,35.0495488],[126.7403366,35.0496611],[126.7403511,35.049703],[126.7406256,35.0504125],[126.7407138,35.0505242],[126.7407329,35.0505484],[126.7408357,35.0505834],[126.7410394,35.0505062],[126.7411185,35.0504763],[126.741203,35.0503733],[126.7413309,35.0502917],[126.7413693,35.0503094],[126.7416252,35.0504289],[126.7418672,35.0506403],[126.7419001,35.0507134],[126.742118,35.0509366],[126.7424223,35.0511308],[126.7424757,35.0512517],[126.7425198,35.0513409],[126.7424771,35.0514076],[126.7424717,35.0514546],[126.7424375,35.0516227],[126.7423773,35.0516791],[126.7423224,35.0517877],[126.7421592,35.0519416],[126.7417565,35.0522277],[126.7416627,35.0522943],[126.7415001,35.0523666],[126.7414013,35.0527805],[126.74153,35.0528186],[126.7415307,35.0528447],[126.7417368,35.0528468],[126.7419433,35.0529575],[126.7420581,35.0530191],[126.7423528,35.0533558],[126.7423555,35.0534291],[126.7423261,35.0534727],[126.7423303,35.0535416],[126.7423137,35.0535985],[126.7422606,35.0536606],[126.7421839,35.053875],[126.7421855,35.053916],[126.7421855,35.0539166],[126.7422007,35.0543173],[126.7423811,35.0545478],[126.7423446,35.0547175],[126.7423393,35.054732],[126.7424501,35.0548885],[126.7426229,35.0550208],[126.7426372,35.0550267],[126.7426866,35.0550491],[126.742829,35.0551789],[126.7428531,35.0552017],[126.7426695,35.0553601],[126.7428317,35.0555948],[126.743029,35.0558833],[126.7430198,35.0558883],[126.7428505,35.0559288],[126.7428331,35.055933],[126.7425868,35.0559406],[126.742492,35.0557963],[126.7419723,35.0557489],[126.7418645,35.0557452],[126.7416352,35.0557347],[126.7415552,35.0557996],[126.7413529,35.0559637],[126.7408209,35.0561601],[126.7407188,35.0560954],[126.7406739,35.0561322],[126.7405416,35.0562404],[126.7403325,35.0562349],[126.7401739,35.0562703],[126.7401529,35.056275],[126.7399743,35.0563804],[126.7399423,35.0564003],[126.7399211,35.0564056],[126.739801,35.0564329],[126.7396042,35.0564775],[126.7395047,35.0566891],[126.7394699,35.0567631],[126.7393625,35.0568173],[126.7392872,35.0568552],[126.7390107,35.0568567],[126.7388047,35.0569484],[126.7387258,35.0571909],[126.7387131,35.0572655],[126.7386905,35.0573956],[126.7387852,35.0575148],[126.7388493,35.0576091],[126.7389684,35.0578605],[126.7390905,35.0578067],[126.7391356,35.0576069],[126.7392474,35.0575854],[126.7393784,35.0575603],[126.7394694,35.0576284],[126.7396924,35.0578389],[126.739774,35.0580069],[126.7397841,35.0581222],[126.7398378,35.0581931],[126.7398142,35.0582782],[126.7396662,35.0583009],[126.7395325,35.058305],[126.7394328,35.0584755],[126.7393252,35.0585157],[126.7392369,35.0585487],[126.7390282,35.0585398],[126.7389243,35.0585924],[126.7388207,35.058725],[126.7387628,35.0587947],[126.738738,35.058821],[126.7387132,35.0588471],[126.7386588,35.058904],[126.7387935,35.0590157],[126.7388805,35.0590866],[126.7389424,35.0591308],[126.7390026,35.0591743],[126.7391521,35.0592831],[126.7391972,35.0593811],[126.7391099,35.0596698],[126.7392179,35.0599707],[126.7391594,35.0601322],[126.7391549,35.0602094],[126.7391535,35.0602342],[126.7391497,35.0603001],[126.7392153,35.0603518],[126.7392412,35.0603722],[126.7392508,35.0603796],[126.739393,35.0604097],[126.7396502,35.0606026],[126.7397175,35.0606531],[126.7397667,35.0606557],[126.7397698,35.0608138],[126.7397313,35.0609043],[126.7396631,35.060913],[126.739647,35.0609151],[126.7396029,35.0610558],[126.7396001,35.0610646],[126.7395837,35.0611158],[126.7395548,35.0612059],[126.7394733,35.0614173],[126.7393711,35.0616178],[126.7393685,35.0617165],[126.7394366,35.0617737],[126.7395078,35.0617999],[126.7395699,35.0618229],[126.7396963,35.0620968],[126.7397015,35.0621889],[126.7396576,35.0623439],[126.7396389,35.0624231],[126.7395258,35.0624274],[126.739352,35.062485],[126.7391119,35.0625535],[126.7389076,35.0626946],[126.7388687,35.0627675],[126.7387598,35.0628985],[126.738626,35.0630105],[126.7385284,35.0630711],[126.738465,35.0631336],[126.738445,35.0631398],[126.7381811,35.0632224],[126.7380423,35.0632659],[126.7378135,35.0632382],[126.737705,35.0632696],[126.7376351,35.0632918],[126.7375396,35.0633077],[126.7374639,35.0633334],[126.737298,35.0634309],[126.7372518,35.0634837],[126.7370542,35.0635993],[126.7369981,35.0636071],[126.7368136,35.063728],[126.7366887,35.0638339],[126.7366724,35.0638829],[126.7367017,35.0639375],[126.7367815,35.0639863],[126.7368511,35.0640513],[126.7368956,35.0640839],[126.7369982,35.0641592],[126.73705,35.0642708],[126.7370469,35.064308],[126.737069,35.0643411],[126.7370478,35.0644018],[126.7369351,35.0644291],[126.7368371,35.0644673],[126.7366927,35.0645643],[126.7366509,35.0645892],[126.7365105,35.0646666],[126.7363923,35.0647308],[126.7363295,35.0647534],[126.7362349,35.0646729],[126.7361226,35.0647199],[126.7359467,35.0648694],[126.7356883,35.0649995],[126.7353662,35.0650536],[126.7351206,35.0650283],[126.7347765,35.0651126],[126.7343648,35.0653212],[126.7339693,35.065358],[126.733696,35.0654622],[126.7334771,35.0655936],[126.7333166,35.0656381],[126.7331739,35.0656776],[126.732688,35.0656894],[126.732465,35.0656235],[126.7323297,35.0655981],[126.732216,35.0655832],[126.7320313,35.0656849]]]}},
{"type":"Feature","properties":{"BASE_DATE":"20250630","ADM_CD":"36040580","ADM_NM":"영산동"},"geometry":{"type":"Polygon","coordinates":[[[126.7398434,35.0205287],[126.7397632,35.0205503],[126.739707,35.0206017],[126.7396547,35.0204415],[126.7395743,35.0201522],[126.7395306,35.020075],[126.7394991,35.0199387],[126.7392193,35.0199589],[126.7390442,35.0199787],[126.7389021,35.0199274],[126.7385399,35.0195972],[126.7378208,35.0189416],[126.7375557,35.0185811],[126.7374623,35.0184541],[126.7373088,35.0181059],[126.7373358,35.0178514],[126.7373003,35.0172374],[126.7372228,35.0158978],[126.7372099,35.0156743],[126.7372036,35.015566],[126.7371272,35.0142455],[126.7371281,35.013962],[126.7372772,35.0129451],[126.7378722,35.011191],[126.7380826,35.010765],[126.7381432,35.0106422],[126.7381024,35.0102545],[126.7380339,35.0097511],[126.7378781,35.0094322],[126.7377421,35.0091436],[126.7375628,35.008763],[126.7373069,35.0083387],[126.7370412,35.0079774],[126.7362404,35.0070325],[126.7357829,35.0065529],[126.7353827,35.0062027],[126.7353533,35.006177],[126.7348347,35.0058277],[126.7345402,35.0056712],[126.7337682,35.0054703],[126.7333686,35.0053643],[126.7332991,35.0053459],[126.732414,35.0051999],[126.7318992,35.0053787],[126.7318902,35.0053818],[126.7313609,35.0055649],[126.731203,35.0056195],[126.7305806,35.0058027],[126.7298788,35.0059976],[126.7288455,35.0063005],[126.7287748,35.0063213],[126.7287353,35.0063368],[126.7283146,35.0065021],[126.727504,35.0070131],[126.7269295,35.0072986],[126.7260859,35.0076699],[126.7260604,35.0076838],[126.7255589,35.0079561],[126.7251857,35.0082291],[126.7247323,35.0086559],[126.7242331,35.0091699],[126.7236057,35.0098078],[126.7229205,35.0104783],[126.722866,35.0105317],[126.7227339,35.0105348],[126.7221067,35.010467],[126.7214352,35.0104452],[126.7211142,35.0104787],[126.721003,35.0104675],[126.7207626,35.0105215],[126.7202461,35.0106282],[126.719963,35.0106867],[126.7199456,35.0106913],[126.719762,35.0107399],[126.7197133,35.0107487],[126.719457,35.0107956],[126.71903,35.0108503],[126.7187537,35.0109046],[126.7185786,35.0107067],[126.7178845,35.0106945],[126.7175724,35.0107313],[126.7175241,35.0108476],[126.7174263,35.0109942],[126.7170388,35.0105946],[126.7172003,35.0096332],[126.7166987,35.009516],[126.7166752,35.0093503],[126.7166437,35.009149],[126.7166183,35.0089867],[126.7165825,35.0087572],[126.7164718,35.0084632],[126.7162914,35.0079987],[126.7162604,35.0079188],[126.7162569,35.0079099],[126.7161191,35.0074925],[126.7157281,35.006986],[126.7150971,35.0062606],[126.7147911,35.0058757],[126.7147599,35.0058365],[126.7144456,35.0054518],[126.7142396,35.0052117],[126.713763,35.0046562],[126.7133352,35.0042521],[126.7130236,35.0039577],[126.7124994,35.0033729],[126.7122871,35.0030222],[126.7122133,35.0029002],[126.7119842,35.0025218],[126.7114591,35.0018309],[126.711075,35.0014213],[126.7105197,35.0008292],[126.7103775,35.0007482],[126.7097781,35.000379],[126.7093431,35.0001287],[126.709032,34.9999487],[126.7087822,34.9998075],[126.7084324,34.9997839],[126.7083158,34.9997768],[126.7081222,34.9997651],[126.7079732,34.9997576],[126.7075378,34.9997383],[126.707414,34.9997457],[126.70709,34.9997651],[126.7067628,34.9997847],[126.706341,34.999755],[126.7060398,34.9997374],[126.7055515,34.9997225],[126.7053892,34.9997148],[126.7050466,34.999692],[126.7043353,34.9996629],[126.703696,34.9996623],[126.7036924,34.9996319],[126.7036685,34.9994274],[126.7036363,34.9991531],[126.7036404,34.9990901],[126.7036559,34.9990578],[126.7036767,34.9990065],[126.7036866,34.9989803],[126.7037344,34.9988425],[126.7037782,34.9987846],[126.7038048,34.9987175],[126.7037487,34.9986178],[126.7037119,34.9985779],[126.7036974,34.9985224],[126.7036969,34.9985137],[126.7036944,34.9984696],[126.7036751,34.998427],[126.7036632,34.9984085],[126.7036135,34.998336],[126.703662,34.9981909],[126.7037414,34.9981446],[126.7038543,34.9982106],[126.7040599,34.9982959],[126.704133,34.9983154],[126.7042721,34.9983946],[126.704459,34.9984076],[126.7048504,34.9984964],[126.704929,34.9985512],[126.7049689,34.9985447],[126.704897,34.9984796],[126.7048933,34.9984567],[126.7048919,34.9984479],[126.7048813,34.998383],[126.7048998,34.998319],[126.7049455,34.9983249],[126.7049867,34.9983229],[126.7050415,34.9982074],[126.705101,34.9980635],[126.705156,34.9978443],[126.7051704,34.9978456],[126.7053681,34.9978561],[126.7055328,34.9978079],[126.7056081,34.9977816],[126.7056948,34.9977443],[126.7057638,34.9976775],[126.7058535,34.9975829],[126.7059717,34.9973994],[126.7060446,34.9972922],[126.7060681,34.9973109],[126.7060912,34.9973253],[126.7060996,34.9973341],[126.7061518,34.9973794],[126.7061583,34.997385],[126.706139,34.9974298],[126.7061881,34.997721],[126.7062703,34.9977553],[126.7064337,34.997812],[126.7067301,34.9978844],[126.7068711,34.9979143],[126.706963,34.9979853],[126.7071692,34.9979391],[126.7073086,34.9979133],[126.7075033,34.9978744],[126.7075643,34.9978577],[126.7076124,34.9978478],[126.7077145,34.9978268],[126.7077731,34.9978196],[126.7078967,34.9977909],[126.7079881,34.9977662],[126.7080569,34.9977668],[126.7081234,34.9977881],[126.7081751,34.9977844],[126.7082123,34.9977149],[126.7082769,34.9976805],[126.7083611,34.9976397],[126.7083915,34.9976274],[126.7084276,34.9976103],[126.7084787,34.9975938],[126.7084855,34.9975915],[126.7085247,34.9975847],[126.70855,34.9975767],[126.7085819,34.997584],[126.7086222,34.9975787],[126.7086399,34.997588],[126.7087667,34.9976694],[126.7088114,34.9976902],[126.7088847,34.9977283],[126.7089792,34.9976235],[126.7089864,34.9976171],[126.7090145,34.9976261],[126.7091661,34.9974775],[126.7091565,34.9974643],[126.7092318,34.9973965],[126.7092547,34.9973709],[126.7092818,34.9973923],[126.7092978,34.9974052],[126.7093642,34.9974604],[126.7094474,34.9975294],[126.7093435,34.9976186],[126.7092471,34.9976982],[126.7092229,34.9977181],[126.7093482,34.9977963],[126.7092168,34.9979201],[126.7092801,34.9979633],[126.7093559,34.9980247],[126.7094048,34.998064],[126.7094167,34.9980695],[126.7094201,34.9980711],[126.7094582,34.9980365],[126.709467,34.9980118],[126.7094694,34.9980051],[126.7094784,34.9980025],[126.7094926,34.9979986],[126.7094982,34.9979924],[126.7095184,34.9979701],[126.7095639,34.9979252],[126.7095994,34.9978901],[126.7096157,34.9978739],[126.7096436,34.9978463],[126.709692,34.9977992],[126.7096525,34.9977271],[126.7097689,34.9976956],[126.7097774,34.9977098],[126.7097898,34.9976965],[126.7098234,34.997671],[126.7098351,34.9976605],[126.7098849,34.9977767],[126.7098891,34.9977865],[126.7098946,34.9977862],[126.7099608,34.9977832],[126.7099838,34.9977821],[126.7100697,34.9977678],[126.7101032,34.9977578],[126.7101151,34.997773],[126.7101138,34.9977843],[126.7101266,34.9978226],[126.7101593,34.9978139],[126.7101558,34.9977974],[126.7101753,34.9977942],[126.7101776,34.997798],[126.7102809,34.9977921],[126.710345,34.9977718],[126.7103781,34.9978012],[126.710416,34.9977968],[126.7104558,34.997817],[126.7105008,34.9978187],[126.7105729,34.9978231],[126.7107226,34.9978228],[126.7107744,34.997774],[126.7108377,34.997741],[126.7108697,34.9977333],[126.7109028,34.9977151],[126.7108065,34.9976594],[126.7107829,34.9976329],[126.7107801,34.9976243],[126.710779,34.9976209],[126.7108915,34.997477],[126.7109933,34.9973987],[126.7109932,34.997393],[126.7109841,34.9973855],[126.7109979,34.9973743],[126.7110288,34.9973818],[126.711046,34.997386],[126.7113852,34.9975893],[126.7115435,34.9975596],[126.7115719,34.9975543],[126.7116252,34.9975873],[126.7116775,34.9976194],[126.7118305,34.9975056],[126.7118764,34.9974969],[126.7120752,34.9974594],[126.7122261,34.997384],[126.7125922,34.9972291],[126.7126127,34.9972204],[126.7126568,34.9972017],[126.7127407,34.9973916],[126.7127986,34.9976316],[126.712721,34.9977093],[126.7127146,34.9977158],[126.7127351,34.9978123],[126.712741,34.9978399],[126.7128961,34.9978419],[126.7129307,34.9978429],[126.7130432,34.9978461],[126.7130667,34.9978468],[126.7131474,34.9978313],[126.7131542,34.9978188],[126.7132871,34.9977952],[126.7133672,34.9977708],[126.7134096,34.9977628],[126.713645,34.9977635],[126.7138779,34.9977395],[126.7139734,34.9977296],[126.7140581,34.9977545],[126.7144219,34.9977959],[126.7145678,34.9978497],[126.7146364,34.997875],[126.7146752,34.9978833],[126.7147458,34.9978983],[126.7148922,34.9979566],[126.7149162,34.997949],[126.7150498,34.9980166],[126.7151539,34.9980564],[126.715159,34.9980673],[126.7152149,34.9980797],[126.7152748,34.9981026],[126.7152694,34.9981579],[126.7152671,34.9981818],[126.7153034,34.9982468],[126.7153189,34.9982743],[126.7153348,34.9983027],[126.7153861,34.9983127],[126.7155307,34.9984695],[126.7155292,34.9985247],[126.7155492,34.9985664],[126.7155673,34.9986042],[126.7155601,34.998622],[126.7155634,34.9987169],[126.7155521,34.998823],[126.7156179,34.9988725],[126.7157467,34.9990201],[126.715784,34.9990668],[126.7158071,34.9990994],[126.7158465,34.9991565],[126.7158475,34.999158],[126.7158788,34.9991692],[126.7158763,34.9991997],[126.715917,34.9992588],[126.7159351,34.9992642],[126.71598,34.9991943],[126.7160511,34.9992242],[126.716211,34.9992914],[126.7162008,34.9993286],[126.7162334,34.9993311],[126.7162301,34.9993547],[126.7162353,34.9993744],[126.7162493,34.9994284],[126.7162536,34.9994397],[126.7162693,34.9994798],[126.7162632,34.9995313],[126.7162611,34.9995493],[126.7162375,34.9995837],[126.7162336,34.9995894],[126.7162389,34.9995935],[126.7162406,34.9995947],[126.7162518,34.9996031],[126.7162677,34.9996183],[126.7162748,34.9996399],[126.7163384,34.9996465],[126.7163412,34.9996167],[126.7162817,34.9996072],[126.7163015,34.9995788],[126.7163274,34.9995577],[126.7163754,34.9995363],[126.716437,34.9995167],[126.716568,34.9994928],[126.716573,34.9994923],[126.716585,34.9995177],[126.7165841,34.9995353],[126.7165851,34.9995541],[126.7165143,34.9995865],[126.7165055,34.9995845],[126.7165028,34.9995917],[126.7164647,34.9996092],[126.716389,34.9996903],[126.7165249,34.9997182],[126.7165955,34.9997329],[126.7166564,34.9997057],[126.7167576,34.9997359],[126.7167786,34.9997849],[126.716965,34.999801],[126.7169628,34.9998085],[126.7169911,34.9998143],[126.717158,34.9998229],[126.7172689,34.9998417],[126.7173478,34.9998526],[126.717456,34.9998115],[126.7175811,34.9997608],[126.7177745,34.9996643],[126.717849,34.9995643],[126.71791,34.999473],[126.71796,34.9993834],[126.7179715,34.9993629],[126.7180434,34.99918],[126.7181032,34.9990364],[126.7181349,34.9989603],[126.7182695,34.9986586],[126.718304,34.9984271],[126.7182946,34.9982328],[126.718277,34.9981721],[126.718225,34.9979743],[126.7182183,34.9978625],[126.7182663,34.9978393],[126.7182415,34.9977576],[126.7182402,34.9977537],[126.7181694,34.9976318],[126.7181596,34.9976148],[126.718145,34.9975897],[126.7182141,34.997506],[126.7182349,34.9974806],[126.7182748,34.9973621],[126.7183207,34.9972325],[126.7183924,34.9972343],[126.7184423,34.9970998],[126.7184351,34.9970059],[126.7185453,34.996895],[126.718574,34.9968599],[126.7185863,34.9968492],[126.7185108,34.9968365],[126.718499,34.9968427],[126.7184237,34.9968737],[126.7183423,34.9968862],[126.7181747,34.9968714],[126.7181145,34.9968407],[126.71791,34.9967365],[126.717819,34.9967018],[126.7177186,34.996687],[126.7175804,34.9966783],[126.7175071,34.9966904],[126.7174932,34.9966672],[126.7174875,34.996615],[126.7173596,34.9965999],[126.7172787,34.9966125],[126.7172477,34.9966097],[126.7172303,34.9965458],[126.7171717,34.9965503],[126.7171574,34.9965265],[126.7171428,34.9965017],[126.7171378,34.9964933],[126.7170673,34.9963447],[126.7170418,34.9963019],[126.7170172,34.996263],[126.7169669,34.9961835],[126.7169654,34.9961812],[126.7169428,34.9961197],[126.7169257,34.9960732],[126.7169235,34.996067],[126.7169218,34.9959938],[126.7169103,34.9959191],[126.7168974,34.9958886],[126.7168904,34.9958615],[126.7168861,34.9958467],[126.7168554,34.9958261],[126.7168525,34.9958188],[126.7168328,34.9957692],[126.7168314,34.9957425],[126.7168295,34.9957071],[126.7168248,34.995691],[126.7168101,34.995642],[126.7167845,34.9956215],[126.7167022,34.9955301],[126.7166726,34.9955007],[126.7166528,34.9954811],[126.7166287,34.9954572],[126.7166322,34.9954411],[126.7166327,34.9954386],[126.7166353,34.9954313],[126.7166132,34.99539],[126.7165227,34.995311],[126.7166199,34.9952207],[126.7167071,34.9952325],[126.7167337,34.9952129],[126.7167576,34.9951905],[126.7168097,34.9951402],[126.7168109,34.9951391],[126.7168203,34.9951299],[126.716888,34.9950435],[126.7168245,34.9950298],[126.7169482,34.994907],[126.716943,34.9948765],[126.7169418,34.9948694],[126.716931,34.9948631],[126.7169118,34.9948518],[126.7168799,34.9947882],[126.7168601,34.9946505],[126.7168079,34.9945925],[126.7167931,34.9945958],[126.716771,34.9946007],[126.716606,34.9945435],[126.7165161,34.9945051],[126.7164678,34.9944489],[126.7164659,34.9944466],[126.7164567,34.994436],[126.7164356,34.9944253],[126.7163783,34.9943963],[126.7163552,34.9943859],[126.7163453,34.9943814],[126.7162868,34.9943597],[126.7162905,34.9943567],[126.7162605,34.9943311],[126.7162539,34.9943255],[126.7162268,34.9943028],[126.7161294,34.9942306],[126.7158794,34.9940453],[126.7158154,34.9939891],[126.7158465,34.9939251],[126.7159213,34.9939121],[126.7161103,34.993312],[126.7160796,34.9931288],[126.7160662,34.9930992],[126.7160033,34.9928831],[126.7159377,34.9926581],[126.7159342,34.9926443],[126.7159085,34.9925434],[126.715954,34.9923613],[126.7159643,34.9923202],[126.7160117,34.9921236],[126.7160512,34.99195],[126.7159673,34.9919645],[126.7159422,34.9919448],[126.7159375,34.991907],[126.7159992,34.9918277],[126.7159946,34.99175],[126.7159952,34.9917462],[126.7160038,34.991696],[126.7160265,34.9915639],[126.7160901,34.9914959],[126.7162329,34.9913563],[126.7162234,34.9913034],[126.7161829,34.9911508],[126.7161388,34.9910532],[126.7161568,34.9908387],[126.7161688,34.9906957],[126.7161705,34.9906748],[126.7161816,34.9904551],[126.7161716,34.9904213],[126.7161671,34.9903943],[126.7161383,34.9902229],[126.7161335,34.9901945],[126.7161503,34.9901811],[126.716325,34.9900421],[126.7164891,34.9897902],[126.7162627,34.9897334],[126.7163368,34.989638],[126.7163994,34.9895573],[126.7164423,34.9895021],[126.7165056,34.9894189],[126.7164702,34.9893878],[126.7164754,34.9893737],[126.7165441,34.989188],[126.7166692,34.9889882],[126.7167983,34.9887861],[126.7168007,34.98878],[126.7168857,34.9885626],[126.7169214,34.9884632],[126.7169346,34.9883475],[126.7170569,34.9878094],[126.7172224,34.9874612],[126.7175973,34.9870036],[126.7176781,34.9869062],[126.7178239,34.9867335],[126.7178755,34.9866724],[126.7178759,34.9866719],[126.7178768,34.9866707],[126.7181069,34.9863526],[126.7181523,34.9863084],[126.7182056,34.9862319],[126.7182377,34.9861884],[126.7182929,34.9861222],[126.7183218,34.9860875],[126.7183608,34.9860317],[126.7184513,34.9859023],[126.7184629,34.9858958],[126.7186368,34.9857972],[126.7190325,34.9856025],[126.7190668,34.9855617],[126.7191154,34.9855406],[126.7191787,34.9855703],[126.7193064,34.9855988],[126.7194406,34.9857103],[126.7196074,34.9858503],[126.7196408,34.9859333],[126.7196861,34.9860552],[126.7196716,34.9861222],[126.7197931,34.9862485],[126.7200896,34.9862364],[126.7201982,34.9862402],[126.7202517,34.9860293],[126.7203107,34.985981],[126.7203619,34.9860562],[126.7205515,34.9861519],[126.7207096,34.9860828],[126.720734,34.9860569],[126.7207476,34.9860662],[126.7208137,34.9860373],[126.7208288,34.9860307],[126.7211287,34.9859133],[126.721148,34.9859275],[126.7211943,34.9858828],[126.721351,34.9858111],[126.7213948,34.9858061],[126.7214128,34.9857985],[126.7215256,34.985751],[126.7215852,34.9857264],[126.721638,34.9857047],[126.7216467,34.9857018],[126.722056,34.985614],[126.7220722,34.9855987],[126.7221109,34.9855621],[126.722147,34.9855281],[126.7221633,34.985521],[126.7221933,34.985508],[126.7225112,34.9853609],[126.7225145,34.9853594],[126.7225491,34.9853385],[126.722587,34.9853157],[126.7226127,34.98534],[126.722633,34.9853185],[126.722645,34.9853063],[126.7227516,34.9851964],[126.7231293,34.9848036],[126.7231392,34.9847343],[126.7231484,34.9846669],[126.7232391,34.9845858],[126.7234027,34.9844383],[126.7234347,34.9844093],[126.723462,34.9843671],[126.7235073,34.984297],[126.7236668,34.9840528],[126.7237393,34.9839779],[126.7238665,34.9838466],[126.7238783,34.9838356],[126.7238768,34.9838348],[126.7239704,34.9837515],[126.7239862,34.9837375],[126.724029,34.9836995],[126.7241753,34.9835524],[126.7242436,34.9834838],[126.7244097,34.9833169],[126.72441,34.9832952],[126.7244104,34.9832632],[126.7244109,34.9832255],[126.7244587,34.9832122],[126.72446,34.9832119],[126.7244614,34.9832115],[126.7244613,34.9832106],[126.7244586,34.98319],[126.7244505,34.9831857],[126.7244352,34.9831776],[126.7242392,34.9831154],[126.7243467,34.9828226],[126.7245923,34.9824602],[126.7247172,34.9824702],[126.7249265,34.9824869],[126.7250431,34.9822839],[126.7252026,34.9821353],[126.7253421,34.9820039],[126.7253598,34.9819872],[126.7253792,34.9819393],[126.7254535,34.98177],[126.7256598,34.9814103],[126.725913,34.9809744],[126.7259197,34.9809408],[126.7259548,34.9806623],[126.7260819,34.9804317],[126.7261516,34.9801722],[126.7267297,34.9797847],[126.7267701,34.9797528],[126.7268414,34.9796964],[126.726904,34.9796365],[126.7270414,34.9795051],[126.7270761,34.9794686],[126.727154,34.9793867],[126.7271649,34.979368],[126.7271732,34.9793413],[126.7272476,34.9791029],[126.7273546,34.9787744],[126.7274448,34.9784835],[126.7275048,34.9784017],[126.7275291,34.9783193],[126.7275653,34.9781963],[126.7277095,34.9776978],[126.7278419,34.9772247],[126.727905,34.9770515],[126.7279503,34.9769333],[126.7280313,34.9767219],[126.7281084,34.976487],[126.7281764,34.9762842],[126.7281976,34.9762211],[126.7283106,34.9758844],[126.7284347,34.9756684],[126.7285823,34.9754082],[126.7286044,34.9753693],[126.7286253,34.9753325],[126.7287613,34.9750816],[126.7287854,34.9750135],[126.7288687,34.9747701],[126.7288855,34.9745667],[126.728915,34.9744673],[126.7290838,34.9739582],[126.7291421,34.9737635],[126.7293121,34.9732409],[126.7293584,34.9730832],[126.7294361,34.9728513],[126.7295086,34.9726353],[126.7295492,34.9726379],[126.7298638,34.9726692],[126.7298873,34.9726716],[126.7299794,34.9726712],[126.7300346,34.9726006],[126.7300513,34.9725211],[126.7301099,34.9723676],[126.7301856,34.9722846],[126.7302858,34.9721625],[126.7303649,34.9720644],[126.7304958,34.9719069],[126.7306365,34.9717267],[126.7307624,34.9715471],[126.7307998,34.9713071],[126.730823,34.970965],[126.7308318,34.9706064],[126.7309434,34.9704522],[126.7309648,34.9704427],[126.7309118,34.9704128],[126.7309589,34.9703415],[126.7310187,34.9703448],[126.7311408,34.9700848],[126.7312234,34.9698474],[126.7312271,34.9698367],[126.7312458,34.9697727],[126.73127,34.9697281],[126.731441,34.9695425],[126.731511,34.9694624],[126.731437,34.9692947],[126.7315295,34.969273],[126.7315815,34.969263],[126.7316451,34.9692247],[126.7316808,34.9691544],[126.731858,34.9689662],[126.7320112,34.968854],[126.7322883,34.9686528],[126.7323235,34.9686258],[126.7324306,34.9685941],[126.7325338,34.9685504],[126.7327924,34.9683914],[126.7329379,34.9683373],[126.7331426,34.9682611],[126.7331618,34.9682539],[126.7331543,34.9682601],[126.7331379,34.9682738],[126.7332044,34.9683211],[126.733226,34.9683621],[126.7333368,34.9683981],[126.7333678,34.9684021],[126.7335094,34.96844],[126.7337995,34.9684475],[126.733939,34.9684641],[126.734016,34.9684699],[126.7340986,34.9684978],[126.7342279,34.9684974],[126.7345922,34.9684759],[126.7347122,34.9684797],[126.734928,34.9684867],[126.7351596,34.9684562],[126.7354348,34.9684177],[126.7354728,34.9684139],[126.7355059,34.9684105],[126.7355901,34.9685634],[126.735817,34.9689753],[126.735895,34.9690207],[126.7359783,34.9690692],[126.7359914,34.9690769],[126.736047,34.9691093],[126.7363286,34.9691757],[126.7363401,34.9692096],[126.736397,34.9693638],[126.7363489,34.9695357],[126.7363459,34.9697545],[126.7365594,34.9701299],[126.7366754,34.970209],[126.7369597,34.9703291],[126.7370492,34.970406],[126.7371526,34.9704877],[126.737243,34.970645],[126.7373407,34.9707742],[126.7373595,34.970848],[126.737467,34.9710382],[126.7375427,34.9711579],[126.7376058,34.9712801],[126.7376521,34.971357],[126.7377072,34.9714302],[126.7378188,34.9715674],[126.7378619,34.971614],[126.7379264,34.9716898],[126.7379396,34.9717014],[126.7382542,34.9719762],[126.7383516,34.9720632],[126.7384671,34.9721441],[126.738579,34.9722176],[126.7386463,34.9722454],[126.7386992,34.9722743],[126.7387434,34.9722977],[126.7387936,34.9722894],[126.7388666,34.972298],[126.7389855,34.9723175],[126.7390543,34.9723332],[126.7391403,34.9723077],[126.7391909,34.9723227],[126.7392492,34.9723406],[126.7393702,34.9723352],[126.7394548,34.9723084],[126.7395209,34.9723261],[126.7396025,34.9723377],[126.7396686,34.9723046],[126.7397035,34.9722505],[126.7397986,34.9721933],[126.7397417,34.9722981],[126.7397679,34.9723421],[126.739814,34.9724049],[126.7398614,34.9723484],[126.7398744,34.9723083],[126.7398954,34.9722166],[126.7399773,34.972222],[126.7399775,34.9722667],[126.7400747,34.9722099],[126.7400979,34.972214],[126.7400862,34.9722037],[126.7401181,34.972187],[126.7401302,34.9721526],[126.7402275,34.9721197],[126.7402992,34.972062],[126.7403281,34.9720414],[126.7403296,34.9720406],[126.7403395,34.9720348],[126.7404582,34.9719716],[126.7404865,34.9719789],[126.7407048,34.9716975],[126.7407161,34.9716875],[126.7407694,34.9716406],[126.7408216,34.9715533],[126.7408242,34.971549],[126.7408471,34.9715662],[126.7408668,34.9715371],[126.7408834,34.9715266],[126.740967,34.971493],[126.7409766,34.9714917],[126.7410148,34.9714866],[126.7410987,34.9714679],[126.741202,34.9714523],[126.7415423,34.9714226],[126.7416453,34.9714054],[126.7416769,34.9714002],[126.7417559,34.9714096],[126.7420425,34.9714439],[126.7424277,34.9716012],[126.7424729,34.9716197],[126.7427147,34.9716562],[126.7429124,34.9716861],[126.7429557,34.9716902],[126.7430144,34.9717084],[126.7432118,34.9717348],[126.743233,34.9717458],[126.7433564,34.971752],[126.7434462,34.9717663],[126.7434519,34.9718318],[126.7435421,34.9718458],[126.7436653,34.97184],[126.7437488,34.9718795],[126.7437556,34.97197],[126.743707,34.9720408],[126.7437069,34.9720644],[126.743721,34.9720657],[126.7437453,34.9721345],[126.7437525,34.9721638],[126.7437623,34.9722039],[126.7437996,34.9722371],[126.7438618,34.9722711],[126.743919,34.9723405],[126.7439375,34.9723621],[126.7439677,34.9723979],[126.7441641,34.9724977],[126.7441897,34.9725264],[126.7442226,34.9725269],[126.7444088,34.97253],[126.744415,34.9725409],[126.7444517,34.9725328],[126.7444736,34.9725282],[126.7445549,34.9725113],[126.7447094,34.9724792],[126.7451347,34.9723917],[126.7451364,34.9723913],[126.745202,34.9723755],[126.7452204,34.9723688],[126.7452715,34.9723514],[126.7453558,34.9723575],[126.745365,34.9723486],[126.7457575,34.9723141],[126.7458873,34.9723685],[126.7459343,34.9723854],[126.7460354,34.9724217],[126.7461328,34.9724427],[126.7461521,34.9724507],[126.7462998,34.9725124],[126.7463849,34.9725688],[126.7465321,34.9726657],[126.7465702,34.9727067],[126.7466748,34.9727796],[126.7467522,34.9728343],[126.7470847,34.9730174],[126.7471291,34.9730488],[126.7473128,34.9731724],[126.7474137,34.9732495],[126.7473637,34.9733637],[126.7473358,34.9734619],[126.7472944,34.9736034],[126.74728,34.9736523],[126.7472597,34.9737211],[126.7472518,34.9737653],[126.7472509,34.9738103],[126.747249,34.9739095],[126.7472481,34.9739708],[126.7472465,34.9740128],[126.7472398,34.974143],[126.7472321,34.9742672],[126.7472293,34.9743452],[126.7471926,34.9744198],[126.7471415,34.9745274],[126.7470951,34.9746185],[126.7470611,34.9746679],[126.7470359,34.9747041],[126.7470049,34.9747512],[126.7469844,34.9747845],[126.7469274,34.9748868],[126.7471039,34.9750835],[126.7472497,34.9752462],[126.7473875,34.9753998],[126.7474202,34.97544],[126.7475072,34.9754984],[126.747599,34.9755602],[126.7476413,34.9755886],[126.7479901,34.9758152],[126.7479913,34.975816],[126.7479926,34.9758208],[126.7480355,34.975983],[126.748145,34.9763183],[126.7481446,34.9764917],[126.7481444,34.9765605],[126.7480427,34.9767337],[126.7480359,34.9767422],[126.7477916,34.9770474],[126.7478942,34.9771416],[126.7480282,34.9772646],[126.7482398,34.9774735],[126.7482493,34.9774956],[126.7482994,34.9775736],[126.7483369,34.9776993],[126.7483531,34.9777538],[126.7483888,34.9777781],[126.74872,34.9780035],[126.7488646,34.9781606],[126.7488667,34.9781665],[126.7489006,34.9782597],[126.7489038,34.9782684],[126.7489419,34.9783523],[126.7489853,34.9785091],[126.7490418,34.9788302],[126.7490178,34.9789163],[126.7489784,34.97895],[126.7489363,34.9789859],[126.7489297,34.9791768],[126.7490271,34.9793039],[126.7493173,34.9792717],[126.7495457,34.9790945],[126.7496274,34.9790293],[126.7497007,34.9789708],[126.7497776,34.9789248],[126.7500313,34.9787729],[126.7502489,34.9786408],[126.7503282,34.9786056],[126.7505544,34.978516],[126.7506999,34.9784681],[126.7507998,34.978445],[126.7508507,34.9784386],[126.7511847,34.9783807],[126.7513502,34.9783422],[126.7514916,34.978316],[126.7519483,34.9782271],[126.7520733,34.9782093],[126.7521624,34.9781821],[126.7525906,34.9780513],[126.7527564,34.9780969],[126.7529361,34.9781453],[126.7530646,34.9781799],[126.7532998,34.9782347],[126.7536197,34.9783149],[126.7536742,34.9784068],[126.7537067,34.9784598],[126.753803,34.9786165],[126.7538987,34.9786842],[126.754206,34.9789065],[126.7547226,34.9790636],[126.7548413,34.9791037],[126.7549472,34.9791127],[126.7554223,34.9794306],[126.7556607,34.9795901],[126.7561451,34.9800403],[126.7562381,34.9801268],[126.7562725,34.9801566],[126.756369,34.9802466],[126.7564004,34.9802718],[126.7564093,34.9802924],[126.7564361,34.98035],[126.7564433,34.9803612],[126.7566933,34.9805893],[126.7567018,34.980597],[126.7571542,34.9810078],[126.7573195,34.9810151],[126.7573611,34.9810169],[126.7579436,34.9809239],[126.7585682,34.9808381],[126.7587272,34.9808162],[126.7587614,34.9808465],[126.7588598,34.9809337],[126.7589856,34.9810464],[126.7589995,34.9810589],[126.759066,34.9811198],[126.7593515,34.9811567],[126.7594248,34.9811662],[126.7597296,34.9813112],[126.7598713,34.9813766],[126.7600031,34.9814398],[126.7601064,34.9815697],[126.7602849,34.9817942],[126.7603249,34.9818283],[126.7603255,34.9818288],[126.7604895,34.9818542],[126.7605713,34.9819216],[126.7606476,34.982003],[126.7606902,34.9821138],[126.7608309,34.9822038],[126.7609054,34.9822637],[126.7607398,34.9823721],[126.7607081,34.9824341],[126.7606256,34.9825957],[126.7605677,34.9828961],[126.7604486,34.9830838],[126.7604084,34.9831471],[126.7603797,34.9832665],[126.7603474,34.9834415],[126.7602575,34.9837363],[126.7601457,34.9840954],[126.7601126,34.9841908],[126.7600556,34.9843229],[126.7600347,34.9844376],[126.7600259,34.9845361],[126.7600188,34.9846585],[126.7600107,34.984765],[126.7599911,34.9848824],[126.7599751,34.9849638],[126.7598834,34.985104],[126.7598758,34.985116],[126.7598619,34.985151],[126.7597989,34.9853858],[126.7597521,34.9855134],[126.7597481,34.9855242],[126.759737,34.9855765],[126.759702,34.9856207],[126.7596287,34.9857107],[126.7595063,34.9859123],[126.7594774,34.9859493],[126.7594441,34.9859916],[126.7593463,34.9861648],[126.7592106,34.9863853],[126.7591332,34.9864984],[126.7591696,34.9865828],[126.7591828,34.9866284],[126.7591976,34.9866795],[126.7592158,34.9867688],[126.7590852,34.9869459],[126.7590341,34.9870703],[126.7589716,34.987185],[126.7588384,34.9874293],[126.758883,34.9875132],[126.7589017,34.9875723],[126.7589094,34.9876128],[126.7589743,34.9877617],[126.7590306,34.9878235],[126.7591749,34.9879812],[126.759201,34.9880098],[126.7592263,34.9880458],[126.7592878,34.9881338],[126.7593363,34.9881637],[126.7593402,34.988166],[126.7593706,34.9881962],[126.7593782,34.9882085],[126.7594046,34.9882513],[126.7594215,34.9882734],[126.759477,34.9883291],[126.7595674,34.988411],[126.759568,34.9884115],[126.7596261,34.9884722],[126.7596549,34.9885315],[126.7596884,34.9886374],[126.7596984,34.9888161],[126.7597018,34.9888785],[126.759772,34.9890905],[126.7598661,34.9892267],[126.7599886,34.9893524],[126.7600252,34.9893853],[126.7601357,34.9895329],[126.7602321,34.9896336],[126.7603009,34.9896941],[126.7603828,34.9897661],[126.7604294,34.9898494],[126.7604413,34.9898741],[126.7605667,34.9901329],[126.7605678,34.9903712],[126.760556,34.9905598],[126.7607512,34.990645],[126.7609842,34.9906939],[126.7611203,34.9907225],[126.7611022,34.9907666],[126.7611357,34.9907745],[126.7611429,34.9909121],[126.7611991,34.9909934],[126.7612298,34.9910369],[126.7613166,34.9911863],[126.7613729,34.991293],[126.7613905,34.9913263],[126.7614542,34.9914161],[126.7614959,34.9914966],[126.7614239,34.9916248],[126.7614675,34.9920019],[126.7615579,34.9923866],[126.7615736,34.9924698],[126.7615822,34.9925036],[126.7615619,34.9925935],[126.7615214,34.9926631],[126.7614471,34.9928218],[126.7614202,34.9928943],[126.7613961,34.9929556],[126.7612451,34.9933405],[126.7612423,34.9933906],[126.7612421,34.9933928],[126.7612559,34.9934635],[126.7612662,34.9936063],[126.7612022,34.9937612],[126.7611929,34.9937804],[126.7611634,34.993996],[126.7611167,34.9940807],[126.7611105,34.9942773],[126.7611122,34.9943873],[126.7611444,34.9944787],[126.7611505,34.9944995],[126.7611807,34.9945512],[126.7612391,34.9946088],[126.7613254,34.994694],[126.7615923,34.9948559],[126.7616952,34.9949245],[126.761708,34.9950008],[126.7617083,34.9950026],[126.7617167,34.9950826],[126.7617814,34.9952632],[126.7618262,34.9953644],[126.7618588,34.9954779],[126.7618665,34.9955088],[126.7618807,34.9955931],[126.761886,34.9956486],[126.7618775,34.9957122],[126.7619076,34.9957421],[126.7619226,34.9957682],[126.7619303,34.9957904],[126.7619337,34.9958003],[126.7619398,34.9958204],[126.7620016,34.995871],[126.7620927,34.9959628],[126.7621129,34.9960355],[126.7620837,34.9961649],[126.7619884,34.996292],[126.7618733,34.9964267],[126.7616192,34.9965188],[126.761479,34.9967887],[126.7614819,34.9968733],[126.7614843,34.9969747],[126.7614774,34.9969896],[126.761465,34.997016],[126.7614826,34.9971383],[126.7614959,34.9972307],[126.7614871,34.9972661],[126.7614583,34.9973823],[126.7614585,34.997406],[126.7614592,34.997468],[126.7614195,34.997602],[126.7612828,34.9978099],[126.7611131,34.998062],[126.761087,34.9981008],[126.7610319,34.9981425],[126.7609991,34.9981658],[126.7609587,34.998237],[126.760897,34.9983246],[126.760857,34.9984262],[126.7607608,34.998576],[126.7606444,34.9988205],[126.7605509,34.9990289],[126.7604826,34.9990447],[126.7604685,34.999048],[126.7603795,34.9990781],[126.7603101,34.99909],[126.7601388,34.9991257],[126.7599672,34.9990982],[126.7597524,34.9990413],[126.7595752,34.998999],[126.7594372,34.9990703],[126.7592606,34.9991078],[126.7590537,34.9991836],[126.7590449,34.9993143],[126.7590396,34.99934],[126.759068,34.9993428],[126.7590181,34.9993871],[126.7589437,34.9994533],[126.7589499,34.9995031],[126.7589547,34.9995412],[126.7589437,34.9995873],[126.7589405,34.9996016],[126.7589434,34.9996321],[126.7588854,34.9996501],[126.758852,34.9996668],[126.7587874,34.9996711],[126.7587396,34.9996535],[126.7587149,34.9996407],[126.7586584,34.9995767],[126.7585882,34.9995302],[126.7585575,34.9995331],[126.7585188,34.9995816],[126.758446,34.9995925],[126.758331,34.9995816],[126.7582093,34.9995493],[126.7580536,34.999555],[126.7579823,34.9995622],[126.7579507,34.9995818],[126.7579131,34.9996299],[126.7579025,34.9997267],[126.7578793,34.999824],[126.7578559,34.9998668],[126.7578067,34.9999587],[126.7577156,34.9999872],[126.7576374,34.9999705],[126.7574051,35.0000795],[126.7573074,35.0001644],[126.7572627,35.0002184],[126.7572287,35.0002596],[126.7571629,35.000412],[126.7571206,35.0004501],[126.7571096,35.00046],[126.7570192,35.000495],[126.7567977,35.0005411],[126.7566276,35.0005887],[126.7564163,35.000648],[126.7561174,35.0006699],[126.7559891,35.0006643],[126.7557562,35.0007205],[126.7557514,35.0007335],[126.7556233,35.000741],[126.7554853,35.0007806],[126.7553663,35.0008465],[126.75533,35.0008722],[126.7553159,35.0008991],[126.7551916,35.0009604],[126.7551237,35.0009207],[126.7550037,35.0008548],[126.7548952,35.0007503],[126.7548502,35.0006907],[126.7548246,35.000704],[126.7547792,35.0007256],[126.7547556,35.000729],[126.7547085,35.0007408],[126.7546405,35.0007318],[126.7546146,35.0007239],[126.7544608,35.0006767],[126.75439,35.0006806],[126.7542752,35.0006797],[126.7542701,35.0006788],[126.7542027,35.0006661],[126.7541419,35.0006547],[126.7541159,35.0006717],[126.7540239,35.0006713],[126.7539594,35.000657],[126.7539374,35.0006362],[126.7539306,35.0006298],[126.7538009,35.0005559],[126.7536853,35.0005064],[126.7535884,35.0004899],[126.7534924,35.0004958],[126.7534732,35.0004882],[126.7534082,35.0005067],[126.7532524,35.000605],[126.7532443,35.0006101],[126.7531545,35.0006613],[126.753118,35.0006822],[126.7530928,35.0006965],[126.7530274,35.0007665],[126.7529749,35.0008227],[126.7528756,35.0008826],[126.7525541,35.0010775],[126.7525529,35.0010783],[126.7525189,35.0010991],[126.7523961,35.0011296],[126.7522693,35.0011947],[126.752044,35.0013102],[126.7519441,35.0013615],[126.75191,35.0013721],[126.7518679,35.0013853],[126.7518154,35.0014017],[126.7515636,35.0014803],[126.7515392,35.0014879],[126.7513406,35.001479],[126.7513131,35.0014709],[126.7512374,35.0014483],[126.7511351,35.0014338],[126.7509894,35.0014463],[126.7508707,35.0014334],[126.750796,35.0014421],[126.7507131,35.001436],[126.7506317,35.0014301],[126.7505114,35.0014213],[126.7502437,35.0013703],[126.7498276,35.0013236],[126.7496588,35.0012896],[126.7495647,35.001271],[126.7495582,35.0012695],[126.7495327,35.0012635],[126.7494792,35.0012507],[126.7493733,35.001223],[126.749299,35.0012062],[126.7491621,35.0011752],[126.7490023,35.0012071],[126.7488148,35.001245],[126.7487386,35.0012652],[126.748621,35.001282],[126.7485572,35.0013465],[126.7485069,35.0014266],[126.7484744,35.001453],[126.748417,35.0014996],[126.748404,35.0015102],[126.7483683,35.001523],[126.7483171,35.0015415],[126.7482979,35.0015381],[126.7481327,35.0015093],[126.7481132,35.0015059],[126.7479961,35.0014763],[126.7478604,35.001436],[126.747814,35.0014514],[126.7477538,35.0014986],[126.7477533,35.001499],[126.7477513,35.0014985],[126.7475836,35.0014547],[126.7474707,35.0014344],[126.7472724,35.0014093],[126.7472077,35.0014276],[126.7471783,35.0014359],[126.7471235,35.0014514],[126.7470768,35.0014646],[126.7470411,35.0014747],[126.7469314,35.0014951],[126.7468159,35.0015165],[126.7466665,35.0015442],[126.7465766,35.0015693],[126.7463461,35.0016338],[126.7463107,35.0016437],[126.7461896,35.0016778],[126.7461279,35.0016952],[126.7460291,35.001731],[126.7459579,35.0017568],[126.7459336,35.0017657],[126.745706,35.0018745],[126.7456819,35.0018804],[126.7453754,35.001957],[126.7452253,35.0019694],[126.7451028,35.0019558],[126.7450132,35.0019815],[126.7449754,35.0019923],[126.7448995,35.002014],[126.7448995,35.0020145],[126.7448998,35.002019],[126.7449012,35.0020399],[126.7448832,35.0020429],[126.7448768,35.002044],[126.7448615,35.0020466],[126.744817,35.0020781],[126.7448109,35.0020878],[126.7447796,35.0021365],[126.7447662,35.0021574],[126.7448181,35.0022051],[126.7449222,35.002247],[126.7449946,35.0023258],[126.7450106,35.0023705],[126.7450188,35.0023936],[126.7450532,35.0024085],[126.7450608,35.0024431],[126.7450652,35.0024625],[126.745055,35.002641],[126.7449241,35.0028617],[126.7450222,35.0029898],[126.7450291,35.0029928],[126.7451505,35.0030452],[126.7452599,35.0030798],[126.7453592,35.0031113],[126.7454295,35.0031875],[126.7454245,35.0033375],[126.7454344,35.0033652],[126.7454641,35.0034486],[126.7454776,35.0035376],[126.7456501,35.0036645],[126.7456641,35.0036704],[126.74585,35.0037687],[126.7458769,35.0037829],[126.7459016,35.0038053],[126.7460087,35.0039022],[126.7461551,35.0039955],[126.7464073,35.0041562],[126.7464341,35.0041837],[126.7465319,35.0042845],[126.7466555,35.0044116],[126.7466559,35.0044499],[126.7466485,35.0044766],[126.7466373,35.0045172],[126.7466331,35.0046701],[126.7466482,35.004742],[126.7466203,35.0048881],[126.746609,35.0049368],[126.7465681,35.0050639],[126.7464737,35.0050421],[126.746397,35.0050235],[126.7463206,35.005028],[126.7461453,35.0050346],[126.7460373,35.0050675],[126.7459353,35.0051321],[126.7459475,35.0051555],[126.7459618,35.0051826],[126.7459688,35.0051959],[126.7459347,35.005205],[126.7458514,35.005221],[126.7458268,35.0052234],[126.7457671,35.0052731],[126.7456983,35.0053203],[126.7456405,35.005368],[126.7455337,35.005323],[126.7454619,35.0052839],[126.7454319,35.0052691],[126.7454066,35.0052593],[126.7452735,35.0052208],[126.745225,35.0052065],[126.7452074,35.0052013],[126.7451655,35.0052006],[126.7451004,35.0051698],[126.744976,35.0051136],[126.74492,35.0050735],[126.7449042,35.0050639],[126.7448661,35.0050436],[126.7447891,35.0050358],[126.7447353,35.0050312],[126.7446067,35.0050058],[126.7445671,35.0050033],[126.7444301,35.0049246],[126.7443057,35.0048769],[126.7442656,35.0048791],[126.744145,35.0048376],[126.7441348,35.0048341],[126.7441097,35.0048251],[126.7440961,35.0048287],[126.7440741,35.0048346],[126.7440807,35.0048843],[126.7441146,35.004959],[126.7441092,35.0050682],[126.7441592,35.0052151],[126.7441629,35.0053482],[126.7441528,35.0054288],[126.7441512,35.0054617],[126.7441487,35.0055121],[126.744148,35.0055267],[126.743982,35.005736],[126.7439027,35.0058391],[126.7438774,35.0059676],[126.7438795,35.0059947],[126.7438813,35.006018],[126.7438785,35.00611],[126.7438683,35.0061366],[126.743891,35.0061666],[126.7440734,35.0064089],[126.7440744,35.0064621],[126.7440236,35.0065184],[126.7440137,35.0065422],[126.7440135,35.0065426],[126.7444778,35.0065766],[126.744513,35.0065791],[126.7445588,35.0065824],[126.7445903,35.0065847],[126.7452551,35.0066316],[126.7452534,35.0066334],[126.745179,35.0067045],[126.7451498,35.0067371],[126.7451378,35.0067503],[126.7447664,35.0071349],[126.7440659,35.0078658],[126.7440215,35.0079133],[126.7425967,35.0093985],[126.7425825,35.0094101],[126.742131,35.0098792],[126.7419015,35.0101175],[126.7418712,35.0101507],[126.7418332,35.0101251],[126.7410932,35.0096513],[126.7393423,35.0085152],[126.7392968,35.0084816],[126.7392786,35.0084709],[126.7392644,35.0084648],[126.7391458,35.0083869],[126.7389973,35.0082885],[126.7389515,35.008253],[126.7389719,35.0083336],[126.7389914,35.0083373],[126.7389959,35.0083498],[126.7392148,35.0085004],[126.739238,35.0085038],[126.7392536,35.0085288],[126.739228,35.0085399],[126.7392229,35.0085317],[126.7390875,35.0086901],[126.7390828,35.0087101],[126.7390919,35.0087426],[126.7391716,35.0089489],[126.7394703,35.009719],[126.73949,35.0097716],[126.7398283,35.0108626],[126.7400248,35.0114929],[126.74003,35.0115117],[126.7403859,35.0126468],[126.7404799,35.0130894],[126.7405036,35.0132012],[126.7405504,35.0134218],[126.7405431,35.0134305],[126.7405391,35.0134118],[126.7404,35.0135699],[126.7401865,35.0139017],[126.7401721,35.0139311],[126.7401085,35.0140444],[126.7401051,35.0140504],[126.7401001,35.014059],[126.7401007,35.0140605],[126.7400189,35.0142043],[126.7400154,35.0142097],[126.7398692,35.0145094],[126.7397853,35.0146772],[126.7396751,35.0149671],[126.7395937,35.0151979],[126.7395338,35.0153601],[126.7395013,35.0153883],[126.7394688,35.0154144],[126.7395192,35.0155716],[126.7395443,35.0156499],[126.7395445,35.0157898],[126.7395452,35.0161248],[126.7395266,35.0163641],[126.7395481,35.0164914],[126.7395668,35.0165471],[126.7395876,35.0166189],[126.7396477,35.0168013],[126.7397095,35.0169857],[126.7397156,35.0172566],[126.7397971,35.0174976],[126.7398554,35.0177273],[126.7399105,35.017857],[126.7400138,35.0181095],[126.7400183,35.0181843],[126.7400156,35.0182572],[126.7399808,35.018413],[126.7399352,35.0185183],[126.7399136,35.0186192],[126.7398183,35.0188257],[126.7397555,35.018932],[126.7397011,35.0190318],[126.7397007,35.0190822],[126.7397927,35.0193889],[126.7398583,35.0197006],[126.7399041,35.019833],[126.7399021,35.0198728],[126.7398839,35.0199093],[126.7399582,35.0202938],[126.7399848,35.0205314],[126.7399082,35.0205227],[126.7398434,35.0205287]]]}},
{"type":"Feature","properties":{"BASE_DATE":"20250630","ADM_CD":"36040600","ADM_NM":"이창동"},"geometry":{"type":"Polygon","coordinates":[[[126.6904981,34.9970799],[126.6896355,34.9974016],[126.6893789,34.9977961],[126.688955,34.9984475],[126.6883654,34.9993668],[126.6881472,34.999707],[126.6879224,35.0000308],[126.6878644,35.0001144],[126.687613,35.0001325],[126.6873351,35.0001525],[126.6867049,35.0005751],[126.6865222,35.000706],[126.6861259,35.0009935],[126.6857718,35.0012203],[126.6852322,35.0015668],[126.684885,35.0018564],[126.6847514,35.0019688],[126.6843713,35.0022884],[126.6840227,35.002519],[126.6836245,35.0027828],[126.6833903,35.0028291],[126.6832595,35.002855],[126.6831258,35.0029082],[126.6829921,35.0029614],[126.6804467,35.0039746],[126.6776921,35.0038476],[126.6772394,35.0038267],[126.6773467,35.0035846],[126.6773762,35.0035181],[126.6772406,35.0035042],[126.6770392,35.0034836],[126.6768989,35.003421],[126.6765877,35.0032821],[126.6761661,35.0029916],[126.6756169,35.0026284],[126.6749789,35.00225],[126.6747923,35.0021393],[126.6736371,35.001462],[126.6733811,35.0009898],[126.6735257,35.0008888],[126.6726012,35.0000405],[126.6721639,34.9996647],[126.6719401,34.999379],[126.6716828,34.9990544],[126.6714623,34.9987761],[126.6713964,34.9986921],[126.6709185,34.9980831],[126.6703083,34.9975149],[126.6696927,34.996974],[126.6692214,34.9965331],[126.668762,34.9960499],[126.6684756,34.9957621],[126.6681861,34.9954592],[126.667932,34.9952022],[126.667748,34.9950334],[126.6675596,34.9948389],[126.6674083,34.9946653],[126.6672305,34.9944453],[126.66693,34.9941132],[126.6667307,34.9938843],[126.6658807,34.9930321],[126.6654339,34.9925841],[126.665285,34.9924348],[126.6650063,34.9921287],[126.6649033,34.9920008],[126.664732,34.991806],[126.6645763,34.991618],[126.6644746,34.9914951],[126.6641799,34.991112],[126.6639617,34.9908398],[126.663819,34.9906364],[126.6633651,34.9900443],[126.6631255,34.9897155],[126.6629146,34.9893843],[126.6628574,34.9892926],[126.6625416,34.9888217],[126.6624202,34.9885049],[126.6622905,34.9882115],[126.6622035,34.9880173],[126.6620272,34.9876216],[126.6616797,34.9868563],[126.6616781,34.9868527],[126.6615763,34.9866284],[126.6613377,34.9855908],[126.6611764,34.985003],[126.6611387,34.9849464],[126.6606323,34.9841871],[126.6601966,34.9836062],[126.659802,34.9832146],[126.6597974,34.98321],[126.6597834,34.9831993],[126.6593255,34.9828486],[126.6585827,34.9824036],[126.6578624,34.9820948],[126.6571937,34.9818541],[126.6564165,34.9815935],[126.6558291,34.9815276],[126.6556161,34.9815126],[126.6550016,34.9814711],[126.6543132,34.9814267],[126.6539467,34.9814044],[126.6530935,34.9813723],[126.6528851,34.9814051],[126.6525322,34.9814595],[126.6523216,34.9814926],[126.652083,34.9815395],[126.6518766,34.9815805],[126.6503514,34.981984],[126.6492618,34.9818298],[126.6483356,34.9817274],[126.6476511,34.9817227],[126.6469377,34.9817178],[126.6462023,34.9818586],[126.6448768,34.981678],[126.6443588,34.9815758],[126.6436604,34.9807586],[126.6430794,34.9802192],[126.6427447,34.9798535],[126.6426589,34.9797555],[126.6426234,34.9797183],[126.6425278,34.9796446],[126.6424421,34.9795784],[126.6423839,34.9795335],[126.6422453,34.9794288],[126.6421606,34.9793629],[126.6420674,34.9793185],[126.6422159,34.9792088],[126.6422345,34.9791583],[126.6422489,34.9791209],[126.6423306,34.9790206],[126.6423534,34.9790341],[126.6423761,34.9790278],[126.6423901,34.9789935],[126.6423974,34.9788905],[126.6424032,34.9787958],[126.6423632,34.9787057],[126.6423074,34.9787211],[126.6423129,34.978671],[126.6422951,34.9786183],[126.6422803,34.9785705],[126.6422658,34.9785242],[126.6422306,34.9784059],[126.642196,34.9782644],[126.6421819,34.9782019],[126.6421735,34.9780088],[126.6421735,34.9780084],[126.6421647,34.9779555],[126.642115,34.9778791],[126.642078,34.977805],[126.6421566,34.9777336],[126.6422354,34.9777257],[126.6422925,34.9776272],[126.6422762,34.9775854],[126.6423227,34.9774538],[126.6424045,34.977217],[126.6424137,34.977201],[126.642425,34.9771815],[126.6424478,34.9771342],[126.6425495,34.9769684],[126.642645,34.9767819],[126.6427315,34.9766794],[126.6428646,34.9765575],[126.6429268,34.9765015],[126.6429688,34.9764638],[126.643075,34.9763691],[126.6432857,34.9761794],[126.6433518,34.9761407],[126.6434021,34.9761216],[126.6434552,34.9760895],[126.6434776,34.976076],[126.6435842,34.97601],[126.6441069,34.9756913],[126.6441626,34.9756571],[126.644325,34.975556],[126.6444695,34.9754685],[126.6446422,34.9753769],[126.6447846,34.9752573],[126.6449313,34.9751661],[126.645292,34.9749718],[126.6457243,34.9747279],[126.6458981,34.9746448],[126.6459492,34.9746245],[126.6463581,34.9744264],[126.6465056,34.9743877],[126.6469393,34.9742927],[126.6474228,34.9741901],[126.647631,34.9741458],[126.6485034,34.9739806],[126.6487755,34.9739398],[126.6488218,34.9739332],[126.6489016,34.973923],[126.6490704,34.973924],[126.6492399,34.9739334],[126.6495588,34.9739762],[126.6495626,34.9739767],[126.6499608,34.9740431],[126.6502465,34.9741061],[126.650384,34.9741365],[126.6504572,34.9741628],[126.650626,34.9742245],[126.6507184,34.9742583],[126.6509496,34.9743256],[126.65095,34.9743256],[126.6510119,34.974325],[126.6510948,34.9742816],[126.6511526,34.9742477],[126.6513162,34.9741332],[126.6513805,34.974115],[126.6514632,34.9741227],[126.6517187,34.9741466],[126.6519082,34.9741643],[126.6519242,34.9741694],[126.6519529,34.9741785],[126.6522476,34.9742195],[126.6522878,34.974226],[126.6525955,34.9742511],[126.652617,34.9742462],[126.6527733,34.974211],[126.6532177,34.9741109],[126.6534327,34.9740746],[126.6534775,34.974065],[126.65378,34.9739879],[126.6537991,34.9739791],[126.6538826,34.9739391],[126.653903,34.9739267],[126.6539975,34.9738679],[126.6540438,34.9738391],[126.654099,34.9738234],[126.6541816,34.973799],[126.6545148,34.9737194],[126.6545705,34.9737138],[126.6546228,34.9737051],[126.6547701,34.9736874],[126.6548599,34.9736753],[126.6549741,34.9736913],[126.6551769,34.9736987],[126.6555081,34.9737826],[126.6556445,34.9738241],[126.6557912,34.9738765],[126.6558018,34.9738805],[126.6558549,34.9739008],[126.6559563,34.9739505],[126.6559773,34.9739608],[126.6561115,34.9740414],[126.6561204,34.9740489],[126.6561524,34.9740712],[126.6561611,34.9740691],[126.656187,34.9740628],[126.6562336,34.9740494],[126.6563258,34.9739989],[126.6563744,34.9740112],[126.6564631,34.9739895],[126.656556,34.9739668],[126.6566318,34.9739503],[126.6567693,34.9739417],[126.6570281,34.9738908],[126.6574095,34.9739707],[126.6575751,34.9739661],[126.6575794,34.973974],[126.6575921,34.9739971],[126.6575183,34.9739913],[126.6575669,34.9740712],[126.6575764,34.9741768],[126.6575949,34.9743437],[126.6576039,34.9743685],[126.6576072,34.9743905],[126.6576119,34.9744221],[126.65764,34.9746095],[126.6576916,34.9747461],[126.6577406,34.974829],[126.6578264,34.974926],[126.6578826,34.9750168],[126.6579391,34.9751016],[126.6579632,34.9751371],[126.6580234,34.9752238],[126.6580996,34.9753191],[126.6581748,34.9754135],[126.6582084,34.975456],[126.6582245,34.975475],[126.6582833,34.9755485],[126.6583811,34.9756732],[126.6584298,34.9757345],[126.6585369,34.975859],[126.6586029,34.9759326],[126.6586221,34.9759548],[126.6586648,34.9759659],[126.658677,34.9759654],[126.6587914,34.9759801],[126.6589624,34.9759716],[126.6591217,34.9759389],[126.6591383,34.9759339],[126.6591549,34.9759312],[126.6591705,34.9759288],[126.6593222,34.9759074],[126.6593611,34.9759021],[126.6594667,34.9759031],[126.6596317,34.9759087],[126.659724,34.9758954],[126.6599876,34.9758611],[126.6600975,34.9758468],[126.6602656,34.9758342],[126.6602977,34.9758318],[126.6604467,34.9757873],[126.6605029,34.9757796],[126.6606157,34.9757616],[126.6606739,34.9757474],[126.6607436,34.9757305],[126.6610008,34.9756942],[126.661299,34.9756989],[126.6615312,34.9757103],[126.6616804,34.9757378],[126.6617852,34.9757571],[126.6618812,34.9757877],[126.6618837,34.9757886],[126.6620674,34.9758606],[126.6621044,34.9758805],[126.6622049,34.9759345],[126.6622532,34.9759609],[126.6623546,34.9760162],[126.6624502,34.976103],[126.6625149,34.9761478],[126.6627076,34.9762851],[126.662805,34.9763526],[126.6629918,34.9764144],[126.6630654,34.9764464],[126.663228,34.9765182],[126.663316,34.9765501],[126.6633872,34.9765758],[126.663424,34.9765779],[126.6634347,34.9765785],[126.6635742,34.9765863],[126.6639373,34.9765878],[126.6643191,34.9765845],[126.6643772,34.9765839],[126.6644561,34.9765838],[126.6644622,34.9765301],[126.664654,34.9765227],[126.6646512,34.9765621],[126.664669,34.9765834],[126.6647548,34.9765832],[126.6647817,34.9765769],[126.6649184,34.9765379],[126.664943,34.9765264],[126.665168,34.9764416],[126.6652801,34.9763721],[126.6653768,34.9763666],[126.6654547,34.9763598],[126.6655558,34.976371],[126.6655814,34.9763738],[126.665614,34.9763773],[126.6656154,34.9763753],[126.6656275,34.976357],[126.6656557,34.9763075],[126.6656619,34.9762966],[126.6657522,34.9762481],[126.6658152,34.9762359],[126.6658842,34.9762148],[126.6658902,34.9762166],[126.6660012,34.9762501],[126.6660629,34.9762688],[126.6660865,34.9762804],[126.6661395,34.9762402],[126.6663092,34.9761163],[126.6664032,34.9760699],[126.6664863,34.976036],[126.6665695,34.9760133],[126.6669621,34.9759176],[126.6670398,34.9758661],[126.667255,34.9757206],[126.6672692,34.9756968],[126.6672896,34.9756972],[126.6673537,34.9756539],[126.66739,34.9756287],[126.6676159,34.9753751],[126.6678996,34.9752754],[126.668421,34.9750873],[126.6685433,34.9750364],[126.6683853,34.9749118],[126.6683643,34.9748956],[126.6682964,34.9748421],[126.6682846,34.9748327],[126.6681594,34.9747348],[126.6677978,34.9743306],[126.668016,34.9742438],[126.6680534,34.9742277],[126.6681828,34.9741637],[126.6687,34.9739306],[126.6687514,34.9739067],[126.6690779,34.9737549],[126.6691025,34.9737495],[126.6691642,34.9737215],[126.6695771,34.9735341],[126.6696593,34.9734968],[126.6697189,34.9734698],[126.6697477,34.9734522],[126.6698369,34.973398],[126.6698978,34.973361],[126.6702805,34.973126],[126.6705393,34.9729667],[126.670576,34.9729664],[126.6707414,34.9729688],[126.6708368,34.9729694],[126.6708766,34.9729724],[126.6711105,34.9729944],[126.6711599,34.9730346],[126.6712591,34.9730628],[126.6715223,34.9731251],[126.6718885,34.9731821],[126.6722078,34.9729352],[126.6723222,34.9728447],[126.6727467,34.9724935],[126.6728261,34.9724376],[126.67285,34.9724186],[126.6728692,34.9724033],[126.6736404,34.9723382],[126.6739327,34.972257],[126.6740791,34.9722125],[126.6743584,34.9721287],[126.6744547,34.9720961],[126.6744957,34.9720838],[126.6745048,34.972081],[126.6746373,34.9720011],[126.6747229,34.9719626],[126.6748616,34.9719006],[126.6750334,34.9718323],[126.6750503,34.971825],[126.6750634,34.9718194],[126.6751142,34.9717967],[126.675217,34.971758],[126.6752371,34.9717461],[126.6752875,34.9717201],[126.6752784,34.9717909],[126.675278,34.9717955],[126.67527,34.9718928],[126.6752703,34.9718961],[126.6753915,34.9719027],[126.675407,34.9718002],[126.6754905,34.971797],[126.6754872,34.9717442],[126.6754994,34.9717431],[126.6755138,34.971686],[126.6754154,34.9716623],[126.6753947,34.9716636],[126.6753181,34.9716954],[126.6753738,34.9716494],[126.6753967,34.9716372],[126.6754199,34.9716196],[126.6755087,34.9715523],[126.6755783,34.9714995],[126.6756198,34.9714668],[126.6756268,34.9714613],[126.6757543,34.9714105],[126.6758163,34.9713896],[126.6759262,34.9713437],[126.676,34.9713129],[126.6761011,34.9712735],[126.6763396,34.9711804],[126.6765702,34.9711149],[126.6765863,34.9711105],[126.6767672,34.9710609],[126.676843,34.9710401],[126.6769458,34.9710033],[126.6770414,34.9709692],[126.6770402,34.9709955],[126.677084,34.9709793],[126.6770923,34.9709762],[126.677282,34.9709063],[126.6773032,34.9708985],[126.6774501,34.9708443],[126.6774834,34.9708452],[126.6775105,34.9708356],[126.6775132,34.9708346],[126.6775903,34.9708438],[126.6775942,34.9708442],[126.6776103,34.9708462],[126.6776123,34.9708464],[126.677535,34.9708658],[126.6775277,34.9708716],[126.6775421,34.9709016],[126.6775582,34.9708959],[126.6776055,34.9708792],[126.6776336,34.9708691],[126.6776431,34.9708657],[126.6776714,34.9708556],[126.6776717,34.9708555],[126.6777419,34.9708341],[126.6777422,34.970834],[126.6779663,34.970761],[126.6782423,34.970671],[126.6782426,34.9706709],[126.6783018,34.9706503],[126.678335,34.9706347],[126.678366,34.9706164],[126.6783946,34.9705956],[126.6784204,34.9705724],[126.6784433,34.9705472],[126.6784629,34.9705203],[126.678479,34.9704918],[126.6784915,34.9704621],[126.6785002,34.9704315],[126.6785052,34.9704003],[126.6785046,34.9702993],[126.6785046,34.9701258],[126.6785436,34.970094],[126.6790114,34.9700954],[126.679052,34.9701273],[126.6790508,34.9703864],[126.6790119,34.9705718],[126.6790114,34.9707543],[126.6790112,34.9708139],[126.6789554,34.9708891],[126.6791171,34.9708969],[126.6792754,34.9709045],[126.6792748,34.9710848],[126.6834759,34.971096],[126.6837887,34.9710968],[126.6838659,34.9711608],[126.6838659,34.971165],[126.6838595,34.9728934],[126.6838369,34.9730137],[126.6838244,34.9730795],[126.6839737,34.9730918],[126.6839797,34.9730923],[126.6841126,34.9731032],[126.6853781,34.9731064],[126.6878544,34.9731127],[126.6884176,34.9731141],[126.6885067,34.9731143],[126.6892427,34.9731162],[126.6894394,34.973148],[126.6896125,34.9731483],[126.6897438,34.9731174],[126.6899984,34.973118],[126.6902866,34.9731187],[126.6907,34.9731198],[126.6909218,34.9731519],[126.6915964,34.9731537],[126.6916744,34.9732182],[126.6916723,34.973626],[126.6916906,34.9737124],[126.6917079,34.9738302],[126.6917098,34.9738433],[126.6917081,34.9743433],[126.6917078,34.9744143],[126.6917078,34.9744291],[126.6917047,34.9752422],[126.691726,34.9752425],[126.6918462,34.9752297],[126.6919404,34.9752197],[126.6919802,34.9752138],[126.692002,34.9752106],[126.6922835,34.9751693],[126.69224,34.9752531],[126.6922264,34.9753086],[126.6923818,34.9752898],[126.6925648,34.9752524],[126.6930886,34.9751801],[126.6931913,34.975169],[126.6931954,34.9751765],[126.6932658,34.9753058],[126.693349,34.9754586],[126.6936188,34.975954],[126.6936403,34.9759936],[126.6936572,34.9760246],[126.6936848,34.9760636],[126.6938667,34.9762985],[126.6940313,34.976509],[126.6941366,34.9765851],[126.6941739,34.9766007],[126.6949975,34.9769717],[126.6955322,34.9773555],[126.6959142,34.9775155],[126.6960218,34.9775621],[126.6961987,34.9777903],[126.6963079,34.9777599],[126.6963971,34.9778675],[126.6963356,34.9778843],[126.6964473,34.9779926],[126.6964962,34.9779815],[126.6965987,34.9781038],[126.6966362,34.9781485],[126.696708,34.978249],[126.6967183,34.9782974],[126.6967794,34.9785835],[126.6969039,34.9789704],[126.6970143,34.979312],[126.6970875,34.9795386],[126.6970351,34.9798231],[126.6970281,34.9798581],[126.6968561,34.9807067],[126.6971465,34.9806582],[126.6972934,34.980638],[126.6975796,34.9805638],[126.698119,34.9804431],[126.6981462,34.9804434],[126.6982546,34.9804446],[126.6986083,34.9804979],[126.6990234,34.980571],[126.6992105,34.9806131],[126.6994022,34.9806561],[126.6994595,34.9806307],[126.6996492,34.9805467],[126.6997004,34.9805224],[126.6998381,34.9804834],[126.6998456,34.9804813],[126.699885,34.9804932],[126.6999264,34.980506],[126.7000567,34.9805465],[126.7001125,34.9805638],[126.700333,34.9806322],[126.7007563,34.9812192],[126.7007138,34.981474],[126.7007064,34.9815189],[126.7006825,34.9816624],[126.7005992,34.9818888],[126.7005959,34.9818976],[126.7004589,34.9822626],[126.7005109,34.9824086],[126.7005165,34.9824351],[126.7005751,34.9827111],[126.7006126,34.9828883],[126.7005865,34.9830174],[126.7006012,34.9833679],[126.7005738,34.9834936],[126.7005731,34.9838066],[126.7005885,34.9839354],[126.7006179,34.9839893],[126.7006941,34.9841142],[126.7007489,34.9841784],[126.7008281,34.984289],[126.7008412,34.9843197],[126.7010661,34.9845125],[126.7011748,34.9846058],[126.7012204,34.9846384],[126.7013653,34.9847312],[126.7014656,34.9847933],[126.701515,34.9848233],[126.7016159,34.9848846],[126.701721,34.9849625],[126.7018356,34.9850199],[126.7019474,34.9850706],[126.701949,34.9851238],[126.7019532,34.9851953],[126.7019626,34.9852411],[126.7019742,34.9853014],[126.7019083,34.985431],[126.701905,34.985532],[126.7019721,34.9855791],[126.7020771,34.9856326],[126.7021684,34.9856974],[126.7022542,34.9857756],[126.7023343,34.9858043],[126.7023869,34.9858231],[126.7024382,34.9858555],[126.7024749,34.9858794],[126.7024941,34.9858919],[126.7025117,34.9859046],[126.7025326,34.9859197],[126.7027389,34.9859778],[126.7028079,34.9859761],[126.7028617,34.9859763],[126.702903,34.9859668],[126.7029939,34.9860332],[126.7030111,34.9860613],[126.7031461,34.9862822],[126.7033115,34.9865369],[126.7033586,34.9866896],[126.7034718,34.9869439],[126.7034816,34.987058],[126.7034822,34.9870647],[126.7035144,34.9871967],[126.703551,34.9872661],[126.7035932,34.9873802],[126.70361,34.9873956],[126.7036493,34.9874316],[126.7036891,34.9874596],[126.7036992,34.9874667],[126.7037173,34.9874702],[126.7038258,34.9874915],[126.7038547,34.9874967],[126.7040287,34.9875071],[126.7042362,34.9874696],[126.7043114,34.9874992],[126.7043282,34.9875111],[126.7043961,34.9875593],[126.7044768,34.9876452],[126.7045416,34.9877366],[126.7046007,34.9877777],[126.7046133,34.9877905],[126.7047457,34.9878002],[126.7048628,34.9878034],[126.7049712,34.9882239],[126.7050842,34.9885656],[126.7051629,34.9886838],[126.7051996,34.9886658],[126.7052052,34.988663],[126.7053101,34.9886096],[126.7054417,34.9885425],[126.7054645,34.9885199],[126.7054775,34.9885071],[126.7054968,34.9884888],[126.7055035,34.9884831],[126.7055605,34.9884297],[126.7055686,34.9884228],[126.7055823,34.9884104],[126.7056642,34.9883361],[126.7057126,34.9882885],[126.705781,34.9882761],[126.7059338,34.9882484],[126.7059549,34.9880259],[126.7060626,34.9879029],[126.7061976,34.9877445],[126.7063611,34.987591],[126.7064163,34.9875392],[126.7065063,34.9874282],[126.7065349,34.9873896],[126.7065454,34.9873462],[126.7065587,34.9872933],[126.7066526,34.9870925],[126.7068213,34.9867409],[126.7068612,34.9866156],[126.706883,34.9865449],[126.7068904,34.9864409],[126.7068949,34.9863777],[126.7068991,34.9863357],[126.7069384,34.9860685],[126.7069842,34.9860635],[126.7070202,34.9860601],[126.7070778,34.9860541],[126.7071006,34.9860518],[126.7071275,34.9860492],[126.7071541,34.9860467],[126.7072226,34.9860395],[126.7072983,34.9860317],[126.7073859,34.9859558],[126.7074948,34.9858602],[126.7074724,34.9857611],[126.7074304,34.985579],[126.7074259,34.9855589],[126.707398,34.9855217],[126.7073834,34.9855021],[126.7073273,34.985426],[126.7073036,34.9853939],[126.7072717,34.9853506],[126.7071159,34.9851838],[126.7070236,34.9850838],[126.7068884,34.9849911],[126.7068327,34.9849528],[126.7068173,34.9849423],[126.7067078,34.9848686],[126.7066904,34.9848614],[126.7066789,34.9844632],[126.7066776,34.9844262],[126.7066592,34.9839119],[126.7066454,34.9835242],[126.7066436,34.9834789],[126.7066415,34.9834252],[126.7066286,34.9830713],[126.7066083,34.9825263],[126.7062853,34.9825361],[126.7058456,34.9825502],[126.7054378,34.9825628],[126.7054357,34.9825242],[126.7054517,34.9823107],[126.705404,34.9821666],[126.7053846,34.9821488],[126.7052278,34.9820129],[126.705182,34.9819738],[126.7051015,34.9817205],[126.7051454,34.9816356],[126.7051665,34.9815946],[126.7051945,34.9815456],[126.7052151,34.981507],[126.7052477,34.9814781],[126.7053544,34.9813865],[126.7054468,34.9813076],[126.7057521,34.9812515],[126.7057892,34.9812529],[126.7059604,34.9812556],[126.706157,34.9812594],[126.7062287,34.9812693],[126.7062875,34.9812794],[126.7063626,34.9812882],[126.7065685,34.9812745],[126.7066646,34.9812669],[126.7066916,34.9812644],[126.7067722,34.9812415],[126.706972,34.9811847],[126.7071,34.9811489],[126.7072886,34.9811435],[126.7074715,34.9811391],[126.7074963,34.9811473],[126.7075373,34.9811606],[126.7076081,34.9811827],[126.7078831,34.98127],[126.7079843,34.9813154],[126.7081193,34.9813759],[126.7082035,34.9814147],[126.7083571,34.9814607],[126.7084343,34.9814839],[126.7088007,34.9815044],[126.7090521,34.9814975],[126.7093753,34.9814375],[126.7095168,34.9813973],[126.7096571,34.9813558],[126.7098388,34.9812777],[126.7100439,34.9811879],[126.7103354,34.9809842],[126.7103759,34.9809559],[126.7105529,34.9808322],[126.7105881,34.9808002],[126.7107648,34.9803941],[126.7110951,34.9800582],[126.7113162,34.9799369],[126.711623,34.9797537],[126.7117237,34.9796689],[126.7118649,34.979553],[126.7118444,34.9794472],[126.7117129,34.9788048],[126.711664,34.9786648],[126.7115948,34.9784668],[126.7115646,34.9781353],[126.7116576,34.9779053],[126.7120045,34.9777478],[126.7123113,34.9774562],[126.7126061,34.9772332],[126.7129553,34.9769687],[126.7133716,34.9765807],[126.7140119,34.9759971],[126.7144489,34.9757634],[126.7147906,34.9754988],[126.7148934,34.9754208],[126.7150109,34.9753318],[126.715517,34.9749875],[126.7160797,34.9745373],[126.7163049,34.9740111],[126.7163158,34.9736718],[126.716417,34.9736272],[126.716535,34.9735759],[126.7165672,34.9735619],[126.7166149,34.9735412],[126.7166176,34.9735397],[126.7166708,34.9734899],[126.7167369,34.973423],[126.7172572,34.9729277],[126.7184489,34.9727661],[126.7189196,34.9729098],[126.7194625,34.9730693],[126.7196013,34.9731098],[126.7196247,34.9731161],[126.7197238,34.9731479],[126.7197481,34.9731538],[126.7198202,34.9731714],[126.7199585,34.9731575],[126.7199673,34.9731569],[126.7200277,34.9731428],[126.720158,34.9731533],[126.7201589,34.9731539],[126.7202051,34.9731807],[126.7202364,34.9732072],[126.7202951,34.9732185],[126.7203217,34.9732222],[126.7203483,34.9732249],[126.7203712,34.9732341],[126.7204222,34.9732568],[126.7205117,34.9732572],[126.7205837,34.97328],[126.7207025,34.9733252],[126.7207107,34.9733183],[126.7207147,34.9733151],[126.7207501,34.9732142],[126.7207558,34.9732114],[126.7207968,34.9731906],[126.7208747,34.9731393],[126.7208837,34.9731304],[126.72093,34.9730849],[126.7209808,34.9730613],[126.7210445,34.9730552],[126.7211174,34.9729687],[126.7211487,34.9729315],[126.7211961,34.9728665],[126.7212727,34.9727576],[126.7214573,34.9726478],[126.7217399,34.9725416],[126.7219569,34.9724215],[126.7221713,34.9723017],[126.7221394,34.9722601],[126.7221843,34.9722336],[126.7222791,34.9721776],[126.7222829,34.9721754],[126.7222833,34.9721751],[126.7222935,34.9721691],[126.7222973,34.9721668],[126.7224632,34.9720689],[126.7224802,34.9720622],[126.7228178,34.9719061],[126.7230279,34.9717361],[126.7230509,34.9717161],[126.7230919,34.9716797],[126.723215,34.971619],[126.7232293,34.971612],[126.7232741,34.9715738],[126.7233582,34.9715199],[126.723392,34.9714736],[126.7233933,34.9713949],[126.723386,34.9713776],[126.7233883,34.9712373],[126.7234102,34.9711497],[126.7234169,34.9711057],[126.7234062,34.9709916],[126.7234793,34.9709415],[126.7236163,34.9708476],[126.7236499,34.9708253],[126.7236903,34.9707457],[126.723815,34.9706781],[126.7238332,34.9706683],[126.7239287,34.9706169],[126.7240646,34.9705645],[126.7242874,34.9705164],[126.7249012,34.9702592],[126.7252122,34.9703552],[126.7254083,34.9704069],[126.7254275,34.970412],[126.7254414,34.9704156],[126.7254725,34.970412],[126.7255857,34.9703985],[126.7256265,34.9703966],[126.7256226,34.9704171],[126.7256198,34.9704318],[126.7256153,34.9705002],[126.7256831,34.9705144],[126.7261642,34.9705502],[126.7265256,34.9705622],[126.727774,34.9706269],[126.7278059,34.9706283],[126.7278281,34.9706293],[126.7278365,34.9706756],[126.7278505,34.9707535],[126.7278526,34.9707658],[126.7279782,34.9714684],[126.7279729,34.9715888],[126.7279615,34.9719983],[126.7279614,34.9720022],[126.7279557,34.9721731],[126.7279745,34.9721786],[126.7285454,34.9723481],[126.7286217,34.9724511],[126.7286267,34.9724579],[126.7290312,34.9726168],[126.7290514,34.9726247],[126.7291207,34.9726249],[126.7291622,34.972625],[126.7293508,34.9726269],[126.7294262,34.9726277],[126.7294618,34.9726278],[126.7295086,34.9726353],[126.7294361,34.9728513],[126.7293584,34.9730832],[126.7293121,34.9732409],[126.7291421,34.9737635],[126.7290838,34.9739582],[126.728915,34.9744673],[126.7288855,34.9745667],[126.7288687,34.9747701],[126.7287854,34.9750135],[126.7287613,34.9750816],[126.7286253,34.9753325],[126.7286044,34.9753693],[126.7285823,34.9754082],[126.7284347,34.9756684],[126.7283106,34.9758844],[126.7281976,34.9762211],[126.7281764,34.9762842],[126.7281084,34.976487],[126.7280313,34.9767219],[126.7279503,34.9769333],[126.727905,34.9770515],[126.7278419,34.9772247],[126.7277095,34.9776978],[126.7275653,34.9781963],[126.7275291,34.9783193],[126.7275048,34.9784017],[126.7274448,34.9784835],[126.7273546,34.9787744],[126.7272476,34.9791029],[126.7271732,34.9793413],[126.7271649,34.979368],[126.727154,34.9793867],[126.7270761,34.9794686],[126.7270414,34.9795051],[126.726904,34.9796365],[126.7268414,34.9796964],[126.7267701,34.9797528],[126.7267297,34.9797847],[126.7261516,34.9801722],[126.7260819,34.9804317],[126.7259548,34.9806623],[126.7259197,34.9809408],[126.725913,34.9809744],[126.7256598,34.9814103],[126.7254535,34.98177],[126.7253792,34.9819393],[126.7253598,34.9819872],[126.7253421,34.9820039],[126.7252026,34.9821353],[126.7250431,34.9822839],[126.7249265,34.9824869],[126.7247172,34.9824702],[126.7245923,34.9824602],[126.7243467,34.9828226],[126.7242392,34.9831154],[126.7244352,34.9831776],[126.7244505,34.9831857],[126.7244586,34.98319],[126.7244613,34.9832106],[126.7244614,34.9832115],[126.72446,34.9832119],[126.7244587,34.9832122],[126.7244109,34.9832255],[126.7244104,34.9832632],[126.72441,34.9832952],[126.7244097,34.9833169],[126.7242436,34.9834838],[126.7241753,34.9835524],[126.724029,34.9836995],[126.7239862,34.9837375],[126.7239704,34.9837515],[126.7238768,34.9838348],[126.7238783,34.9838356],[126.7238665,34.9838466],[126.7237393,34.9839779],[126.7236668,34.9840528],[126.7235073,34.984297],[126.723462,34.9843671],[126.7234347,34.9844093],[126.7234027,34.9844383],[126.7232391,34.9845858],[126.7231484,34.9846669],[126.7231392,34.9847343],[126.7231293,34.9848036],[126.7227516,34.9851964],[126.722645,34.9853063],[126.722633,34.9853185],[126.7226127,34.98534],[126.722587,34.9853157],[126.7225491,34.9853385],[126.7225145,34.9853594],[126.7225112,34.9853609],[126.7221933,34.985508],[126.7221633,34.985521],[126.722147,34.9855281],[126.7221109,34.9855621],[126.7220722,34.9855987],[126.722056,34.985614],[126.7216467,34.9857018],[126.721638,34.9857047],[126.7215852,34.9857264],[126.7215256,34.985751],[126.7214128,34.9857985],[126.7213948,34.9858061],[126.721351,34.9858111],[126.7211943,34.9858828],[126.721148,34.9859275],[126.7211287,34.9859133],[126.7208288,34.9860307],[126.7208137,34.9860373],[126.7207476,34.9860662],[126.720734,34.9860569],[126.7207096,34.9860828],[126.7205515,34.9861519],[126.7203619,34.9860562],[126.7203107,34.985981],[126.7202517,34.9860293],[126.7201982,34.9862402],[126.7200896,34.9862364],[126.7197931,34.9862485],[126.7196716,34.9861222],[126.7196861,34.9860552],[126.7196408,34.9859333],[126.7196074,34.9858503],[126.7194406,34.9857103],[126.7193064,34.9855988],[126.7191787,34.9855703],[126.7191154,34.9855406],[126.7190668,34.9855617],[126.7190325,34.9856025],[126.7186368,34.9857972],[126.7184629,34.9858958],[126.7184513,34.9859023],[126.7183608,34.9860317],[126.7183218,34.9860875],[126.7182929,34.9861222],[126.7182377,34.9861884],[126.7182056,34.9862319],[126.7181523,34.9863084],[126.7181069,34.9863526],[126.7178768,34.9866707],[126.7178759,34.9866719],[126.7178755,34.9866724],[126.7178239,34.9867335],[126.7176781,34.9869062],[126.7175973,34.9870036],[126.7172224,34.9874612],[126.7170569,34.9878094],[126.7169346,34.9883475],[126.7169214,34.9884632],[126.7168857,34.9885626],[126.7168007,34.98878],[126.7167983,34.9887861],[126.7166692,34.9889882],[126.7165441,34.989188],[126.7164754,34.9893737],[126.7164702,34.9893878],[126.7165056,34.9894189],[126.7164423,34.9895021],[126.7163994,34.9895573],[126.7163368,34.989638],[126.7162627,34.9897334],[126.7164891,34.9897902],[126.716325,34.9900421],[126.7161503,34.9901811],[126.7161335,34.9901945],[126.7161383,34.9902229],[126.7161671,34.9903943],[126.7161716,34.9904213],[126.7161816,34.9904551],[126.7161705,34.9906748],[126.7161688,34.9906957],[126.7161568,34.9908387],[126.7161388,34.9910532],[126.7161829,34.9911508],[126.7162234,34.9913034],[126.7162329,34.9913563],[126.7160901,34.9914959],[126.7160265,34.9915639],[126.7160038,34.991696],[126.7159952,34.9917462],[126.7159946,34.99175],[126.7159992,34.9918277],[126.7159375,34.991907],[126.7159422,34.9919448],[126.7159673,34.9919645],[126.7160512,34.99195],[126.7160117,34.9921236],[126.7159643,34.9923202],[126.715954,34.9923613],[126.7159085,34.9925434],[126.7159342,34.9926443],[126.7159377,34.9926581],[126.7160033,34.9928831],[126.7160662,34.9930992],[126.7160796,34.9931288],[126.7161103,34.993312],[126.7159213,34.9939121],[126.7158465,34.9939251],[126.7158154,34.9939891],[126.7158794,34.9940453],[126.7161294,34.9942306],[126.7162268,34.9943028],[126.7162539,34.9943255],[126.7162605,34.9943311],[126.7162905,34.9943567],[126.7162868,34.9943597],[126.7163453,34.9943814],[126.7163552,34.9943859],[126.7163783,34.9943963],[126.7164356,34.9944253],[126.7164567,34.994436],[126.7164659,34.9944466],[126.7164678,34.9944489],[126.7165161,34.9945051],[126.716606,34.9945435],[126.716771,34.9946007],[126.7167931,34.9945958],[126.7168079,34.9945925],[126.7168601,34.9946505],[126.7168799,34.9947882],[126.7169118,34.9948518],[126.716931,34.9948631],[126.7169418,34.9948694],[126.716943,34.9948765],[126.7169482,34.994907],[126.7168245,34.9950298],[126.716888,34.9950435],[126.7168203,34.9951299],[126.7168109,34.9951391],[126.7168097,34.9951402],[126.7167576,34.9951905],[126.7167337,34.9952129],[126.7167071,34.9952325],[126.7166199,34.9952207],[126.7165227,34.995311],[126.7166132,34.99539],[126.7166353,34.9954313],[126.7166327,34.9954386],[126.7166322,34.9954411],[126.7166287,34.9954572],[126.7166528,34.9954811],[126.7166726,34.9955007],[126.7167022,34.9955301],[126.7167845,34.9956215],[126.7168101,34.995642],[126.7168248,34.995691],[126.7168295,34.9957071],[126.7168314,34.9957425],[126.7168328,34.9957692],[126.7168525,34.9958188],[126.7168554,34.9958261],[126.7168861,34.9958467],[126.7168904,34.9958615],[126.7168974,34.9958886],[126.7169103,34.9959191],[126.7169218,34.9959938],[126.7169235,34.996067],[126.7169257,34.9960732],[126.7169428,34.9961197],[126.7169654,34.9961812],[126.7169669,34.9961835],[126.7170172,34.996263],[126.7170418,34.9963019],[126.7170673,34.9963447],[126.7171378,34.9964933],[126.7171428,34.9965017],[126.7171574,34.9965265],[126.7171717,34.9965503],[126.7172303,34.9965458],[126.7172477,34.9966097],[126.7172787,34.9966125],[126.7173596,34.9965999],[126.7174875,34.996615],[126.7174932,34.9966672],[126.7175071,34.9966904],[126.7175804,34.9966783],[126.7177186,34.996687],[126.717819,34.9967018],[126.71791,34.9967365],[126.7181145,34.9968407],[126.7181747,34.9968714],[126.7183423,34.9968862],[126.7184237,34.9968737],[126.718499,34.9968427],[126.7185108,34.9968365],[126.7185863,34.9968492],[126.718574,34.9968599],[126.7185453,34.996895],[126.7184351,34.9970059],[126.7184423,34.9970998],[126.7183924,34.9972343],[126.7183207,34.9972325],[126.7182748,34.9973621],[126.7182349,34.9974806],[126.7182141,34.997506],[126.718145,34.9975897],[126.7181596,34.9976148],[126.7181694,34.9976318],[126.7182402,34.9977537],[126.7182415,34.9977576],[126.7182663,34.9978393],[126.7182183,34.9978625],[126.718225,34.9979743],[126.718277,34.9981721],[126.7182946,34.9982328],[126.718304,34.9984271],[126.7182695,34.9986586],[126.7181349,34.9989603],[126.7181032,34.9990364],[126.7180434,34.99918],[126.7179715,34.9993629],[126.71796,34.9993834],[126.71791,34.999473],[126.717849,34.9995643],[126.7177745,34.9996643],[126.7175811,34.9997608],[126.717456,34.9998115],[126.7173478,34.9998526],[126.7172689,34.9998417],[126.717158,34.9998229],[126.7169911,34.9998143],[126.7169628,34.9998085],[126.716965,34.999801],[126.7167786,34.9997849],[126.7167576,34.9997359],[126.7166564,34.9997057],[126.7165955,34.9997329],[126.7165249,34.9997182],[126.716389,34.9996903],[126.7164647,34.9996092],[126.7165028,34.9995917],[126.7165055,34.9995845],[126.7165143,34.9995865],[126.7165851,34.9995541],[126.7165841,34.9995353],[126.716585,34.9995177],[126.716573,34.9994923],[126.716568,34.9994928],[126.716437,34.9995167],[126.7163754,34.9995363],[126.7163274,34.9995577],[126.7163015,34.9995788],[126.7162817,34.9996072],[126.7163412,34.9996167],[126.7163384,34.9996465],[126.7162748,34.9996399],[126.7162677,34.9996183],[126.7162518,34.9996031],[126.7162406,34.9995947],[126.7162389,34.9995935],[126.7162336,34.9995894],[126.7162375,34.9995837],[126.7162611,34.9995493],[126.7162632,34.9995313],[126.7162693,34.9994798],[126.7162536,34.9994397],[126.7162493,34.9994284],[126.7162353,34.9993744],[126.7162301,34.9993547],[126.7162334,34.9993311],[126.7162008,34.9993286],[126.716211,34.9992914],[126.7160511,34.9992242],[126.71598,34.9991943],[126.7159351,34.9992642],[126.715917,34.9992588],[126.7158763,34.9991997],[126.7158788,34.9991692],[126.7158475,34.999158],[126.7158465,34.9991565],[126.7158071,34.9990994],[126.715784,34.9990668],[126.7157467,34.9990201],[126.7156179,34.9988725],[126.7155521,34.998823],[126.7155634,34.9987169],[126.7155601,34.998622],[126.7155673,34.9986042],[126.7155492,34.9985664],[126.7155292,34.9985247],[126.7155307,34.9984695],[126.7153861,34.9983127],[126.7153348,34.9983027],[126.7153189,34.9982743],[126.7153034,34.9982468],[126.7152671,34.9981818],[126.7152694,34.9981579],[126.7152748,34.9981026],[126.7152149,34.9980797],[126.715159,34.9980673],[126.7151539,34.9980564],[126.7150498,34.9980166],[126.7149162,34.997949],[126.7148922,34.9979566],[126.7147458,34.9978983],[126.7146752,34.9978833],[126.7146364,34.997875],[126.7145678,34.9978497],[126.7144219,34.9977959],[126.7140581,34.9977545],[126.7139734,34.9977296],[126.7138779,34.9977395],[126.713645,34.9977635],[126.7134096,34.9977628],[126.7133672,34.9977708],[126.7132871,34.9977952],[126.7131542,34.9978188],[126.7131474,34.9978313],[126.7130667,34.9978468],[126.7130432,34.9978461],[126.7129307,34.9978429],[126.7128961,34.9978419],[126.712741,34.9978399],[126.7127351,34.9978123],[126.7127146,34.9977158],[126.712721,34.9977093],[126.7127986,34.9976316],[126.7127407,34.9973916],[126.7126568,34.9972017],[126.7126127,34.9972204],[126.7125922,34.9972291],[126.7122261,34.997384],[126.7120752,34.9974594],[126.7118764,34.9974969],[126.7118305,34.9975056],[126.7116775,34.9976194],[126.7116252,34.9975873],[126.7115719,34.9975543],[126.7115435,34.9975596],[126.7113852,34.9975893],[126.711046,34.997386],[126.7110288,34.9973818],[126.7109979,34.9973743],[126.7109841,34.9973855],[126.7109932,34.997393],[126.7109933,34.9973987],[126.7108915,34.997477],[126.710779,34.9976209],[126.7107801,34.9976243],[126.7107829,34.9976329],[126.7108065,34.9976594],[126.7109028,34.9977151],[126.7108697,34.9977333],[126.7108377,34.997741],[126.7107744,34.997774],[126.7107226,34.9978228],[126.7105729,34.9978231],[126.7105008,34.9978187],[126.7104558,34.997817],[126.710416,34.9977968],[126.7103781,34.9978012],[126.710345,34.9977718],[126.7102809,34.9977921],[126.7101776,34.997798],[126.7101753,34.9977942],[126.7101558,34.9977974],[126.7101593,34.9978139],[126.7101266,34.9978226],[126.7101138,34.9977843],[126.7101151,34.997773],[126.7101032,34.9977578],[126.7100697,34.9977678],[126.7099838,34.9977821],[126.7099608,34.9977832],[126.7098946,34.9977862],[126.7098891,34.9977865],[126.7098849,34.9977767],[126.7098351,34.9976605],[126.7098234,34.997671],[126.7097898,34.9976965],[126.7097774,34.9977098],[126.7097689,34.9976956],[126.7096525,34.9977271],[126.709692,34.9977992],[126.7096436,34.9978463],[126.7096157,34.9978739],[126.7095994,34.9978901],[126.7095639,34.9979252],[126.7095184,34.9979701],[126.7094982,34.9979924],[126.7094926,34.9979986],[126.7094784,34.9980025],[126.7094694,34.9980051],[126.709467,34.9980118],[126.7094582,34.9980365],[126.7094201,34.9980711],[126.7094167,34.9980695],[126.7094048,34.998064],[126.7093559,34.9980247],[126.7092801,34.9979633],[126.7092168,34.9979201],[126.7093482,34.9977963],[126.7092229,34.9977181],[126.7092471,34.9976982],[126.7093435,34.9976186],[126.7094474,34.9975294],[126.7093642,34.9974604],[126.7092978,34.9974052],[126.7092818,34.9973923],[126.7092547,34.9973709],[126.7092318,34.9973965],[126.7091565,34.9974643],[126.7091661,34.9974775],[126.7090145,34.9976261],[126.7089864,34.9976171],[126.7089792,34.9976235],[126.7088847,34.9977283],[126.7088114,34.9976902],[126.7087667,34.9976694],[126.7086399,34.997588],[126.7086222,34.9975787],[126.7085819,34.997584],[126.70855,34.9975767],[126.7085247,34.9975847],[126.7084855,34.9975915],[126.7084787,34.9975938],[126.7084276,34.9976103],[126.7083915,34.9976274],[126.7083611,34.9976397],[126.7082769,34.9976805],[126.7082123,34.9977149],[126.7081751,34.9977844],[126.7081234,34.9977881],[126.7080569,34.9977668],[126.7079881,34.9977662],[126.7078967,34.9977909],[126.7077731,34.9978196],[126.7077145,34.9978268],[126.7076124,34.9978478],[126.7075643,34.9978577],[126.7075033,34.9978744],[126.7073086,34.9979133],[126.7071692,34.9979391],[126.706963,34.9979853],[126.7068711,34.9979143],[126.7067301,34.9978844],[126.7064337,34.997812],[126.7062703,34.9977553],[126.7061881,34.997721],[126.706139,34.9974298],[126.7061583,34.997385],[126.7061518,34.9973794],[126.7060996,34.9973341],[126.7060912,34.9973253],[126.7060681,34.9973109],[126.7060446,34.9972922],[126.7059717,34.9973994],[126.7058535,34.9975829],[126.7057638,34.9976775],[126.7056948,34.9977443],[126.7056081,34.9977816],[126.7055328,34.9978079],[126.7053681,34.9978561],[126.7051704,34.9978456],[126.705156,34.9978443],[126.705101,34.9980635],[126.7050415,34.9982074],[126.7049867,34.9983229],[126.7049455,34.9983249],[126.7048998,34.998319],[126.7048813,34.998383],[126.7048919,34.9984479],[126.7048933,34.9984567],[126.704897,34.9984796],[126.7049689,34.9985447],[126.704929,34.9985512],[126.7048504,34.9984964],[126.704459,34.9984076],[126.7042721,34.9983946],[126.704133,34.9983154],[126.7040599,34.9982959],[126.7038543,34.9982106],[126.7037414,34.9981446],[126.703662,34.9981909],[126.7036135,34.998336],[126.7036632,34.9984085],[126.7036751,34.998427],[126.7036944,34.9984696],[126.7036969,34.9985137],[126.7036974,34.9985224],[126.7037119,34.9985779],[126.7037487,34.9986178],[126.7038048,34.9987175],[126.7037782,34.9987846],[126.7037344,34.9988425],[126.7036866,34.9989803],[126.7036767,34.9990065],[126.7036559,34.9990578],[126.7036404,34.9990901],[126.7036363,34.9991531],[126.7036685,34.9994274],[126.7036924,34.9996319],[126.703696,34.9996623],[126.7036794,34.9996625],[126.7029082,34.9996691],[126.7024619,34.9997431],[126.701634,34.9998578],[126.7009773,34.9999282],[126.7004618,34.9998986],[126.7000194,34.9997815],[126.6995697,34.9996343],[126.6991316,34.9993352],[126.698952,34.9992111],[126.6986561,34.9990067],[126.6985628,34.9989375],[126.6983376,34.9987701],[126.6980815,34.9985799],[126.696759,34.9977239],[126.6960556,34.9974065],[126.6955175,34.9971435],[126.6947211,34.9968798],[126.6941029,34.996885],[126.6931116,34.996976],[126.6927707,34.9970256],[126.6919073,34.9971487],[126.6907352,34.9974118],[126.6907365,34.9970361],[126.6904981,34.9970799]]]}},
{"type":"Feature","properties":{"BASE_DATE":"20250630","ADM_CD":"36040610","ADM_NM":"빛가람동"},"geometry":{"type":"Polygon","coordinates":[[[126.7875713,35.0302163],[126.787543,35.0303416],[126.7874438,35.0305175],[126.7874712,35.0305225],[126.7874294,35.03058],[126.7873704,35.0307886],[126.787354,35.0308466],[126.7873494,35.0308772],[126.7873373,35.0308976],[126.7872868,35.0309662],[126.7872662,35.0309986],[126.7871914,35.031134],[126.7870663,35.031333],[126.787025,35.0313959],[126.7869925,35.031449],[126.7869414,35.0315139],[126.7868818,35.0315839],[126.7868695,35.0315956],[126.7867875,35.0317071],[126.7867349,35.0317787],[126.7867131,35.0318084],[126.7866924,35.0318429],[126.7866483,35.0319354],[126.7866634,35.0319396],[126.7866749,35.0319427],[126.7866733,35.0319552],[126.7866515,35.0321266],[126.7866354,35.0321584],[126.7863959,35.0326332],[126.7863703,35.032647],[126.7862911,35.0326897],[126.7862575,35.0327536],[126.7862307,35.0327789],[126.7862092,35.0327993],[126.7861437,35.0328418],[126.7859686,35.0329555],[126.7858972,35.0330018],[126.7858373,35.0330498],[126.7858081,35.0330732],[126.7857556,35.033124],[126.7857093,35.0331689],[126.785707,35.0331711],[126.7857042,35.0331738],[126.7853431,35.033164],[126.7852065,35.0331603],[126.7849311,35.0331464],[126.7846404,35.0331318],[126.7846126,35.0331304],[126.7846071,35.0331301],[126.7843413,35.0331128],[126.7841836,35.0331002],[126.7841438,35.033097],[126.7839074,35.0330781],[126.7837755,35.0330658],[126.7836971,35.0330585],[126.7834869,35.0330388],[126.7834274,35.0330314],[126.7833299,35.0330194],[126.7832838,35.0330136],[126.7830308,35.0329823],[126.7829844,35.0329766],[126.7828706,35.0329641],[126.7828196,35.0329585],[126.7825347,35.0329192],[126.782422,35.0329037],[126.7823493,35.0328936],[126.7822918,35.0328847],[126.7822608,35.0328798],[126.7822284,35.0328748],[126.7822003,35.0328704],[126.7821647,35.0328649],[126.7820179,35.032842],[126.7818325,35.0328131],[126.7815675,35.0327654],[126.7815499,35.0327622],[126.7814348,35.0327415],[126.781262,35.0327104],[126.7811861,35.0326948],[126.7811815,35.0326939],[126.7808217,35.0326203],[126.780781,35.032612],[126.7807636,35.0326084],[126.7805004,35.0325497],[126.780389,35.0325248],[126.7801408,35.0324695],[126.7796267,35.0323404],[126.7796241,35.0323397],[126.779616,35.0323376],[126.7794522,35.0322944],[126.7791715,35.0322202],[126.7791692,35.0322195],[126.7790488,35.032184],[126.7788163,35.0321153],[126.7787971,35.0321097],[126.7787391,35.0320925],[126.7787063,35.0320829],[126.778707,35.0320777],[126.7787072,35.032076],[126.7787137,35.0320287],[126.7787244,35.0319501],[126.7787247,35.0319477],[126.7787402,35.0318113],[126.7787526,35.0317691],[126.7787645,35.0317287],[126.7787748,35.0316937],[126.7787755,35.03165],[126.7787758,35.0316236],[126.7787766,35.0315698],[126.778777,35.0315444],[126.7787805,35.0313044],[126.7787876,35.0311928],[126.7787959,35.0310618],[126.7788,35.0309969],[126.7787988,35.0309616],[126.7787683,35.0309471],[126.7787627,35.0309444],[126.7787324,35.0309299],[126.7787282,35.0308895],[126.7787379,35.0308829],[126.7787555,35.0308708],[126.7787786,35.0308549],[126.778795,35.0308436],[126.7787944,35.0308289],[126.7787931,35.0307933],[126.7787876,35.0306437],[126.7787826,35.030509],[126.7787821,35.0304957],[126.7787771,35.030451],[126.7787752,35.030434],[126.778773,35.0304153],[126.7787711,35.0303984],[126.778767,35.0303616],[126.7787414,35.0302354],[126.778731,35.0301846],[126.7787182,35.0301352],[126.778698,35.0300571],[126.7786693,35.0299415],[126.7786683,35.0299376],[126.7786417,35.0298376],[126.7786106,35.0297206],[126.7785916,35.0296473],[126.7785824,35.029612],[126.7785643,35.0295614],[126.7784874,35.0293459],[126.7784619,35.0292744],[126.7784436,35.0292232],[126.7784262,35.0291588],[126.7784111,35.0291031],[126.7783959,35.0290469],[126.7783884,35.0290192],[126.7783764,35.0289748],[126.7783733,35.0289632],[126.7783708,35.0289542],[126.7782857,35.028943],[126.7782456,35.0289376],[126.778194,35.0289308],[126.7781895,35.0289186],[126.7781789,35.0288897],[126.7781885,35.0288829],[126.7782494,35.0288401],[126.7782127,35.028756],[126.7781166,35.0286946],[126.7780468,35.0286501],[126.7780683,35.0285979],[126.7780732,35.0285862],[126.7781007,35.0285193],[126.7781059,35.0285066],[126.7779256,35.0280857],[126.7779223,35.028078],[126.7779075,35.0280433],[126.7778932,35.0280225],[126.7777285,35.0277833],[126.7776459,35.0276163],[126.7775437,35.027455],[126.7775427,35.0274531],[126.7774579,35.0272888],[126.7774316,35.0272125],[126.7774273,35.0272001],[126.7774262,35.0271969],[126.7774029,35.0271294],[126.777393,35.0271005],[126.7773679,35.027028],[126.7773532,35.0269817],[126.7773465,35.0269608],[126.77734,35.0269405],[126.7773027,35.0268467],[126.7772718,35.0267691],[126.777183,35.0266038],[126.7771161,35.0264917],[126.7770859,35.026441],[126.7770197,35.0262689],[126.7769649,35.0260935],[126.7769611,35.0260675],[126.7769545,35.0260223],[126.7769458,35.0259878],[126.7769429,35.0259762],[126.7769296,35.0259237],[126.7769226,35.0258958],[126.7769179,35.0258852],[126.7768733,35.0257852],[126.7768511,35.025744],[126.7768459,35.0257284],[126.7768393,35.0257091],[126.7768249,35.0256766],[126.7767673,35.0255477],[126.7767623,35.0255363],[126.7767591,35.0255293],[126.7767196,35.0254809],[126.7767193,35.0254806],[126.7766663,35.0254156],[126.7766565,35.0253974],[126.77663,35.0253761],[126.7766035,35.0253549],[126.7765552,35.0251611],[126.776552,35.025149],[126.7765494,35.0251394],[126.7764843,35.0248946],[126.776403,35.0246868],[126.7764062,35.0246833],[126.7763415,35.0245279],[126.7763401,35.0245304],[126.7762704,35.0243832],[126.7761774,35.0242191],[126.7761154,35.02412],[126.7760762,35.0240575],[126.7760665,35.0240347],[126.7760401,35.0239724],[126.7760339,35.023958],[126.7760148,35.023913],[126.7760055,35.0238911],[126.7760039,35.0238873],[126.7759323,35.0237832],[126.7759231,35.0237698],[126.7758945,35.0237282],[126.7758804,35.0236472],[126.7758783,35.0236421],[126.7758741,35.0236316],[126.7758226,35.0235557],[126.7758004,35.0234737],[126.7757716,35.0233677],[126.7757207,35.0232048],[126.7757165,35.0231858],[126.7757162,35.0231844],[126.7756804,35.0230251],[126.7755443,35.0225864],[126.7755122,35.0224755],[126.7755044,35.022453],[126.7754645,35.0223222],[126.7754421,35.022273],[126.7754399,35.022268],[126.7754201,35.0222204],[126.7754167,35.0222136],[126.7753821,35.0221449],[126.775381,35.0221428],[126.7753414,35.022083],[126.7753388,35.0220792],[126.7753308,35.0220668],[126.7753076,35.0220316],[126.7752453,35.0219368],[126.7752437,35.0219343],[126.7751771,35.0218329],[126.7751615,35.0218037],[126.775144,35.0217709],[126.7751067,35.021701],[126.7750005,35.0215021],[126.7749024,35.0213396],[126.7748806,35.0212961],[126.7748187,35.0211727],[126.7747549,35.0209994],[126.7746846,35.0208401],[126.7746799,35.0208294],[126.7745723,35.0206694],[126.7745224,35.0205698],[126.7744886,35.0205023],[126.7744504,35.0204363],[126.7743938,35.0203386],[126.774393,35.0203332],[126.7743779,35.0202297],[126.7743704,35.0201785],[126.7743667,35.0201535],[126.7743356,35.0200887],[126.7742661,35.0199436],[126.774222,35.0198517],[126.7742165,35.0198403],[126.7742202,35.0197808],[126.7742215,35.01976],[126.7742225,35.0197446],[126.7741958,35.0196957],[126.7741502,35.0196121],[126.7741081,35.0195348],[126.7740867,35.0194957],[126.7740617,35.0194498],[126.7739885,35.0193155],[126.7737258,35.0188335],[126.7736888,35.0187657],[126.773681,35.0187689],[126.7736087,35.0186477],[126.7735439,35.0185388],[126.7735329,35.0185203],[126.7734711,35.0184166],[126.7734467,35.0183756],[126.7734369,35.0183488],[126.773427,35.0183212],[126.7733071,35.0180682],[126.7732214,35.0179016],[126.7732111,35.0178939],[126.7731902,35.017878],[126.773155,35.0178678],[126.7731546,35.0178678],[126.7731314,35.0178661],[126.7731245,35.0178536],[126.7731107,35.0178286],[126.7731075,35.0178229],[126.7731048,35.0178181],[126.7730911,35.0177933],[126.7730678,35.0177512],[126.7730644,35.0177451],[126.7730632,35.017743],[126.7730965,35.0177221],[126.7731124,35.0176984],[126.7731167,35.0176814],[126.7731163,35.0176723],[126.7731157,35.017661],[126.7730781,35.0175625],[126.7730413,35.0174662],[126.7730411,35.0174657],[126.7729842,35.0173392],[126.7729663,35.017301],[126.7729149,35.0171206],[126.7729103,35.0171126],[126.7728469,35.0170025],[126.7728133,35.0169442],[126.7727797,35.0168685],[126.7727432,35.0167862],[126.7725427,35.0164633],[126.7725123,35.0164105],[126.7724357,35.0162772],[126.7724335,35.0162734],[126.7723184,35.0160732],[126.7722658,35.0159817],[126.7722599,35.0159714],[126.7721878,35.015798],[126.7721701,35.0157689],[126.7720895,35.0156356],[126.7719816,35.0154772],[126.771958,35.0154308],[126.771904,35.0153244],[126.7718962,35.0153091],[126.7717897,35.0151502],[126.7716483,35.0150155],[126.7716201,35.0149886],[126.7714933,35.0148548],[126.7714415,35.0148002],[126.7712655,35.0146145],[126.7711134,35.014454],[126.7711003,35.0144421],[126.7710899,35.0144327],[126.770963,35.014284],[126.7709218,35.0141948],[126.7709196,35.0141901],[126.7708978,35.0141431],[126.7708839,35.014113],[126.7708191,35.0139349],[126.7707164,35.0137746],[126.7706217,35.0136616],[126.7705912,35.0136251],[126.770431,35.0134972],[126.7703762,35.0134218],[126.7703287,35.0133547],[126.7702106,35.0131941],[126.7702029,35.0131836],[126.7701474,35.0131011],[126.7700964,35.0130252],[126.7700613,35.0129378],[126.7700256,35.0128488],[126.7700038,35.0128116],[126.7699369,35.0126972],[126.7699296,35.0126847],[126.7698151,35.0125324],[126.7698087,35.0125238],[126.7698055,35.0125228],[126.7697792,35.0125142],[126.7697293,35.0124717],[126.7697275,35.0124701],[126.7696998,35.0124464],[126.7696461,35.0124518],[126.7696449,35.0124489],[126.7696215,35.0123893],[126.7695884,35.0122999],[126.769539,35.0122356],[126.7694739,35.0121483],[126.7694272,35.0120909],[126.7693387,35.0120903],[126.7692333,35.0119124],[126.7690788,35.0116523],[126.7690173,35.0115485],[126.7689035,35.0113567],[126.7687338,35.0110704],[126.7685142,35.0107002],[126.768514,35.0106999],[126.7684048,35.0105159],[126.7683983,35.0105049],[126.7682704,35.0102892],[126.7682388,35.0102359],[126.7682235,35.0102102],[126.7680484,35.009915],[126.7680048,35.00987],[126.768003,35.0098682],[126.7679279,35.0097908],[126.7678855,35.0097471],[126.767675,35.0095302],[126.7676142,35.0094675],[126.7673556,35.0092011],[126.7673301,35.0091749],[126.7673147,35.0091589],[126.7673112,35.0091554],[126.767264,35.0091067],[126.7672305,35.0090722],[126.7670383,35.0088742],[126.7667573,35.0085846],[126.7666746,35.0084993],[126.7666463,35.0084689],[126.7665308,35.0083443],[126.7666029,35.008296],[126.7664826,35.0081694],[126.7663678,35.0080335],[126.7663587,35.0080228],[126.7663273,35.0079833],[126.7663155,35.0079487],[126.7663263,35.0078911],[126.7663401,35.0078167],[126.766338,35.0078113],[126.7663333,35.0077988],[126.766322,35.0077789],[126.7662953,35.0077544],[126.7662803,35.0077452],[126.766269,35.0077383],[126.7662225,35.0077267],[126.7661796,35.0077264],[126.7661428,35.0077358],[126.7661018,35.0076743],[126.7661372,35.0076507],[126.7662222,35.0075935],[126.7663334,35.0075168],[126.7663535,35.007507],[126.7665361,35.0073681],[126.7665776,35.0073466],[126.7666383,35.0073161],[126.766642,35.0073144],[126.7667307,35.0072744],[126.7667972,35.0072157],[126.7667954,35.0072001],[126.7667905,35.0071585],[126.7667892,35.0071475],[126.7668479,35.0071195],[126.7669591,35.0071077],[126.7673874,35.0071758],[126.7674063,35.0071788],[126.7675094,35.0071956],[126.7675079,35.0071987],[126.7674613,35.0072967],[126.7674335,35.0073552],[126.7674057,35.0073477],[126.7673513,35.0073332],[126.7672982,35.0073931],[126.7672819,35.0074281],[126.7672867,35.007481],[126.7673971,35.0075278],[126.7675099,35.0075692],[126.7677154,35.007631],[126.767699,35.0076736],[126.7678684,35.0077238],[126.7680096,35.0077708],[126.7681839,35.0078051],[126.7684261,35.0078232],[126.7684791,35.007863],[126.7685621,35.0076936],[126.7685854,35.0076611],[126.7685957,35.0076657],[126.7686185,35.0076758],[126.7686559,35.0076935],[126.7686719,35.0077011],[126.7687744,35.0077623],[126.7688437,35.0077345],[126.7688926,35.0077149],[126.7692763,35.0075788],[126.7694317,35.0075071],[126.7695069,35.0074724],[126.7695101,35.0074261],[126.7695584,35.0073365],[126.7695838,35.007274],[126.7695843,35.0072706],[126.769593,35.0071988],[126.7695905,35.0071317],[126.7695904,35.0071282],[126.7695833,35.0069352],[126.7695871,35.0069071],[126.7697494,35.0068949],[126.7698095,35.0068903],[126.7699211,35.0068932],[126.7700325,35.0068961],[126.7702514,35.0069085],[126.7702649,35.0069093],[126.7703016,35.0069112],[126.7705429,35.0069262],[126.7706777,35.0069345],[126.770711,35.0069252],[126.7707301,35.0069302],[126.7707308,35.0069303],[126.7707455,35.0069329],[126.7707738,35.0069379],[126.7708009,35.0069426],[126.7708395,35.0069495],[126.7709136,35.0069625],[126.7709272,35.0069649],[126.7710234,35.0069819],[126.7711308,35.006995],[126.7711702,35.0069934],[126.7712127,35.0069916],[126.7712211,35.0069913],[126.7712677,35.0069775],[126.7713162,35.0069522],[126.7713335,35.0069372],[126.7713661,35.0069183],[126.7714355,35.0069373],[126.7717084,35.0070266],[126.7721562,35.0071675],[126.7723882,35.0072652],[126.7724157,35.0072753],[126.7724628,35.0072926],[126.7729337,35.0075722],[126.7729416,35.0075789],[126.7732056,35.007823],[126.7732684,35.0078708],[126.7732419,35.0079011],[126.7732241,35.0079179],[126.7733631,35.0079755],[126.7736097,35.0081301],[126.7737537,35.0082006],[126.7739026,35.0082919],[126.7740439,35.0083687],[126.7740545,35.0083799],[126.7740753,35.0084021],[126.7741418,35.0084402],[126.7743226,35.0085432],[126.7745759,35.008745],[126.7746017,35.0087658],[126.7746198,35.0087802],[126.7747711,35.0089016],[126.7751222,35.0092305],[126.7753957,35.0094747],[126.775408,35.0094431],[126.7754951,35.0094889],[126.7755407,35.0095381],[126.7756099,35.0095529],[126.7757142,35.0095754],[126.775878,35.0095877],[126.7758919,35.0095888],[126.7759141,35.0095907],[126.7760132,35.0096077],[126.7762151,35.0096796],[126.776463,35.0099443],[126.7765235,35.0099057],[126.7765623,35.0099431],[126.7765636,35.0099443],[126.7766906,35.0100666],[126.7768222,35.01019],[126.7769173,35.0102792],[126.7771637,35.0104679],[126.7772153,35.0104929],[126.777283,35.0105258],[126.7772971,35.0105428],[126.7773964,35.0106626],[126.7774142,35.010721],[126.7774236,35.0107772],[126.77746,35.0108117],[126.7775426,35.010967],[126.7775757,35.0109656],[126.7778423,35.01106],[126.7779394,35.0110555],[126.7780479,35.011033],[126.7783253,35.0109757],[126.7783204,35.0109047],[126.77835,35.0108699],[126.7783741,35.0107962],[126.7783915,35.0107433],[126.7784443,35.0106665],[126.7784628,35.01065],[126.7785771,35.0105478],[126.7785866,35.0105117],[126.7785967,35.0104987],[126.7785797,35.010474],[126.7785742,35.0104661],[126.7785518,35.0104337],[126.7784997,35.0103583],[126.7784672,35.0103112],[126.778354,35.0101475],[126.7780524,35.0097109],[126.7780098,35.0096493],[126.7779387,35.0095463],[126.7779122,35.0095081],[126.7778974,35.0094866],[126.7782088,35.0094758],[126.7782175,35.0094899],[126.7782366,35.0095207],[126.7782379,35.0095227],[126.7782942,35.0096133],[126.7782944,35.0096136],[126.778438,35.0098447],[126.7786046,35.0101128],[126.7786336,35.0101596],[126.7786634,35.0102074],[126.7786639,35.0102083],[126.7787078,35.010279],[126.7787342,35.0103214],[126.7787361,35.0103244],[126.778748,35.0103435],[126.7787745,35.0103198],[126.7788331,35.0102765],[126.7790588,35.0102922],[126.7791405,35.0103317],[126.7791444,35.0103357],[126.7791996,35.010392],[126.7792819,35.0104705],[126.7793433,35.0105384],[126.7793523,35.0105461],[126.7793787,35.0105872],[126.779456,35.0107141],[126.779479,35.0107663],[126.7795132,35.0108119],[126.7795835,35.0108183],[126.7796441,35.0108488],[126.7796661,35.0108324],[126.7799599,35.0107619],[126.7800745,35.0107449],[126.78015,35.0107337],[126.7801635,35.0107317],[126.7801736,35.0107343],[126.7802162,35.010745],[126.7803886,35.0107884],[126.7805121,35.0108961],[126.7805653,35.0109741],[126.7805656,35.0110113],[126.7805695,35.0110704],[126.7806477,35.0111305],[126.7808834,35.0111993],[126.7810612,35.0112617],[126.7810866,35.0112453],[126.7811062,35.0112336],[126.7811121,35.0112238],[126.7811236,35.0112043],[126.7812294,35.0110255],[126.7813747,35.0108643],[126.7815326,35.0106947],[126.7815564,35.0106394],[126.781558,35.0106387],[126.7816186,35.0106111],[126.7816226,35.0105982],[126.7815522,35.0105525],[126.7814969,35.0104884],[126.7814681,35.0104516],[126.7813539,35.0103035],[126.7813208,35.0102608],[126.7812856,35.0102294],[126.7812444,35.0101998],[126.7812505,35.0101826],[126.7812277,35.0101406],[126.7811918,35.0100892],[126.7811773,35.0100684],[126.7811659,35.0100522],[126.7810629,35.0099404],[126.7810271,35.0098774],[126.7810126,35.0098513],[126.7808333,35.0095464],[126.7808313,35.009543],[126.7808267,35.0095268],[126.7808238,35.0095163],[126.78083,35.0094963],[126.7808793,35.009414],[126.7808847,35.0094052],[126.7808878,35.0093962],[126.7809104,35.0093319],[126.780933,35.0092285],[126.7809378,35.0091872],[126.7809512,35.0090721],[126.7812909,35.0088096],[126.7813204,35.0087868],[126.781331,35.008781],[126.7813786,35.0087553],[126.7814317,35.008706],[126.7815303,35.0086464],[126.7816493,35.0085745],[126.7816596,35.0085642],[126.7817583,35.0084648],[126.7817961,35.0084138],[126.7818129,35.0083912],[126.7818661,35.0083231],[126.7818965,35.0083052],[126.7819806,35.0082195],[126.7820605,35.0081441],[126.7820736,35.008131],[126.7821682,35.0080354],[126.78235,35.007894],[126.7824257,35.0078175],[126.7824301,35.0078105],[126.7825318,35.0076469],[126.7825659,35.0075676],[126.7827462,35.0074222],[126.7827793,35.0074015],[126.7829162,35.007275],[126.7829351,35.0072607],[126.7829908,35.0072249],[126.7831261,35.007138],[126.7831535,35.0071208],[126.783251,35.0070763],[126.7832859,35.0070161],[126.7833194,35.0069644],[126.7833857,35.0069332],[126.7833995,35.0069245],[126.7834307,35.0069099],[126.7836863,35.0068374],[126.7837251,35.0068345],[126.783829,35.0068306],[126.7838461,35.0068147],[126.7839591,35.0068229],[126.7839806,35.0068156],[126.7840024,35.006808],[126.7841118,35.0067795],[126.7841828,35.0067539],[126.7842811,35.0067183],[126.7842561,35.006681],[126.7843923,35.0065944],[126.7844768,35.0065588],[126.7846159,35.006476],[126.7845781,35.0064257],[126.7845761,35.006423],[126.7846441,35.0063624],[126.7847121,35.0063327],[126.7847809,35.0063164],[126.7847835,35.0063157],[126.7847851,35.0063179],[126.7848247,35.0063745],[126.784889,35.0064867],[126.7848984,35.0065013],[126.7849638,35.0064759],[126.7849835,35.0064682],[126.784994,35.0064618],[126.7851543,35.006389],[126.7852695,35.0063374],[126.7854531,35.0063037],[126.7855386,35.0063052],[126.7855529,35.0063055],[126.7857124,35.0063359],[126.7859219,35.0063881],[126.7861027,35.0063687],[126.7862212,35.0063957],[126.7863233,35.0064209],[126.7864357,35.0064634],[126.7864515,35.0064696],[126.7864947,35.0065047],[126.7866388,35.0065699],[126.7866925,35.0065774],[126.7866994,35.0065669],[126.7869786,35.0066826],[126.7870905,35.0066828],[126.7871875,35.0066829],[126.787321,35.00669],[126.7874622,35.0067513],[126.7875724,35.0067928],[126.7877927,35.0069129],[126.7881932,35.0069764],[126.7884757,35.006991],[126.7884733,35.0069837],[126.7884681,35.0069682],[126.7886307,35.0069536],[126.7887578,35.0069682],[126.7888787,35.0069814],[126.788902,35.0069827],[126.7889482,35.0069884],[126.7895162,35.0070586],[126.7896371,35.0070736],[126.7896602,35.0070735],[126.7898446,35.0070726],[126.7899082,35.0070723],[126.7899399,35.0070722],[126.7900098,35.0070762],[126.7900759,35.0070799],[126.7901197,35.0070824],[126.7901245,35.0070827],[126.790493,35.0071535],[126.7907029,35.0072285],[126.7909218,35.0073043],[126.7911752,35.0073563],[126.7913337,35.007443],[126.7913349,35.0074439],[126.7914186,35.007505],[126.7914568,35.0075329],[126.7915042,35.0075675],[126.791552,35.0076023],[126.7915924,35.0076317],[126.7916967,35.0077735],[126.7918011,35.0078871],[126.7918561,35.0079609],[126.7919335,35.0080612],[126.792014,35.0080913],[126.7921458,35.0082444],[126.792219,35.008319],[126.7922335,35.0083288],[126.7922807,35.0083605],[126.792296,35.0083707],[126.7923433,35.0084129],[126.7923668,35.0084452],[126.7924124,35.0085383],[126.7925464,35.008692],[126.7925459,35.0087147],[126.7925646,35.0087133],[126.7925655,35.0087141],[126.7926286,35.0087771],[126.7927823,35.0088557],[126.7928371,35.0088923],[126.7928394,35.0089025],[126.7928438,35.0089221],[126.7928543,35.00894],[126.7928826,35.0089884],[126.7929047,35.0090149],[126.7929319,35.0090285],[126.7929522,35.0090385],[126.7931067,35.0090398],[126.7934021,35.0090423],[126.7938233,35.0090479],[126.7938454,35.0090462],[126.7938729,35.0090268],[126.7942706,35.0087458],[126.7970674,35.0098398],[126.7971802,35.0098779],[126.7981439,35.0095051],[126.7982126,35.0094786],[126.7982682,35.0094684],[126.7982963,35.0094734],[126.7983491,35.0095217],[126.7984222,35.00957],[126.7984992,35.0095872],[126.7985651,35.0095733],[126.7986655,35.0095174],[126.798784,35.0094201],[126.7989599,35.0093211],[126.7990747,35.009269],[126.7993825,35.0091704],[126.7995359,35.0091259],[126.7996378,35.009105],[126.7998224,35.0090994],[126.7998281,35.0091114],[126.7998359,35.0091278],[126.7999072,35.00912],[126.7999179,35.0091029],[126.7999531,35.0090071],[126.7998694,35.0089435],[126.7998634,35.0089211],[126.7998683,35.0089006],[126.7998725,35.0088832],[126.8001642,35.0087233],[126.8002397,35.0086935],[126.8003463,35.0086718],[126.8004294,35.0086602],[126.8005243,35.0086208],[126.8006151,35.0085704],[126.8007488,35.0084628],[126.8008358,35.0083761],[126.8009144,35.0083128],[126.8010299,35.0082492],[126.8011304,35.0082086],[126.8012118,35.0081904],[126.8013026,35.0081902],[126.8013069,35.0081914],[126.8013875,35.0082145],[126.8014626,35.0082238],[126.801505,35.0082137],[126.8015727,35.0081806],[126.8018771,35.0079946],[126.8020379,35.0078854],[126.8021528,35.0078228],[126.8022708,35.0077624],[126.802432,35.0076991],[126.8026711,35.0075777],[126.8028247,35.0075052],[126.80294,35.0074747],[126.8032506,35.007411],[126.8033918,35.0073696],[126.8035519,35.0073133],[126.8036341,35.0072798],[126.8037699,35.0072106],[126.8038601,35.0071731],[126.8041214,35.0071824],[126.8041705,35.0071949],[126.8042073,35.0072044],[126.8043329,35.0072588],[126.8043541,35.0072572],[126.8044228,35.0072521],[126.8044788,35.0072344],[126.8045468,35.0071962],[126.8046185,35.0071352],[126.8046266,35.0071283],[126.8046938,35.0070488],[126.8047886,35.0069274],[126.8048998,35.0068301],[126.805026,35.0068107],[126.805048,35.0068079],[126.8050613,35.0068111],[126.8051078,35.0067833],[126.8051605,35.0067517],[126.8052106,35.0067366],[126.8052152,35.0067423],[126.8052508,35.006745],[126.8053634,35.0067276],[126.8053671,35.0067308],[126.8053865,35.0067708],[126.8054964,35.0067016],[126.805756,35.0065687],[126.8058321,35.0065185],[126.8059866,35.0064055],[126.8060549,35.0063756],[126.8061,35.0063559],[126.8062574,35.0063089],[126.8063026,35.0062872],[126.8064069,35.0062335],[126.8065034,35.0062027],[126.8066821,35.0061453],[126.8067738,35.0061287],[126.8068332,35.0061183],[126.8068499,35.0061154],[126.8069267,35.0061019],[126.8069617,35.0061019],[126.8069714,35.0060899],[126.8070621,35.006072],[126.8072292,35.006026],[126.8074309,35.0060785],[126.8078559,35.0061996],[126.8078255,35.0063682],[126.8078064,35.0064576],[126.8078036,35.0064733],[126.8077936,35.0065289],[126.8077295,35.0067833],[126.8077277,35.0068034],[126.8076975,35.0071378],[126.8076697,35.0072167],[126.80763,35.0072789],[126.8076088,35.007454],[126.8075328,35.0076971],[126.8075535,35.007701],[126.8075765,35.0077053],[126.8075617,35.0077173],[126.807476,35.0077872],[126.8074148,35.0078371],[126.8074417,35.0078955],[126.8074153,35.0078394],[126.8072379,35.0079612],[126.8072294,35.0080546],[126.8072326,35.0080577],[126.8072695,35.0080947],[126.8072832,35.0081157],[126.8072808,35.0081176],[126.8072439,35.0081462],[126.8072331,35.0081546],[126.8070659,35.0082998],[126.8066171,35.0086367],[126.8066327,35.0086427],[126.8068576,35.0087283],[126.8069615,35.0087678],[126.8069586,35.0087711],[126.8068259,35.008991],[126.8070825,35.009011],[126.807083,35.0090153],[126.8071272,35.0091018],[126.8071442,35.0091815],[126.807187,35.0092614],[126.8072461,35.009348],[126.8072947,35.0095008],[126.8072855,35.0096142],[126.8072598,35.010076],[126.8069288,35.0103124],[126.8069854,35.0105711],[126.8072588,35.0107393],[126.8073763,35.010784],[126.8073786,35.0109335],[126.8073803,35.0110422],[126.8073816,35.0110424],[126.8074911,35.0110565],[126.807624,35.011042],[126.8076881,35.0110702],[126.8077658,35.0113144],[126.8078671,35.0116394],[126.8078988,35.0119493],[126.8079039,35.0122428],[126.8078986,35.0126236],[126.8079276,35.0130164],[126.8079225,35.0130347],[126.8077721,35.0135772],[126.8077641,35.0137057],[126.8077273,35.0137774],[126.8077519,35.0138148],[126.8076706,35.0141067],[126.807658,35.0141732],[126.8076565,35.0143025],[126.8076564,35.0143258],[126.8076432,35.0143785],[126.8075989,35.01446],[126.8075621,35.0146318],[126.8074023,35.0149245],[126.8073092,35.0150586],[126.8073053,35.0150623],[126.8072883,35.0150784],[126.8070405,35.0153233],[126.8068493,35.0155088],[126.8066503,35.0157053],[126.8065198,35.0158421],[126.8063833,35.0159811],[126.8063365,35.0160539],[126.8062965,35.0161128],[126.8062967,35.0161158],[126.8063009,35.0161826],[126.8063261,35.0163612],[126.8063262,35.0163933],[126.8063264,35.0165097],[126.8063632,35.0170664],[126.8063642,35.0170802],[126.806387,35.0171069],[126.8063883,35.0171692],[126.8063599,35.0171975],[126.806353,35.0174437],[126.8063636,35.0174769],[126.8063762,35.0175165],[126.8063743,35.017517],[126.8063333,35.0175305],[126.8062873,35.0175457],[126.8062736,35.0175503],[126.8062463,35.0175492],[126.8062196,35.0175482],[126.8061647,35.017546],[126.806146,35.017529],[126.8061523,35.0175399],[126.8061877,35.0176895],[126.8061991,35.0177474],[126.8061907,35.0177822],[126.8062316,35.0177977],[126.8062395,35.017882],[126.8062396,35.0179563],[126.8062398,35.0179595],[126.8062444,35.0180294],[126.8062479,35.0181636],[126.8062057,35.0182805],[126.806195,35.0183502],[126.8061903,35.0183805],[126.8062127,35.018476],[126.8062203,35.0185442],[126.8062777,35.0186892],[126.8062782,35.0186904],[126.8062807,35.0187047],[126.806293,35.0187744],[126.8062846,35.0189206],[126.8062508,35.0189092],[126.8062462,35.0189726],[126.8062428,35.0190184],[126.806284,35.0192485],[126.8062943,35.0193061],[126.8062973,35.0194069],[126.8062995,35.0194782],[126.806301,35.0196132],[126.8062515,35.0196964],[126.8061834,35.0197601],[126.8061071,35.0197744],[126.8059989,35.0198097],[126.8060041,35.0198471],[126.8060518,35.0199809],[126.8060527,35.0199837],[126.8060772,35.0200574],[126.8060714,35.0201487],[126.8060336,35.020304],[126.8059968,35.0204666],[126.805996,35.0204911],[126.8059928,35.0206633],[126.8059766,35.0207642],[126.805922,35.0208834],[126.8059061,35.0209765],[126.8059063,35.0209832],[126.8058588,35.0211233],[126.8058438,35.0211542],[126.805842,35.0211579],[126.8058109,35.0212207],[126.8057897,35.0212695],[126.8057891,35.0212708],[126.8057668,35.0213119],[126.8057368,35.021406],[126.8057301,35.0214304],[126.8057195,35.0214931],[126.8057081,35.0215056],[126.8056744,35.0215176],[126.8056963,35.0215309],[126.8056948,35.021535],[126.8056759,35.0215854],[126.8056703,35.0216005],[126.8056705,35.0216016],[126.80569,35.0216952],[126.805682,35.0218038],[126.8056605,35.0218766],[126.8056576,35.0218865],[126.8055929,35.0220818],[126.8055852,35.0221566],[126.8055849,35.0223276],[126.8055697,35.0224817],[126.8055627,35.0224807],[126.8055606,35.0225043],[126.8055248,35.0225947],[126.8054767,35.0226716],[126.8054366,35.0227012],[126.805391,35.0227649],[126.8052516,35.0229595],[126.8051164,35.0231946],[126.8051158,35.0231956],[126.8051058,35.023213],[126.8050086,35.0233973],[126.8048851,35.0236117],[126.8048489,35.0237505],[126.8048286,35.0238475],[126.8048283,35.0239897],[126.8048286,35.0239938],[126.8048354,35.0241195],[126.8048181,35.0241434],[126.8047789,35.0245009],[126.8047782,35.0245081],[126.8047465,35.0246838],[126.8047462,35.0248672],[126.8047398,35.0250976],[126.8047243,35.0252496],[126.8046957,35.0253991],[126.8046649,35.0255959],[126.8045275,35.0256308],[126.8043446,35.0256601],[126.8041565,35.0256352],[126.8039235,35.0255981],[126.8038484,35.0255848],[126.8038136,35.0255786],[126.8037691,35.0255664],[126.8037075,35.0255565],[126.8033248,35.0254453],[126.8033364,35.0255191],[126.8033368,35.0255217],[126.803319,35.0255158],[126.8032592,35.0255077],[126.8031026,35.0254114],[126.8027815,35.0252138],[126.802738,35.0252192],[126.8027143,35.0251922],[126.802663,35.0250996],[126.8025674,35.0249273],[126.8024437,35.0247414],[126.8024308,35.0247601],[126.8024172,35.0247842],[126.8023139,35.0248469],[126.8022549,35.0248826],[126.8021614,35.0248761],[126.8020377,35.0249678],[126.801877,35.0250198],[126.8017405,35.0250468],[126.8014114,35.0251024],[126.8013252,35.0251194],[126.8012041,35.0251409],[126.8011466,35.0251512],[126.8009692,35.0251842],[126.8008858,35.0251996],[126.8007632,35.0252777],[126.800659,35.025344],[126.8006462,35.0253521],[126.8003807,35.0255211],[126.800284,35.0255827],[126.8001521,35.0257699],[126.8001536,35.025795],[126.8001055,35.0258533],[126.8000856,35.0258749],[126.800036,35.0259233],[126.8000198,35.0259391],[126.7999198,35.0260442],[126.7998931,35.0260459],[126.7998532,35.0261114],[126.799835,35.0261068],[126.7998217,35.0261274],[126.7997019,35.0263136],[126.7996299,35.0264332],[126.7995232,35.0265949],[126.7994544,35.0266829],[126.7993968,35.0267302],[126.7993752,35.0267555],[126.7992685,35.0268802],[126.7991933,35.0269678],[126.7991806,35.0269827],[126.7991613,35.0270051],[126.7991512,35.0270067],[126.7990947,35.0270159],[126.7990916,35.0270243],[126.7990886,35.0270322],[126.7990843,35.0270438],[126.7990803,35.0270546],[126.7990738,35.0270804],[126.7990669,35.0270953],[126.7990503,35.027131],[126.7990474,35.0271377],[126.799044,35.0271459],[126.7990074,35.0272274],[126.7989907,35.0272658],[126.7989847,35.0272794],[126.798933,35.0273984],[126.7988402,35.0275618],[126.7987689,35.0277252],[126.7987662,35.0277312],[126.7987458,35.0277789],[126.7987397,35.0277931],[126.7987082,35.0278669],[126.7986932,35.0279017],[126.7986692,35.027963],[126.7986251,35.0280752],[126.7985334,35.02824],[126.7985168,35.0282702],[126.7984432,35.0284044],[126.7983502,35.0285675],[126.7983274,35.0286111],[126.7982633,35.0287331],[126.7982076,35.028831],[126.7981125,35.0289931],[126.7980508,35.0291126],[126.7980282,35.0291558],[126.7980025,35.0291898],[126.7979973,35.0291968],[126.7980007,35.0292886],[126.7980298,35.0295152],[126.7980644,35.0295467],[126.7980832,35.0295637],[126.7981392,35.0296025],[126.7982238,35.0296498],[126.7983793,35.0297375],[126.7983727,35.0297563],[126.7983496,35.0297826],[126.798347,35.0298213],[126.7982824,35.0299537],[126.7982171,35.0301501],[126.7981823,35.0302266],[126.7981518,35.0302936],[126.7980679,35.0304855],[126.7980089,35.0306197],[126.7979409,35.0307327],[126.7979372,35.0307387],[126.7979373,35.0306934],[126.7979376,35.0305],[126.7979382,35.0301333],[126.7979372,35.0299212],[126.7978964,35.0299069],[126.797839,35.0299071],[126.7977889,35.0299436],[126.7976407,35.0300841],[126.7975635,35.0301489],[126.7975047,35.0301906],[126.7974762,35.0302098],[126.7974574,35.0302225],[126.7974527,35.0302256],[126.79752,35.0302853],[126.7974197,35.0303907],[126.7973708,35.0304467],[126.7972574,35.030607],[126.7972247,35.0306688],[126.7971708,35.0307706],[126.7971633,35.0307842],[126.797171,35.0307905],[126.7971378,35.0308306],[126.7971217,35.0308597],[126.7970803,35.0309346],[126.7970474,35.0309987],[126.7969949,35.0311006],[126.796904,35.0312682],[126.7968205,35.0314152],[126.7968098,35.0314302],[126.7967998,35.0314482],[126.7967846,35.0314756],[126.7967919,35.0314819],[126.7968154,35.0315202],[126.796792,35.031545],[126.7966206,35.0317463],[126.7964599,35.031932],[126.7963665,35.032038],[126.7963579,35.0320431],[126.7963462,35.03205],[126.7962404,35.0321123],[126.7961396,35.032136],[126.7961133,35.0321333],[126.7960343,35.0321254],[126.7960259,35.0321245],[126.7959408,35.0321159],[126.7959204,35.0321139],[126.7958236,35.0321148],[126.7957961,35.0321186],[126.7957233,35.0321288],[126.7956669,35.0321505],[126.795606,35.0321521],[126.7955841,35.0321309],[126.7955709,35.0321183],[126.7955239,35.0321363],[126.795484,35.0321517],[126.7953308,35.0322093],[126.795094,35.0322554],[126.795046,35.0322588],[126.7950418,35.0322582],[126.7949911,35.0322695],[126.7949889,35.0322625],[126.7948287,35.0322933],[126.7946067,35.0323401],[126.7944005,35.0323803],[126.7942584,35.032401],[126.7941485,35.0323943],[126.7940217,35.0323633],[126.793906,35.0323363],[126.7937944,35.0323093],[126.7936192,35.0322679],[126.7934307,35.0322915],[126.7933327,35.0323194],[126.7932034,35.0323507],[126.7931606,35.0323944],[126.7931424,35.0324129],[126.7931401,35.0324152],[126.7931372,35.0324144],[126.7931148,35.0324083],[126.7931131,35.0324079],[126.793083,35.0323997],[126.7930725,35.0323969],[126.7930497,35.0323908],[126.7930194,35.0323826],[126.7929944,35.0324199],[126.792817,35.0323963],[126.7925488,35.0323052],[126.7922589,35.0322509],[126.7922594,35.0322286],[126.7922577,35.0322228],[126.7922672,35.0321823],[126.7922781,35.0320946],[126.7922681,35.0320583],[126.7922651,35.0320082],[126.7922685,35.0320016],[126.7922786,35.0319844],[126.792322,35.0319325],[126.7923287,35.0319151],[126.7923371,35.0318933],[126.7923907,35.0318537],[126.7924558,35.0317735],[126.7925291,35.0317326],[126.7925529,35.031686],[126.7925342,35.0316326],[126.792532,35.0316262],[126.7924847,35.0315721],[126.7924679,35.0315529],[126.7924797,35.0315506],[126.7924872,35.0315327],[126.7924905,35.0315165],[126.7924948,35.0315149],[126.792448,35.031432],[126.7924421,35.0314319],[126.7924241,35.0314353],[126.7924169,35.0314283],[126.7924036,35.0314157],[126.7924014,35.0314085],[126.792405,35.0314073],[126.7924259,35.0313985],[126.792396,35.0313497],[126.7923921,35.0313244],[126.792417,35.0313146],[126.7923841,35.0312393],[126.7923616,35.0312073],[126.7922141,35.0312053],[126.7922122,35.0312326],[126.7922104,35.0312325],[126.7921937,35.0312316],[126.7921404,35.0312385],[126.7921374,35.0312374],[126.7921302,35.0312398],[126.7920869,35.03126],[126.7920785,35.031264],[126.7920684,35.0312681],[126.7920654,35.0312811],[126.7920657,35.0312955],[126.7920639,35.0313087],[126.7920141,35.031335],[126.7920009,35.0313711],[126.7919987,35.0313704],[126.7918189,35.0314096],[126.7917044,35.0314934],[126.7917131,35.031521],[126.7916843,35.031542],[126.7916566,35.0315381],[126.7916122,35.0315624],[126.7916175,35.0315977],[126.79161,35.0316141],[126.7915539,35.0316592],[126.7914304,35.0317275],[126.7913949,35.0317372],[126.791376,35.0317285],[126.7912999,35.0317489],[126.7912843,35.0317401],[126.791256,35.0317578],[126.7911557,35.0317622],[126.7910007,35.0317277],[126.7909053,35.0317075],[126.7908927,35.031707],[126.7908756,35.0317063],[126.7908426,35.031705],[126.7908212,35.0317041],[126.7908072,35.0317036],[126.7907467,35.0316218],[126.7906923,35.0315561],[126.7906612,35.031487],[126.7906258,35.0314109],[126.790616,35.0313898],[126.7906107,35.0313703],[126.7906037,35.0313447],[126.7905949,35.0313125],[126.790594,35.0313092],[126.7906132,35.0312913],[126.790612,35.0313043],[126.7907799,35.0312508],[126.7906942,35.0308732],[126.7906962,35.0308711],[126.7907223,35.0308439],[126.7907257,35.0307706],[126.7907005,35.0306733],[126.7906988,35.0306695],[126.7906498,35.0305587],[126.7906396,35.0305245],[126.7906344,35.0305069],[126.7906294,35.0304383],[126.7906285,35.0303712],[126.7906445,35.0302733],[126.7906677,35.0302301],[126.7907036,35.0301863],[126.7907341,35.0301003],[126.7907594,35.030061],[126.7908199,35.0299871],[126.7909445,35.0298589],[126.7910264,35.0297744],[126.7910677,35.0297492],[126.7910784,35.0296112],[126.7908579,35.0295164],[126.7907897,35.0294875],[126.790653,35.0293895],[126.7905749,35.0293589],[126.7903847,35.0292578],[126.7901563,35.0292282],[126.7900533,35.0292505],[126.7899669,35.0292449],[126.7899476,35.0292437],[126.789948,35.0292333],[126.7897857,35.0293289],[126.7897561,35.0293463],[126.7896712,35.0293961],[126.7895376,35.0294764],[126.7894254,35.0295848],[126.7894348,35.0297278],[126.7894352,35.0297336],[126.7894711,35.0298463],[126.7894962,35.0299253],[126.7896439,35.0300948],[126.7897447,35.0302798],[126.7897461,35.0302824],[126.7898108,35.0304068],[126.7898363,35.0304555],[126.7898423,35.030467],[126.7898176,35.0304737],[126.7898412,35.0304977],[126.7898776,35.0305014],[126.7899012,35.0305238],[126.7899316,35.0305344],[126.789984,35.0306135],[126.7900382,35.0307282],[126.7900256,35.030803],[126.7899876,35.0309235],[126.7899175,35.031024],[126.7899078,35.0310189],[126.7897678,35.0309623],[126.7897534,35.0309573],[126.7896052,35.0308698],[126.789397,35.0307454],[126.7892321,35.0306629],[126.7890862,35.0305978],[126.7889531,35.0305565],[126.7887723,35.0305188],[126.788701,35.0305196],[126.7886508,35.0304647],[126.7886307,35.0304428],[126.7885639,35.0302991],[126.7882026,35.0300574],[126.7880259,35.0299272],[126.7880073,35.029913],[126.7878402,35.0297855],[126.7878314,35.0297788],[126.7877987,35.0298341],[126.7877748,35.0298209],[126.7875713,35.0302163]]]}}
]
}
